DATAFLOW,LAST UPDATE,freq,unit,geo,TIME_PERIOD,OBS_VALUE,OBS_FLAG,CONF_STATUS
ESTAT:TPS00003(1.0),02/04/25 23:00:00,Annuel,Personnes par kilomètre carré,Albanie,2012,100.7,,
ESTAT:TPS00003(1.0),02/04/25 23:00:00,Annuel,Personnes par kilomètre carré,Albanie,2013,100.6,,
ESTAT:TPS00003(1.0),02/04/25 23:00:00,Annuel,Personnes par kilomètre carré,Albanie,2014,100.4,,
ESTAT:TPS00003(1.0),02/04/25 23:00:00,Annuel,Personnes par kilomètre carré,Albanie,2015,100.1,,
ESTAT:TPS00003(1.0),02/04/25 23:00:00,Annuel,Personnes par kilomètre carré,Albanie,2016,99.9,,
ESTAT:TPS00003(1.0),02/04/25 23:00:00,Annuel,Personnes par kilomètre carré,Albanie,2017,99.8,,
ESTAT:TPS00003(1.0),02/04/25 23:00:00,Annuel,Personnes par kilomètre carré,Albanie,2018,99.6,,
ESTAT:TPS00003(1.0),02/04/25 23:00:00,Annuel,Personnes par kilomètre carré,Albanie,2019,99.1,,
ESTAT:TPS00003(1.0),02/04/25 23:00:00,Annuel,Personnes par kilomètre carré,Albanie,2020,101.6,e,
ESTAT:TPS00003(1.0),02/04/25 23:00:00,Annuel,Personnes par kilomètre carré,Albanie,2021,101.0,e,
ESTAT:TPS00003(1.0),02/04/25 23:00:00,Annuel,Personnes par kilomètre carré,Albanie,2022,98.8,e,
ESTAT:TPS00003(1.0),02/04/25 23:00:00,Annuel,Personnes par kilomètre carré,Autriche,2012,102.3,,
ESTAT:TPS00003(1.0),02/04/25 23:00:00,Annuel,Personnes par kilomètre carré,Autriche,2013,102.9,,
ESTAT:TPS00003(1.0),02/04/25 23:00:00,Annuel,Personnes par kilomètre carré,Autriche,2014,103.7,,
ESTAT:TPS00003(1.0),02/04/25 23:00:00,Annuel,Personnes par kilomètre carré,Autriche,2015,104.9,,
ESTAT:TPS00003(1.0),02/04/25 23:00:00,Annuel,Personnes par kilomètre carré,Autriche,2016,106.0,b,
ESTAT:TPS00003(1.0),02/04/25 23:00:00,Annuel,Personnes par kilomètre carré,Autriche,2017,106.8,,
ESTAT:TPS00003(1.0),02/04/25 23:00:00,Annuel,Personnes par kilomètre carré,Autriche,2018,107.1,,
ESTAT:TPS00003(1.0),02/04/25 23:00:00,Annuel,Personnes par kilomètre carré,Autriche,2019,107.6,,
ESTAT:TPS00003(1.0),02/04/25 23:00:00,Annuel,Personnes par kilomètre carré,Autriche,2020,107.6,,
ESTAT:TPS00003(1.0),02/04/25 23:00:00,Annuel,Personnes par kilomètre carré,Autriche,2021,108.1,,
ESTAT:TPS00003(1.0),02/04/25 23:00:00,Annuel,Personnes par kilomètre carré,Autriche,2022,109.6,,
ESTAT:TPS00003(1.0),02/04/25 23:00:00,Annuel,Personnes par kilomètre carré,Autriche,2023,110.7,,
ESTAT:TPS00003(1.0),02/04/25 23:00:00,Annuel,Personnes par kilomètre carré,Belgique,2012,366.3,,
ESTAT:TPS00003(1.0),02/04/25 23:00:00,Annuel,Personnes par kilomètre carré,Belgique,2013,368.0,,
ESTAT:TPS00003(1.0),02/04/25 23:00:00,Annuel,Personnes par kilomètre carré,Belgique,2014,369.6,,
ESTAT:TPS00003(1.0),02/04/25 23:00:00,Annuel,Personnes par kilomètre carré,Belgique,2015,371.8,,
ESTAT:TPS00003(1.0),02/04/25 23:00:00,Annuel,Personnes par kilomètre carré,Belgique,2016,373.7,b,
ESTAT:TPS00003(1.0),02/04/25 23:00:00,Annuel,Personnes par kilomètre carré,Belgique,2017,373.6,,
ESTAT:TPS00003(1.0),02/04/25 23:00:00,Annuel,Personnes par kilomètre carré,Belgique,2018,375.3,,
ESTAT:TPS00003(1.0),02/04/25 23:00:00,Annuel,Personnes par kilomètre carré,Belgique,2019,377.3,,
ESTAT:TPS00003(1.0),02/04/25 23:00:00,Annuel,Personnes par kilomètre carré,Belgique,2020,377.3,,
ESTAT:TPS00003(1.0),02/04/25 23:00:00,Annuel,Personnes par kilomètre carré,Belgique,2021,378.9,,
ESTAT:TPS00003(1.0),02/04/25 23:00:00,Annuel,Personnes par kilomètre carré,Belgique,2022,383.6,,
ESTAT:TPS00003(1.0),02/04/25 23:00:00,Annuel,Personnes par kilomètre carré,Belgique,2023,386.8,,
ESTAT:TPS00003(1.0),02/04/25 23:00:00,Annuel,Personnes par kilomètre carré,Bulgarie,2012,67.1,,
ESTAT:TPS00003(1.0),02/04/25 23:00:00,Annuel,Personnes par kilomètre carré,Bulgarie,2013,66.7,,
ESTAT:TPS00003(1.0),02/04/25 23:00:00,Annuel,Personnes par kilomètre carré,Bulgarie,2014,66.3,,
ESTAT:TPS00003(1.0),02/04/25 23:00:00,Annuel,Personnes par kilomètre carré,Bulgarie,2015,66.2,,
ESTAT:TPS00003(1.0),02/04/25 23:00:00,Annuel,Personnes par kilomètre carré,Bulgarie,2016,64.8,b,
ESTAT:TPS00003(1.0),02/04/25 23:00:00,Annuel,Personnes par kilomètre carré,Bulgarie,2017,64.3,,
ESTAT:TPS00003(1.0),02/04/25 23:00:00,Annuel,Personnes par kilomètre carré,Bulgarie,2018,63.9,,
ESTAT:TPS00003(1.0),02/04/25 23:00:00,Annuel,Personnes par kilomètre carré,Bulgarie,2019,63.4,,
ESTAT:TPS00003(1.0),02/04/25 23:00:00,Annuel,Personnes par kilomètre carré,Bulgarie,2020,63.4,,
ESTAT:TPS00003(1.0),02/04/25 23:00:00,Annuel,Personnes par kilomètre carré,Bulgarie,2021,63.0,,
ESTAT:TPS00003(1.0),02/04/25 23:00:00,Annuel,Personnes par kilomètre carré,Bulgarie,2022,58.8,,
ESTAT:TPS00003(1.0),02/04/25 23:00:00,Annuel,Personnes par kilomètre carré,Bulgarie,2023,58.6,,
ESTAT:TPS00003(1.0),02/04/25 23:00:00,Annuel,Personnes par kilomètre carré,Suisse,2012,199.9,,
ESTAT:TPS00003(1.0),02/04/25 23:00:00,Annuel,Personnes par kilomètre carré,Suisse,2013,202.3,,
ESTAT:TPS00003(1.0),02/04/25 23:00:00,Annuel,Personnes par kilomètre carré,Suisse,2014,204.7,,
ESTAT:TPS00003(1.0),02/04/25 23:00:00,Annuel,Personnes par kilomètre carré,Suisse,2015,207.1,,
ESTAT:TPS00003(1.0),02/04/25 23:00:00,Annuel,Personnes par kilomètre carré,Suisse,2016,210.1,b,
ESTAT:TPS00003(1.0),02/04/25 23:00:00,Annuel,Personnes par kilomètre carré,Suisse,2017,212.0,,
ESTAT:TPS00003(1.0),02/04/25 23:00:00,Annuel,Personnes par kilomètre carré,Suisse,2018,213.6,,
ESTAT:TPS00003(1.0),02/04/25 23:00:00,Annuel,Personnes par kilomètre carré,Suisse,2019,215.1,,
ESTAT:TPS00003(1.0),02/04/25 23:00:00,Annuel,Personnes par kilomètre carré,Suisse,2020,215.1,,
ESTAT:TPS00003(1.0),02/04/25 23:00:00,Annuel,Personnes par kilomètre carré,Suisse,2021,216.7,,
ESTAT:TPS00003(1.0),02/04/25 23:00:00,Annuel,Personnes par kilomètre carré,Suisse,2022,220.2,,
ESTAT:TPS00003(1.0),02/04/25 23:00:00,Annuel,Personnes par kilomètre carré,Suisse,2023,223.0,,
ESTAT:TPS00003(1.0),02/04/25 23:00:00,Annuel,Personnes par kilomètre carré,Chypre,2012,93.8,,
ESTAT:TPS00003(1.0),02/04/25 23:00:00,Annuel,Personnes par kilomètre carré,Chypre,2013,93.5,,
ESTAT:TPS00003(1.0),02/04/25 23:00:00,Annuel,Personnes par kilomètre carré,Chypre,2014,92.5,,
ESTAT:TPS00003(1.0),02/04/25 23:00:00,Annuel,Personnes par kilomètre carré,Chypre,2015,92.0,,
ESTAT:TPS00003(1.0),02/04/25 23:00:00,Annuel,Personnes par kilomètre carré,Chypre,2016,92.4,b,
ESTAT:TPS00003(1.0),02/04/25 23:00:00,Annuel,Personnes par kilomètre carré,Chypre,2017,93.3,,
ESTAT:TPS00003(1.0),02/04/25 23:00:00,Annuel,Personnes par kilomètre carré,Chypre,2018,94.4,,
ESTAT:TPS00003(1.0),02/04/25 23:00:00,Annuel,Personnes par kilomètre carré,Chypre,2019,95.7,,
ESTAT:TPS00003(1.0),02/04/25 23:00:00,Annuel,Personnes par kilomètre carré,Chypre,2020,95.7,,
ESTAT:TPS00003(1.0),02/04/25 23:00:00,Annuel,Personnes par kilomètre carré,Chypre,2021,96.8,,
ESTAT:TPS00003(1.0),02/04/25 23:00:00,Annuel,Personnes par kilomètre carré,Chypre,2022,100.6,b,
ESTAT:TPS00003(1.0),02/04/25 23:00:00,Annuel,Personnes par kilomètre carré,Chypre,2023,104.0,b,
ESTAT:TPS00003(1.0),02/04/25 23:00:00,Annuel,Personnes par kilomètre carré,Tchéquie,2012,136.1,,
ESTAT:TPS00003(1.0),02/04/25 23:00:00,Annuel,Personnes par kilomètre carré,Tchéquie,2013,136.1,,
ESTAT:TPS00003(1.0),02/04/25 23:00:00,Annuel,Personnes par kilomètre carré,Tchéquie,2014,136.3,,
ESTAT:TPS00003(1.0),02/04/25 23:00:00,Annuel,Personnes par kilomètre carré,Tchéquie,2015,136.6,,
ESTAT:TPS00003(1.0),02/04/25 23:00:00,Annuel,Personnes par kilomètre carré,Tchéquie,2016,136.8,b,
ESTAT:TPS00003(1.0),02/04/25 23:00:00,Annuel,Personnes par kilomètre carré,Tchéquie,2017,137.2,,
ESTAT:TPS00003(1.0),02/04/25 23:00:00,Annuel,Personnes par kilomètre carré,Tchéquie,2018,137.7,,
ESTAT:TPS00003(1.0),02/04/25 23:00:00,Annuel,Personnes par kilomètre carré,Tchéquie,2019,138.2,,
ESTAT:TPS00003(1.0),02/04/25 23:00:00,Annuel,Personnes par kilomètre carré,Tchéquie,2020,138.2,,
ESTAT:TPS00003(1.0),02/04/25 23:00:00,Annuel,Personnes par kilomètre carré,Tchéquie,2021,138.6,,
ESTAT:TPS00003(1.0),02/04/25 23:00:00,Annuel,Personnes par kilomètre carré,Tchéquie,2022,138.2,,
ESTAT:TPS00003(1.0),02/04/25 23:00:00,Annuel,Personnes par kilomètre carré,Tchéquie,2023,140.7,,
ESTAT:TPS00003(1.0),02/04/25 23:00:00,Annuel,Personnes par kilomètre carré,Allemagne,2012,225.2,,
ESTAT:TPS00003(1.0),02/04/25 23:00:00,Annuel,Personnes par kilomètre carré,Allemagne,2013,225.8,,
ESTAT:TPS00003(1.0),02/04/25 23:00:00,Annuel,Personnes par kilomètre carré,Allemagne,2014,226.5,,
ESTAT:TPS00003(1.0),02/04/25 23:00:00,Annuel,Personnes par kilomètre carré,Allemagne,2015,228.4,,
ESTAT:TPS00003(1.0),02/04/25 23:00:00,Annuel,Personnes par kilomètre carré,Allemagne,2016,233.1,b,
ESTAT:TPS00003(1.0),02/04/25 23:00:00,Annuel,Personnes par kilomètre carré,Allemagne,2017,234.0,,
ESTAT:TPS00003(1.0),02/04/25 23:00:00,Annuel,Personnes par kilomètre carré,Allemagne,2018,234.7,,
ESTAT:TPS00003(1.0),02/04/25 23:00:00,Annuel,Personnes par kilomètre carré,Allemagne,2019,235.2,,
ESTAT:TPS00003(1.0),02/04/25 23:00:00,Annuel,Personnes par kilomètre carré,Allemagne,2020,235.2,,
ESTAT:TPS00003(1.0),02/04/25 23:00:00,Annuel,Personnes par kilomètre carré,Allemagne,2021,235.4,,
ESTAT:TPS00003(1.0),02/04/25 23:00:00,Annuel,Personnes par kilomètre carré,Allemagne,2022,235.4,b,
ESTAT:TPS00003(1.0),02/04/25 23:00:00,Annuel,Personnes par kilomètre carré,Allemagne,2023,235.8,b,
ESTAT:TPS00003(1.0),02/04/25 23:00:00,Annuel,Personnes par kilomètre carré,Danemark,2012,130.4,,
ESTAT:TPS00003(1.0),02/04/25 23:00:00,Annuel,Personnes par kilomètre carré,Danemark,2013,130.8,,
ESTAT:TPS00003(1.0),02/04/25 23:00:00,Annuel,Personnes par kilomètre carré,Danemark,2014,131.5,,
ESTAT:TPS00003(1.0),02/04/25 23:00:00,Annuel,Personnes par kilomètre carré,Danemark,2015,132.4,,
ESTAT:TPS00003(1.0),02/04/25 23:00:00,Annuel,Personnes par kilomètre carré,Danemark,2016,136.4,b,
ESTAT:TPS00003(1.0),02/04/25 23:00:00,Annuel,Personnes par kilomètre carré,Danemark,2017,137.3,,
ESTAT:TPS00003(1.0),02/04/25 23:00:00,Annuel,Personnes par kilomètre carré,Danemark,2018,138.0,,
ESTAT:TPS00003(1.0),02/04/25 23:00:00,Annuel,Personnes par kilomètre carré,Danemark,2019,138.5,,
ESTAT:TPS00003(1.0),02/04/25 23:00:00,Annuel,Personnes par kilomètre carré,Danemark,2020,138.5,,
ESTAT:TPS00003(1.0),02/04/25 23:00:00,Annuel,Personnes par kilomètre carré,Danemark,2021,138.9,,
ESTAT:TPS00003(1.0),02/04/25 23:00:00,Annuel,Personnes par kilomètre carré,Danemark,2022,140.6,,
ESTAT:TPS00003(1.0),02/04/25 23:00:00,Annuel,Personnes par kilomètre carré,Danemark,2023,141.6,,
ESTAT:TPS00003(1.0),02/04/25 23:00:00,Annuel,Personnes par kilomètre carré,Estonie,2012,30.5,,
ESTAT:TPS00003(1.0),02/04/25 23:00:00,Annuel,Personnes par kilomètre carré,Estonie,2013,30.3,,
ESTAT:TPS00003(1.0),02/04/25 23:00:00,Annuel,Personnes par kilomètre carré,Estonie,2014,30.3,,
ESTAT:TPS00003(1.0),02/04/25 23:00:00,Annuel,Personnes par kilomètre carré,Estonie,2015,30.3,,
ESTAT:TPS00003(1.0),02/04/25 23:00:00,Annuel,Personnes par kilomètre carré,Estonie,2016,30.3,b,
ESTAT:TPS00003(1.0),02/04/25 23:00:00,Annuel,Personnes par kilomètre carré,Estonie,2017,30.3,,
ESTAT:TPS00003(1.0),02/04/25 23:00:00,Annuel,Personnes par kilomètre carré,Estonie,2018,30.4,,
ESTAT:TPS00003(1.0),02/04/25 23:00:00,Annuel,Personnes par kilomètre carré,Estonie,2019,30.5,,
ESTAT:TPS00003(1.0),02/04/25 23:00:00,Annuel,Personnes par kilomètre carré,Estonie,2020,30.5,,
ESTAT:TPS00003(1.0),02/04/25 23:00:00,Annuel,Personnes par kilomètre carré,Estonie,2021,30.6,,
ESTAT:TPS00003(1.0),02/04/25 23:00:00,Annuel,Personnes par kilomètre carré,Estonie,2022,31.3,,
ESTAT:TPS00003(1.0),02/04/25 23:00:00,Annuel,Personnes par kilomètre carré,Estonie,2023,31.8,,
ESTAT:TPS00003(1.0),02/04/25 23:00:00,Annuel,Personnes par kilomètre carré,Grèce,2012,83.6,,
ESTAT:TPS00003(1.0),02/04/25 23:00:00,Annuel,Personnes par kilomètre carré,Grèce,2013,83.0,,
ESTAT:TPS00003(1.0),02/04/25 23:00:00,Annuel,Personnes par kilomètre carré,Grèce,2014,82.5,,
ESTAT:TPS00003(1.0),02/04/25 23:00:00,Annuel,Personnes par kilomètre carré,Grèce,2015,82.7,,
ESTAT:TPS00003(1.0),02/04/25 23:00:00,Annuel,Personnes par kilomètre carré,Grèce,2016,82.4,b,
ESTAT:TPS00003(1.0),02/04/25 23:00:00,Annuel,Personnes par kilomètre carré,Grèce,2017,82.2,,
ESTAT:TPS00003(1.0),02/04/25 23:00:00,Annuel,Personnes par kilomètre carré,Grèce,2018,82.5,,
ESTAT:TPS00003(1.0),02/04/25 23:00:00,Annuel,Personnes par kilomètre carré,Grèce,2019,82.4,,
ESTAT:TPS00003(1.0),02/04/25 23:00:00,Annuel,Personnes par kilomètre carré,Grèce,2020,82.4,,
ESTAT:TPS00003(1.0),02/04/25 23:00:00,Annuel,Personnes par kilomètre carré,Grèce,2021,82.3,,
ESTAT:TPS00003(1.0),02/04/25 23:00:00,Annuel,Personnes par kilomètre carré,Grèce,2022,80.3,,
ESTAT:TPS00003(1.0),02/04/25 23:00:00,Annuel,Personnes par kilomètre carré,Grèce,2023,80.0,,
ESTAT:TPS00003(1.0),02/04/25 23:00:00,Annuel,Personnes par kilomètre carré,Espagne,2012,93.2,,
ESTAT:TPS00003(1.0),02/04/25 23:00:00,Annuel,Personnes par kilomètre carré,Espagne,2013,92.9,,
ESTAT:TPS00003(1.0),02/04/25 23:00:00,Annuel,Personnes par kilomètre carré,Espagne,2014,92.5,,
ESTAT:TPS00003(1.0),02/04/25 23:00:00,Annuel,Personnes par kilomètre carré,Espagne,2015,92.5,,
ESTAT:TPS00003(1.0),02/04/25 23:00:00,Annuel,Personnes par kilomètre carré,Espagne,2016,92.5,b,
ESTAT:TPS00003(1.0),02/04/25 23:00:00,Annuel,Personnes par kilomètre carré,Espagne,2017,92.7,,
ESTAT:TPS00003(1.0),02/04/25 23:00:00,Annuel,Personnes par kilomètre carré,Espagne,2018,93.1,,
ESTAT:TPS00003(1.0),02/04/25 23:00:00,Annuel,Personnes par kilomètre carré,Espagne,2019,93.8,,
ESTAT:TPS00003(1.0),02/04/25 23:00:00,Annuel,Personnes par kilomètre carré,Espagne,2020,93.8,,
ESTAT:TPS00003(1.0),02/04/25 23:00:00,Annuel,Personnes par kilomètre carré,Espagne,2021,94.2,,
ESTAT:TPS00003(1.0),02/04/25 23:00:00,Annuel,Personnes par kilomètre carré,Espagne,2022,95.1,,
ESTAT:TPS00003(1.0),02/04/25 23:00:00,Annuel,Personnes par kilomètre carré,Espagne,2023,96.2,,
ESTAT:TPS00003(1.0),02/04/25 23:00:00,Annuel,Personnes par kilomètre carré,Union européenne - 27 pays (à partir de 2020),2012,107.3,e,
ESTAT:TPS00003(1.0),02/04/25 23:00:00,Annuel,Personnes par kilomètre carré,Union européenne - 27 pays (à partir de 2020),2013,107.4,e,
ESTAT:TPS00003(1.0),02/04/25 23:00:00,Annuel,Personnes par kilomètre carré,Union européenne - 27 pays (à partir de 2020),2014,108.0,e,
ESTAT:TPS00003(1.0),02/04/25 23:00:00,Annuel,Personnes par kilomètre carré,Union européenne - 27 pays (à partir de 2020),2015,108.1,e,
ESTAT:TPS00003(1.0),02/04/25 23:00:00,Annuel,Personnes par kilomètre carré,Union européenne - 27 pays (à partir de 2020),2016,108.5,b,
ESTAT:TPS00003(1.0),02/04/25 23:00:00,Annuel,Personnes par kilomètre carré,Union européenne - 27 pays (à partir de 2020),2017,108.6,,
ESTAT:TPS00003(1.0),02/04/25 23:00:00,Annuel,Personnes par kilomètre carré,Union européenne - 27 pays (à partir de 2020),2018,108.8,,
ESTAT:TPS00003(1.0),02/04/25 23:00:00,Annuel,Personnes par kilomètre carré,Union européenne - 27 pays (à partir de 2020),2019,109.0,,
ESTAT:TPS00003(1.0),02/04/25 23:00:00,Annuel,Personnes par kilomètre carré,Union européenne - 27 pays (à partir de 2020),2020,108.9,be,
ESTAT:TPS00003(1.0),02/04/25 23:00:00,Annuel,Personnes par kilomètre carré,Union européenne - 27 pays (à partir de 2020),2021,109.0,ep,
ESTAT:TPS00003(1.0),02/04/25 23:00:00,Annuel,Personnes par kilomètre carré,Union européenne - 27 pays (à partir de 2020),2022,108.9,bep,
ESTAT:TPS00003(1.0),02/04/25 23:00:00,Annuel,Personnes par kilomètre carré,Union européenne - 27 pays (à partir de 2020),2023,109.3,bep,
ESTAT:TPS00003(1.0),02/04/25 23:00:00,Annuel,Personnes par kilomètre carré,Finlande,2012,17.8,,
ESTAT:TPS00003(1.0),02/04/25 23:00:00,Annuel,Personnes par kilomètre carré,Finlande,2013,17.9,,
ESTAT:TPS00003(1.0),02/04/25 23:00:00,Annuel,Personnes par kilomètre carré,Finlande,2014,18.0,,
ESTAT:TPS00003(1.0),02/04/25 23:00:00,Annuel,Personnes par kilomètre carré,Finlande,2015,18.0,,
ESTAT:TPS00003(1.0),02/04/25 23:00:00,Annuel,Personnes par kilomètre carré,Finlande,2016,18.1,b,
ESTAT:TPS00003(1.0),02/04/25 23:00:00,Annuel,Personnes par kilomètre carré,Finlande,2017,18.1,,
ESTAT:TPS00003(1.0),02/04/25 23:00:00,Annuel,Personnes par kilomètre carré,Finlande,2018,18.1,,
ESTAT:TPS00003(1.0),02/04/25 23:00:00,Annuel,Personnes par kilomètre carré,Finlande,2019,18.2,,
ESTAT:TPS00003(1.0),02/04/25 23:00:00,Annuel,Personnes par kilomètre carré,Finlande,2020,18.1,,
ESTAT:TPS00003(1.0),02/04/25 23:00:00,Annuel,Personnes par kilomètre carré,Finlande,2021,18.2,,
ESTAT:TPS00003(1.0),02/04/25 23:00:00,Annuel,Personnes par kilomètre carré,Finlande,2022,18.3,,
ESTAT:TPS00003(1.0),02/04/25 23:00:00,Annuel,Personnes par kilomètre carré,Finlande,2023,18.4,,
ESTAT:TPS00003(1.0),02/04/25 23:00:00,Annuel,Personnes par kilomètre carré,France,2012,103.4,,
ESTAT:TPS00003(1.0),02/04/25 23:00:00,Annuel,Personnes par kilomètre carré,France,2013,103.9,,
ESTAT:TPS00003(1.0),02/04/25 23:00:00,Annuel,Personnes par kilomètre carré,France,2014,104.6,,
ESTAT:TPS00003(1.0),02/04/25 23:00:00,Annuel,Personnes par kilomètre carré,France,2015,105.1,,
ESTAT:TPS00003(1.0),02/04/25 23:00:00,Annuel,Personnes par kilomètre carré,France,2016,105.3,,
ESTAT:TPS00003(1.0),02/04/25 23:00:00,Annuel,Personnes par kilomètre carré,France,2017,105.6,,
ESTAT:TPS00003(1.0),02/04/25 23:00:00,Annuel,Personnes par kilomètre carré,France,2018,105.9,,
ESTAT:TPS00003(1.0),02/04/25 23:00:00,Annuel,Personnes par kilomètre carré,France,2019,106.1,,
ESTAT:TPS00003(1.0),02/04/25 23:00:00,Annuel,Personnes par kilomètre carré,France,2020,106.3,,
ESTAT:TPS00003(1.0),02/04/25 23:00:00,Annuel,Personnes par kilomètre carré,France,2021,106.6,p,
ESTAT:TPS00003(1.0),02/04/25 23:00:00,Annuel,Personnes par kilomètre carré,France,2022,107.6,p,
ESTAT:TPS00003(1.0),02/04/25 23:00:00,Annuel,Personnes par kilomètre carré,France,2023,107.9,p,
ESTAT:TPS00003(1.0),02/04/25 23:00:00,Annuel,Personnes par kilomètre carré,Croatie,2012,75.4,,
ESTAT:TPS00003(1.0),02/04/25 23:00:00,Annuel,Personnes par kilomètre carré,Croatie,2013,75.2,,
ESTAT:TPS00003(1.0),02/04/25 23:00:00,Annuel,Personnes par kilomètre carré,Croatie,2014,74.9,,
ESTAT:TPS00003(1.0),02/04/25 23:00:00,Annuel,Personnes par kilomètre carré,Croatie,2015,74.4,,
ESTAT:TPS00003(1.0),02/04/25 23:00:00,Annuel,Personnes par kilomètre carré,Croatie,2016,74.6,b,
ESTAT:TPS00003(1.0),02/04/25 23:00:00,Annuel,Personnes par kilomètre carré,Croatie,2017,73.9,,
ESTAT:TPS00003(1.0),02/04/25 23:00:00,Annuel,Personnes par kilomètre carré,Croatie,2018,73.2,,
ESTAT:TPS00003(1.0),02/04/25 23:00:00,Annuel,Personnes par kilomètre carré,Croatie,2019,72.8,,
ESTAT:TPS00003(1.0),02/04/25 23:00:00,Annuel,Personnes par kilomètre carré,Croatie,2020,72.8,,
ESTAT:TPS00003(1.0),02/04/25 23:00:00,Annuel,Personnes par kilomètre carré,Croatie,2021,72.4,,
ESTAT:TPS00003(1.0),02/04/25 23:00:00,Annuel,Personnes par kilomètre carré,Croatie,2022,69.0,,
ESTAT:TPS00003(1.0),02/04/25 23:00:00,Annuel,Personnes par kilomètre carré,Croatie,2023,69.0,,
ESTAT:TPS00003(1.0),02/04/25 23:00:00,Annuel,Personnes par kilomètre carré,Hongrie,2012,106.6,,
ESTAT:TPS00003(1.0),02/04/25 23:00:00,Annuel,Personnes par kilomètre carré,Hongrie,2013,106.4,,
ESTAT:TPS00003(1.0),02/04/25 23:00:00,Annuel,Personnes par kilomètre carré,Hongrie,2014,108.1,,
ESTAT:TPS00003(1.0),02/04/25 23:00:00,Annuel,Personnes par kilomètre carré,Hongrie,2015,107.9,,
ESTAT:TPS00003(1.0),02/04/25 23:00:00,Annuel,Personnes par kilomètre carré,Hongrie,2016,107.6,b,
ESTAT:TPS00003(1.0),02/04/25 23:00:00,Annuel,Personnes par kilomètre carré,Hongrie,2017,107.3,,
ESTAT:TPS00003(1.0),02/04/25 23:00:00,Annuel,Personnes par kilomètre carré,Hongrie,2018,107.1,,
ESTAT:TPS00003(1.0),02/04/25 23:00:00,Annuel,Personnes par kilomètre carré,Hongrie,2019,107.1,,
ESTAT:TPS00003(1.0),02/04/25 23:00:00,Annuel,Personnes par kilomètre carré,Hongrie,2020,107.1,,
ESTAT:TPS00003(1.0),02/04/25 23:00:00,Annuel,Personnes par kilomètre carré,Hongrie,2021,106.9,,
ESTAT:TPS00003(1.0),02/04/25 23:00:00,Annuel,Personnes par kilomètre carré,Hongrie,2022,105.3,,
ESTAT:TPS00003(1.0),02/04/25 23:00:00,Annuel,Personnes par kilomètre carré,Hongrie,2023,105.1,,
ESTAT:TPS00003(1.0),02/04/25 23:00:00,Annuel,Personnes par kilomètre carré,Irlande,2012,67.3,,
ESTAT:TPS00003(1.0),02/04/25 23:00:00,Annuel,Personnes par kilomètre carré,Irlande,2013,67.6,,
ESTAT:TPS00003(1.0),02/04/25 23:00:00,Annuel,Personnes par kilomètre carré,Irlande,2014,67.8,,
ESTAT:TPS00003(1.0),02/04/25 23:00:00,Annuel,Personnes par kilomètre carré,Irlande,2015,68.5,,
ESTAT:TPS00003(1.0),02/04/25 23:00:00,Annuel,Personnes par kilomètre carré,Irlande,2016,69.3,b,
ESTAT:TPS00003(1.0),02/04/25 23:00:00,Annuel,Personnes par kilomètre carré,Irlande,2017,70.0,,
ESTAT:TPS00003(1.0),02/04/25 23:00:00,Annuel,Personnes par kilomètre carré,Irlande,2018,70.9,,
ESTAT:TPS00003(1.0),02/04/25 23:00:00,Annuel,Personnes par kilomètre carré,Irlande,2019,71.9,,
ESTAT:TPS00003(1.0),02/04/25 23:00:00,Annuel,Personnes par kilomètre carré,Irlande,2020,71.9,e,
ESTAT:TPS00003(1.0),02/04/25 23:00:00,Annuel,Personnes par kilomètre carré,Irlande,2021,72.6,,
ESTAT:TPS00003(1.0),02/04/25 23:00:00,Annuel,Personnes par kilomètre carré,Irlande,2022,75.9,,
ESTAT:TPS00003(1.0),02/04/25 23:00:00,Annuel,Personnes par kilomètre carré,Irlande,2023,77.4,,
ESTAT:TPS00003(1.0),02/04/25 23:00:00,Annuel,Personnes par kilomètre carré,Islande,2012,3.2,,
ESTAT:TPS00003(1.0),02/04/25 23:00:00,Annuel,Personnes par kilomètre carré,Islande,2013,3.2,,
ESTAT:TPS00003(1.0),02/04/25 23:00:00,Annuel,Personnes par kilomètre carré,Islande,2014,3.3,,
ESTAT:TPS00003(1.0),02/04/25 23:00:00,Annuel,Personnes par kilomètre carré,Islande,2015,3.3,,
ESTAT:TPS00003(1.0),02/04/25 23:00:00,Annuel,Personnes par kilomètre carré,Islande,2016,3.3,b,
ESTAT:TPS00003(1.0),02/04/25 23:00:00,Annuel,Personnes par kilomètre carré,Islande,2017,3.4,,
ESTAT:TPS00003(1.0),02/04/25 23:00:00,Annuel,Personnes par kilomètre carré,Islande,2018,3.5,,
ESTAT:TPS00003(1.0),02/04/25 23:00:00,Annuel,Personnes par kilomètre carré,Islande,2019,3.6,,
ESTAT:TPS00003(1.0),02/04/25 23:00:00,Annuel,Personnes par kilomètre carré,Islande,2020,3.6,,
ESTAT:TPS00003(1.0),02/04/25 23:00:00,Annuel,Personnes par kilomètre carré,Islande,2021,3.6,,
ESTAT:TPS00003(1.0),02/04/25 23:00:00,Annuel,Personnes par kilomètre carré,Islande,2022,3.8,,
ESTAT:TPS00003(1.0),02/04/25 23:00:00,Annuel,Personnes par kilomètre carré,Islande,2023,3.8,,
ESTAT:TPS00003(1.0),02/04/25 23:00:00,Annuel,Personnes par kilomètre carré,Italie,2012,201.8,,
ESTAT:TPS00003(1.0),02/04/25 23:00:00,Annuel,Personnes par kilomètre carré,Italie,2013,199.4,,
ESTAT:TPS00003(1.0),02/04/25 23:00:00,Annuel,Personnes par kilomètre carré,Italie,2014,206.0,,
ESTAT:TPS00003(1.0),02/04/25 23:00:00,Annuel,Personnes par kilomètre carré,Italie,2015,205.8,,
ESTAT:TPS00003(1.0),02/04/25 23:00:00,Annuel,Personnes par kilomètre carré,Italie,2016,205.4,b,
ESTAT:TPS00003(1.0),02/04/25 23:00:00,Annuel,Personnes par kilomètre carré,Italie,2017,203.3,,
ESTAT:TPS00003(1.0),02/04/25 23:00:00,Annuel,Personnes par kilomètre carré,Italie,2018,202.9,,
ESTAT:TPS00003(1.0),02/04/25 23:00:00,Annuel,Personnes par kilomètre carré,Italie,2019,201.5,,
ESTAT:TPS00003(1.0),02/04/25 23:00:00,Annuel,Personnes par kilomètre carré,Italie,2020,200.6,b,
ESTAT:TPS00003(1.0),02/04/25 23:00:00,Annuel,Personnes par kilomètre carré,Italie,2021,199.6,,
ESTAT:TPS00003(1.0),02/04/25 23:00:00,Annuel,Personnes par kilomètre carré,Italie,2022,198.1,,
ESTAT:TPS00003(1.0),02/04/25 23:00:00,Annuel,Personnes par kilomètre carré,Italie,2023,198.1,,
ESTAT:TPS00003(1.0),02/04/25 23:00:00,Annuel,Personnes par kilomètre carré,Liechtenstein,2012,234.7,,
ESTAT:TPS00003(1.0),02/04/25 23:00:00,Annuel,Personnes par kilomètre carré,Liechtenstein,2013,236.8,,
ESTAT:TPS00003(1.0),02/04/25 23:00:00,Annuel,Personnes par kilomètre carré,Liechtenstein,2014,235.7,,
ESTAT:TPS00003(1.0),02/04/25 23:00:00,Annuel,Personnes par kilomètre carré,Liechtenstein,2015,237.3,,
ESTAT:TPS00003(1.0),02/04/25 23:00:00,Annuel,Personnes par kilomètre carré,Liechtenstein,2016,238.7,b,
ESTAT:TPS00003(1.0),02/04/25 23:00:00,Annuel,Personnes par kilomètre carré,Liechtenstein,2017,240.3,,
ESTAT:TPS00003(1.0),02/04/25 23:00:00,Annuel,Personnes par kilomètre carré,Liechtenstein,2018,242.1,,
ESTAT:TPS00003(1.0),02/04/25 23:00:00,Annuel,Personnes par kilomètre carré,Liechtenstein,2019,244.1,,
ESTAT:TPS00003(1.0),02/04/25 23:00:00,Annuel,Personnes par kilomètre carré,Liechtenstein,2020,244.1,,
ESTAT:TPS00003(1.0),02/04/25 23:00:00,Annuel,Personnes par kilomètre carré,Liechtenstein,2021,246.2,,
ESTAT:TPS00003(1.0),02/04/25 23:00:00,Annuel,Personnes par kilomètre carré,Liechtenstein,2022,250.0,,
ESTAT:TPS00003(1.0),02/04/25 23:00:00,Annuel,Personnes par kilomètre carré,Liechtenstein,2023,252.2,,
ESTAT:TPS00003(1.0),02/04/25 23:00:00,Annuel,Personnes par kilomètre carré,Lituanie,2012,47.7,,
ESTAT:TPS00003(1.0),02/04/25 23:00:00,Annuel,Personnes par kilomètre carré,Lituanie,2013,47.2,,
ESTAT:TPS00003(1.0),02/04/25 23:00:00,Annuel,Personnes par kilomètre carré,Lituanie,2014,46.8,,
ESTAT:TPS00003(1.0),02/04/25 23:00:00,Annuel,Personnes par kilomètre carré,Lituanie,2015,46.4,,
ESTAT:TPS00003(1.0),02/04/25 23:00:00,Annuel,Personnes par kilomètre carré,Lituanie,2016,45.8,b,
ESTAT:TPS00003(1.0),02/04/25 23:00:00,Annuel,Personnes par kilomètre carré,Lituanie,2017,45.2,,
ESTAT:TPS00003(1.0),02/04/25 23:00:00,Annuel,Personnes par kilomètre carré,Lituanie,2018,44.7,,
ESTAT:TPS00003(1.0),02/04/25 23:00:00,Annuel,Personnes par kilomètre carré,Lituanie,2019,44.6,,
ESTAT:TPS00003(1.0),02/04/25 23:00:00,Annuel,Personnes par kilomètre carré,Lituanie,2020,44.6,,
ESTAT:TPS00003(1.0),02/04/25 23:00:00,Annuel,Personnes par kilomètre carré,Lituanie,2021,44.6,,
ESTAT:TPS00003(1.0),02/04/25 23:00:00,Annuel,Personnes par kilomètre carré,Lituanie,2022,45.2,,
ESTAT:TPS00003(1.0),02/04/25 23:00:00,Annuel,Personnes par kilomètre carré,Lituanie,2023,45.8,,
ESTAT:TPS00003(1.0),02/04/25 23:00:00,Annuel,Personnes par kilomètre carré,Luxembourg,2012,205.3,,
ESTAT:TPS00003(1.0),02/04/25 23:00:00,Annuel,Personnes par kilomètre carré,Luxembourg,2013,210.1,,
ESTAT:TPS00003(1.0),02/04/25 23:00:00,Annuel,Personnes par kilomètre carré,Luxembourg,2014,215.1,,
ESTAT:TPS00003(1.0),02/04/25 23:00:00,Annuel,Personnes par kilomètre carré,Luxembourg,2015,220.3,,
ESTAT:TPS00003(1.0),02/04/25 23:00:00,Annuel,Personnes par kilomètre carré,Luxembourg,2016,225.1,b,
ESTAT:TPS00003(1.0),02/04/25 23:00:00,Annuel,Personnes par kilomètre carré,Luxembourg,2017,230.6,,
ESTAT:TPS00003(1.0),02/04/25 23:00:00,Annuel,Personnes par kilomètre carré,Luxembourg,2018,235.1,,
ESTAT:TPS00003(1.0),02/04/25 23:00:00,Annuel,Personnes par kilomètre carré,Luxembourg,2019,239.8,,
ESTAT:TPS00003(1.0),02/04/25 23:00:00,Annuel,Personnes par kilomètre carré,Luxembourg,2020,239.8,,
ESTAT:TPS00003(1.0),02/04/25 23:00:00,Annuel,Personnes par kilomètre carré,Luxembourg,2021,243.8,,
ESTAT:TPS00003(1.0),02/04/25 23:00:00,Annuel,Personnes par kilomètre carré,Luxembourg,2022,252.6,,
ESTAT:TPS00003(1.0),02/04/25 23:00:00,Annuel,Personnes par kilomètre carré,Luxembourg,2023,257.7,,
ESTAT:TPS00003(1.0),02/04/25 23:00:00,Annuel,Personnes par kilomètre carré,Lettonie,2012,32.7,,
ESTAT:TPS00003(1.0),02/04/25 23:00:00,Annuel,Personnes par kilomètre carré,Lettonie,2013,32.4,,
ESTAT:TPS00003(1.0),02/04/25 23:00:00,Annuel,Personnes par kilomètre carré,Lettonie,2014,32.0,,
ESTAT:TPS00003(1.0),02/04/25 23:00:00,Annuel,Personnes par kilomètre carré,Lettonie,2015,31.8,,
ESTAT:TPS00003(1.0),02/04/25 23:00:00,Annuel,Personnes par kilomètre carré,Lettonie,2016,31.0,b,
ESTAT:TPS00003(1.0),02/04/25 23:00:00,Annuel,Personnes par kilomètre carré,Lettonie,2017,30.7,,
ESTAT:TPS00003(1.0),02/04/25 23:00:00,Annuel,Personnes par kilomètre carré,Lettonie,2018,30.4,,
ESTAT:TPS00003(1.0),02/04/25 23:00:00,Annuel,Personnes par kilomètre carré,Lettonie,2019,30.2,,
ESTAT:TPS00003(1.0),02/04/25 23:00:00,Annuel,Personnes par kilomètre carré,Lettonie,2020,30.2,,
ESTAT:TPS00003(1.0),02/04/25 23:00:00,Annuel,Personnes par kilomètre carré,Lettonie,2021,30.0,,
ESTAT:TPS00003(1.0),02/04/25 23:00:00,Annuel,Personnes par kilomètre carré,Lettonie,2022,29.7,,
ESTAT:TPS00003(1.0),02/04/25 23:00:00,Annuel,Personnes par kilomètre carré,Lettonie,2023,30.2,,
ESTAT:TPS00003(1.0),02/04/25 23:00:00,Annuel,Personnes par kilomètre carré,Monténégro,2012,44.9,,
ESTAT:TPS00003(1.0),02/04/25 23:00:00,Annuel,Personnes par kilomètre carré,Monténégro,2013,45.0,,
ESTAT:TPS00003(1.0),02/04/25 23:00:00,Annuel,Personnes par kilomètre carré,Monténégro,2014,45.0,,
ESTAT:TPS00003(1.0),02/04/25 23:00:00,Annuel,Personnes par kilomètre carré,Monténégro,2015,45.0,,
ESTAT:TPS00003(1.0),02/04/25 23:00:00,Annuel,Personnes par kilomètre carré,Monténégro,2016,45.7,b,
ESTAT:TPS00003(1.0),02/04/25 23:00:00,Annuel,Personnes par kilomètre carré,Monténégro,2017,45.7,,
ESTAT:TPS00003(1.0),02/04/25 23:00:00,Annuel,Personnes par kilomètre carré,Monténégro,2018,45.7,,
ESTAT:TPS00003(1.0),02/04/25 23:00:00,Annuel,Personnes par kilomètre carré,Monténégro,2019,45.7,,
ESTAT:TPS00003(1.0),02/04/25 23:00:00,Annuel,Personnes par kilomètre carré,Monténégro,2020,45.7,,
ESTAT:TPS00003(1.0),02/04/25 23:00:00,Annuel,Personnes par kilomètre carré,Monténégro,2021,45.6,,
ESTAT:TPS00003(1.0),02/04/25 23:00:00,Annuel,Personnes par kilomètre carré,Monténégro,2022,45.3,,
ESTAT:TPS00003(1.0),02/04/25 23:00:00,Annuel,Personnes par kilomètre carré,Monténégro,2023,45.6,,
ESTAT:TPS00003(1.0),02/04/25 23:00:00,Annuel,Personnes par kilomètre carré,Macédoine du Nord,2012,82.7,,
ESTAT:TPS00003(1.0),02/04/25 23:00:00,Annuel,Personnes par kilomètre carré,Macédoine du Nord,2013,82.8,,
ESTAT:TPS00003(1.0),02/04/25 23:00:00,Annuel,Personnes par kilomètre carré,Macédoine du Nord,2014,83.0,,
ESTAT:TPS00003(1.0),02/04/25 23:00:00,Annuel,Personnes par kilomètre carré,Macédoine du Nord,2015,83.1,,
ESTAT:TPS00003(1.0),02/04/25 23:00:00,Annuel,Personnes par kilomètre carré,Macédoine du Nord,2016,83.2,b,
ESTAT:TPS00003(1.0),02/04/25 23:00:00,Annuel,Personnes par kilomètre carré,Macédoine du Nord,2017,83.3,,
ESTAT:TPS00003(1.0),02/04/25 23:00:00,Annuel,Personnes par kilomètre carré,Macédoine du Nord,2018,83.4,,
ESTAT:TPS00003(1.0),02/04/25 23:00:00,Annuel,Personnes par kilomètre carré,Macédoine du Nord,2019,83.4,,
ESTAT:TPS00003(1.0),02/04/25 23:00:00,Annuel,Personnes par kilomètre carré,Macédoine du Nord,2020,83.4,,
ESTAT:TPS00003(1.0),02/04/25 23:00:00,Annuel,Personnes par kilomètre carré,Macédoine du Nord,2021,83.3,,
ESTAT:TPS00003(1.0),02/04/25 23:00:00,Annuel,Personnes par kilomètre carré,Macédoine du Nord,2022,73.7,b,
ESTAT:TPS00003(1.0),02/04/25 23:00:00,Annuel,Personnes par kilomètre carré,Malte,2012,1329.2,,
ESTAT:TPS00003(1.0),02/04/25 23:00:00,Annuel,Personnes par kilomètre carré,Malte,2013,1348.0,,
ESTAT:TPS00003(1.0),02/04/25 23:00:00,Annuel,Personnes par kilomètre carré,Malte,2014,1375.2,,
ESTAT:TPS00003(1.0),02/04/25 23:00:00,Annuel,Personnes par kilomètre carré,Malte,2015,1408.4,,
ESTAT:TPS00003(1.0),02/04/25 23:00:00,Annuel,Personnes par kilomètre carré,Malte,2016,1450.2,b,
ESTAT:TPS00003(1.0),02/04/25 23:00:00,Annuel,Personnes par kilomètre carré,Malte,2017,1495.2,,
ESTAT:TPS00003(1.0),02/04/25 23:00:00,Annuel,Personnes par kilomètre carré,Malte,2018,1548.3,,
ESTAT:TPS00003(1.0),02/04/25 23:00:00,Annuel,Personnes par kilomètre carré,Malte,2019,1595.1,,
ESTAT:TPS00003(1.0),02/04/25 23:00:00,Annuel,Personnes par kilomètre carré,Malte,2020,1610.4,,
ESTAT:TPS00003(1.0),02/04/25 23:00:00,Annuel,Personnes par kilomètre carré,Malte,2021,1646.4,,
ESTAT:TPS00003(1.0),02/04/25 23:00:00,Annuel,Personnes par kilomètre carré,Malte,2022,1696.8,,
ESTAT:TPS00003(1.0),02/04/25 23:00:00,Annuel,Personnes par kilomètre carré,Malte,2023,1766.0,,
ESTAT:TPS00003(1.0),02/04/25 23:00:00,Annuel,Personnes par kilomètre carré,Pays-Bas,2012,496.9,,
ESTAT:TPS00003(1.0),02/04/25 23:00:00,Annuel,Personnes par kilomètre carré,Pays-Bas,2013,498.4,,
ESTAT:TPS00003(1.0),02/04/25 23:00:00,Annuel,Personnes par kilomètre carré,Pays-Bas,2014,500.9,,
ESTAT:TPS00003(1.0),02/04/25 23:00:00,Annuel,Personnes par kilomètre carré,Pays-Bas,2015,503.1,,
ESTAT:TPS00003(1.0),02/04/25 23:00:00,Annuel,Personnes par kilomètre carré,Pays-Bas,2016,498.1,b,
ESTAT:TPS00003(1.0),02/04/25 23:00:00,Annuel,Personnes par kilomètre carré,Pays-Bas,2017,501.1,,
ESTAT:TPS00003(1.0),02/04/25 23:00:00,Annuel,Personnes par kilomètre carré,Pays-Bas,2018,504.0,,
ESTAT:TPS00003(1.0),02/04/25 23:00:00,Annuel,Personnes par kilomètre carré,Pays-Bas,2019,507.3,,
ESTAT:TPS00003(1.0),02/04/25 23:00:00,Annuel,Personnes par kilomètre carré,Pays-Bas,2020,507.3,,
ESTAT:TPS00003(1.0),02/04/25 23:00:00,Annuel,Personnes par kilomètre carré,Pays-Bas,2021,510.2,,
ESTAT:TPS00003(1.0),02/04/25 23:00:00,Annuel,Personnes par kilomètre carré,Pays-Bas,2022,517.8,,
ESTAT:TPS00003(1.0),02/04/25 23:00:00,Annuel,Personnes par kilomètre carré,Pays-Bas,2023,526.0,,
ESTAT:TPS00003(1.0),02/04/25 23:00:00,Annuel,Personnes par kilomètre carré,Norvège,2012,16.5,,
ESTAT:TPS00003(1.0),02/04/25 23:00:00,Annuel,Personnes par kilomètre carré,Norvège,2013,16.7,,
ESTAT:TPS00003(1.0),02/04/25 23:00:00,Annuel,Personnes par kilomètre carré,Norvège,2014,16.9,,
ESTAT:TPS00003(1.0),02/04/25 23:00:00,Annuel,Personnes par kilomètre carré,Norvège,2015,17.1,,
ESTAT:TPS00003(1.0),02/04/25 23:00:00,Annuel,Personnes par kilomètre carré,Norvège,2016,16.9,b,
ESTAT:TPS00003(1.0),02/04/25 23:00:00,Annuel,Personnes par kilomètre carré,Norvège,2017,17.1,,
ESTAT:TPS00003(1.0),02/04/25 23:00:00,Annuel,Personnes par kilomètre carré,Norvège,2018,17.2,,
ESTAT:TPS00003(1.0),02/04/25 23:00:00,Annuel,Personnes par kilomètre carré,Norvège,2019,17.3,,
ESTAT:TPS00003(1.0),02/04/25 23:00:00,Annuel,Personnes par kilomètre carré,Norvège,2020,17.3,,
ESTAT:TPS00003(1.0),02/04/25 23:00:00,Annuel,Personnes par kilomètre carré,Norvège,2021,17.4,,
ESTAT:TPS00003(1.0),02/04/25 23:00:00,Annuel,Personnes par kilomètre carré,Norvège,2022,15.0,,
ESTAT:TPS00003(1.0),02/04/25 23:00:00,Annuel,Personnes par kilomètre carré,Norvège,2023,15.2,,
ESTAT:TPS00003(1.0),02/04/25 23:00:00,Annuel,Personnes par kilomètre carré,Pologne,2012,124.3,,
ESTAT:TPS00003(1.0),02/04/25 23:00:00,Annuel,Personnes par kilomètre carré,Pologne,2013,124.2,,
ESTAT:TPS00003(1.0),02/04/25 23:00:00,Annuel,Personnes par kilomètre carré,Pologne,2014,123.7,,
ESTAT:TPS00003(1.0),02/04/25 23:00:00,Annuel,Personnes par kilomètre carré,Pologne,2015,123.6,,
ESTAT:TPS00003(1.0),02/04/25 23:00:00,Annuel,Personnes par kilomètre carré,Pologne,2016,123.6,b,
ESTAT:TPS00003(1.0),02/04/25 23:00:00,Annuel,Personnes par kilomètre carré,Pologne,2017,123.6,,
ESTAT:TPS00003(1.0),02/04/25 23:00:00,Annuel,Personnes par kilomètre carré,Pologne,2018,123.6,,
ESTAT:TPS00003(1.0),02/04/25 23:00:00,Annuel,Personnes par kilomètre carré,Pologne,2019,123.6,,
ESTAT:TPS00003(1.0),02/04/25 23:00:00,Annuel,Personnes par kilomètre carré,Pologne,2020,123.6,e,
ESTAT:TPS00003(1.0),02/04/25 23:00:00,Annuel,Personnes par kilomètre carré,Pologne,2021,123.4,ep,
ESTAT:TPS00003(1.0),02/04/25 23:00:00,Annuel,Personnes par kilomètre carré,Pologne,2022,119.8,ep,
ESTAT:TPS00003(1.0),02/04/25 23:00:00,Annuel,Personnes par kilomètre carré,Pologne,2023,119.4,ep,
ESTAT:TPS00003(1.0),02/04/25 23:00:00,Annuel,Personnes par kilomètre carré,Portugal,2012,114.0,,
ESTAT:TPS00003(1.0),02/04/25 23:00:00,Annuel,Personnes par kilomètre carré,Portugal,2013,113.4,,
ESTAT:TPS00003(1.0),02/04/25 23:00:00,Annuel,Personnes par kilomètre carré,Portugal,2014,112.8,,
ESTAT:TPS00003(1.0),02/04/25 23:00:00,Annuel,Personnes par kilomètre carré,Portugal,2015,112.3,,
ESTAT:TPS00003(1.0),02/04/25 23:00:00,Annuel,Personnes par kilomètre carré,Portugal,2016,113.5,b,
ESTAT:TPS00003(1.0),02/04/25 23:00:00,Annuel,Personnes par kilomètre carré,Portugal,2017,113.2,,
ESTAT:TPS00003(1.0),02/04/25 23:00:00,Annuel,Personnes par kilomètre carré,Portugal,2018,113.0,,
ESTAT:TPS00003(1.0),02/04/25 23:00:00,Annuel,Personnes par kilomètre carré,Portugal,2019,113.0,,
ESTAT:TPS00003(1.0),02/04/25 23:00:00,Annuel,Personnes par kilomètre carré,Portugal,2020,113.0,,
ESTAT:TPS00003(1.0),02/04/25 23:00:00,Annuel,Personnes par kilomètre carré,Portugal,2021,113.2,,
ESTAT:TPS00003(1.0),02/04/25 23:00:00,Annuel,Personnes par kilomètre carré,Portugal,2022,115.0,,
ESTAT:TPS00003(1.0),02/04/25 23:00:00,Annuel,Personnes par kilomètre carré,Portugal,2023,116.3,,
ESTAT:TPS00003(1.0),02/04/25 23:00:00,Annuel,Personnes par kilomètre carré,Roumanie,2012,87.1,,
ESTAT:TPS00003(1.0),02/04/25 23:00:00,Annuel,Personnes par kilomètre carré,Roumanie,2013,86.9,,
ESTAT:TPS00003(1.0),02/04/25 23:00:00,Annuel,Personnes par kilomètre carré,Roumanie,2014,86.6,,
ESTAT:TPS00003(1.0),02/04/25 23:00:00,Annuel,Personnes par kilomètre carré,Roumanie,2015,86.1,,
ESTAT:TPS00003(1.0),02/04/25 23:00:00,Annuel,Personnes par kilomètre carré,Roumanie,2016,85.6,,
ESTAT:TPS00003(1.0),02/04/25 23:00:00,Annuel,Personnes par kilomètre carré,Roumanie,2017,85.2,,
ESTAT:TPS00003(1.0),02/04/25 23:00:00,Annuel,Personnes par kilomètre carré,Roumanie,2018,83.1,,
ESTAT:TPS00003(1.0),02/04/25 23:00:00,Annuel,Personnes par kilomètre carré,Roumanie,2019,82.7,,
ESTAT:TPS00003(1.0),02/04/25 23:00:00,Annuel,Personnes par kilomètre carré,Roumanie,2020,82.7,e,
ESTAT:TPS00003(1.0),02/04/25 23:00:00,Annuel,Personnes par kilomètre carré,Roumanie,2021,82.2,e,
ESTAT:TPS00003(1.0),02/04/25 23:00:00,Annuel,Personnes par kilomètre carré,Roumanie,2022,81.3,e,
ESTAT:TPS00003(1.0),02/04/25 23:00:00,Annuel,Personnes par kilomètre carré,Roumanie,2023,81.4,e,
ESTAT:TPS00003(1.0),02/04/25 23:00:00,Annuel,Personnes par kilomètre carré,Serbie,2017,91.5,,
ESTAT:TPS00003(1.0),02/04/25 23:00:00,Annuel,Personnes par kilomètre carré,Serbie,2018,91.0,,
ESTAT:TPS00003(1.0),02/04/25 23:00:00,Annuel,Personnes par kilomètre carré,Serbie,2019,90.5,,
ESTAT:TPS00003(1.0),02/04/25 23:00:00,Annuel,Personnes par kilomètre carré,Suède,2012,23.4,,
ESTAT:TPS00003(1.0),02/04/25 23:00:00,Annuel,Personnes par kilomètre carré,Suède,2013,23.6,,
ESTAT:TPS00003(1.0),02/04/25 23:00:00,Annuel,Personnes par kilomètre carré,Suède,2014,23.8,,
ESTAT:TPS00003(1.0),02/04/25 23:00:00,Annuel,Personnes par kilomètre carré,Suède,2015,24.1,,
ESTAT:TPS00003(1.0),02/04/25 23:00:00,Annuel,Personnes par kilomètre carré,Suède,2016,24.4,b,
ESTAT:TPS00003(1.0),02/04/25 23:00:00,Annuel,Personnes par kilomètre carré,Suède,2017,24.7,,
ESTAT:TPS00003(1.0),02/04/25 23:00:00,Annuel,Personnes par kilomètre carré,Suède,2018,25.0,,
ESTAT:TPS00003(1.0),02/04/25 23:00:00,Annuel,Personnes par kilomètre carré,Suède,2019,25.2,,
ESTAT:TPS00003(1.0),02/04/25 23:00:00,Annuel,Personnes par kilomètre carré,Suède,2020,25.2,,
ESTAT:TPS00003(1.0),02/04/25 23:00:00,Annuel,Personnes par kilomètre carré,Suède,2021,25.4,,
ESTAT:TPS00003(1.0),02/04/25 23:00:00,Annuel,Personnes par kilomètre carré,Suède,2022,25.7,,
ESTAT:TPS00003(1.0),02/04/25 23:00:00,Annuel,Personnes par kilomètre carré,Suède,2023,25.9,,
ESTAT:TPS00003(1.0),02/04/25 23:00:00,Annuel,Personnes par kilomètre carré,Slovénie,2012,102.2,,
ESTAT:TPS00003(1.0),02/04/25 23:00:00,Annuel,Personnes par kilomètre carré,Slovénie,2013,102.3,,
ESTAT:TPS00003(1.0),02/04/25 23:00:00,Annuel,Personnes par kilomètre carré,Slovénie,2014,102.4,,
ESTAT:TPS00003(1.0),02/04/25 23:00:00,Annuel,Personnes par kilomètre carré,Slovénie,2015,102.4,,
ESTAT:TPS00003(1.0),02/04/25 23:00:00,Annuel,Personnes par kilomètre carré,Slovénie,2016,102.5,b,
ESTAT:TPS00003(1.0),02/04/25 23:00:00,Annuel,Personnes par kilomètre carré,Slovénie,2017,102.6,,
ESTAT:TPS00003(1.0),02/04/25 23:00:00,Annuel,Personnes par kilomètre carré,Slovénie,2018,102.9,,
ESTAT:TPS00003(1.0),02/04/25 23:00:00,Annuel,Personnes par kilomètre carré,Slovénie,2019,103.7,,
ESTAT:TPS00003(1.0),02/04/25 23:00:00,Annuel,Personnes par kilomètre carré,Slovénie,2020,103.7,,
ESTAT:TPS00003(1.0),02/04/25 23:00:00,Annuel,Personnes par kilomètre carré,Slovénie,2021,104.4,,
ESTAT:TPS00003(1.0),02/04/25 23:00:00,Annuel,Personnes par kilomètre carré,Slovénie,2022,104.8,,
ESTAT:TPS00003(1.0),02/04/25 23:00:00,Annuel,Personnes par kilomètre carré,Slovénie,2023,105.3,,
ESTAT:TPS00003(1.0),02/04/25 23:00:00,Annuel,Personnes par kilomètre carré,Slovaquie,2012,110.3,,
ESTAT:TPS00003(1.0),02/04/25 23:00:00,Annuel,Personnes par kilomètre carré,Slovaquie,2013,110.4,,
ESTAT:TPS00003(1.0),02/04/25 23:00:00,Annuel,Personnes par kilomètre carré,Slovaquie,2014,110.5,,
ESTAT:TPS00003(1.0),02/04/25 23:00:00,Annuel,Personnes par kilomètre carré,Slovaquie,2015,110.6,,
ESTAT:TPS00003(1.0),02/04/25 23:00:00,Annuel,Personnes par kilomètre carré,Slovaquie,2016,111.5,b,
ESTAT:TPS00003(1.0),02/04/25 23:00:00,Annuel,Personnes par kilomètre carré,Slovaquie,2017,111.7,,
ESTAT:TPS00003(1.0),02/04/25 23:00:00,Annuel,Personnes par kilomètre carré,Slovaquie,2018,111.8,,
ESTAT:TPS00003(1.0),02/04/25 23:00:00,Annuel,Personnes par kilomètre carré,Slovaquie,2019,112.0,,
ESTAT:TPS00003(1.0),02/04/25 23:00:00,Annuel,Personnes par kilomètre carré,Slovaquie,2020,112.0,,
ESTAT:TPS00003(1.0),02/04/25 23:00:00,Annuel,Personnes par kilomètre carré,Slovaquie,2021,112.1,,
ESTAT:TPS00003(1.0),02/04/25 23:00:00,Annuel,Personnes par kilomètre carré,Slovaquie,2022,111.5,,
ESTAT:TPS00003(1.0),02/04/25 23:00:00,Annuel,Personnes par kilomètre carré,Slovaquie,2023,111.4,,
ESTAT:TPS00003(1.0),02/04/25 23:00:00,Annuel,Personnes par kilomètre carré,Turquie,2012,97.7,,
ESTAT:TPS00003(1.0),02/04/25 23:00:00,Annuel,Personnes par kilomètre carré,Turquie,2013,98.9,,
ESTAT:TPS00003(1.0),02/04/25 23:00:00,Annuel,Personnes par kilomètre carré,Turquie,2014,100.3,,
ESTAT:TPS00003(1.0),02/04/25 23:00:00,Annuel,Personnes par kilomètre carré,Turquie,2015,101.6,,
ESTAT:TPS00003(1.0),02/04/25 23:00:00,Annuel,Personnes par kilomètre carré,Turquie,2016,103.4,b,
ESTAT:TPS00003(1.0),02/04/25 23:00:00,Annuel,Personnes par kilomètre carré,Turquie,2017,104.8,,
ESTAT:TPS00003(1.0),02/04/25 23:00:00,Annuel,Personnes par kilomètre carré,Turquie,2018,106.2,,
ESTAT:TPS00003(1.0),02/04/25 23:00:00,Annuel,Personnes par kilomètre carré,Turquie,2019,107.7,,
ESTAT:TPS00003(1.0),02/04/25 23:00:00,Annuel,Personnes par kilomètre carré,Turquie,2020,107.7,be,
ESTAT:TPS00003(1.0),02/04/25 23:00:00,Annuel,Personnes par kilomètre carré,Turquie,2021,108.8,,
ESTAT:TPS00003(1.0),02/04/25 23:00:00,Annuel,Personnes par kilomètre carré,Turquie,2022,110.9,,
ESTAT:TPS00003(1.0),02/04/25 23:00:00,Annuel,Personnes par kilomètre carré,Turquie,2023,111.3,,
ESTAT:TPS00003(1.0),02/04/25 23:00:00,Annuel,Personnes par kilomètre carré,United Kingdom,2012,262.7,,
ESTAT:TPS00003(1.0),02/04/25 23:00:00,Annuel,Personnes par kilomètre carré,United Kingdom,2013,264.4,,
ESTAT:TPS00003(1.0),02/04/25 23:00:00,Annuel,Personnes par kilomètre carré,United Kingdom,2014,266.4,,
ESTAT:TPS00003(1.0),02/04/25 23:00:00,Annuel,Personnes par kilomètre carré,United Kingdom,2015,268.5,,
ESTAT:TPS00003(1.0),02/04/25 23:00:00,Annuel,Personnes par kilomètre carré,United Kingdom,2016,270.6,b,
ESTAT:TPS00003(1.0),02/04/25 23:00:00,Annuel,Personnes par kilomètre carré,United Kingdom,2017,272.4,,
ESTAT:TPS00003(1.0),02/04/25 23:00:00,Annuel,Personnes par kilomètre carré,United Kingdom,2018,273.8,,
ESTAT:TPS00003(1.0),02/04/25 23:00:00,Annuel,Personnes par kilomètre carré,United Kingdom,2020,275.3,,
