DATAFLOW,LAST UPDATE,freq,unit,category,age,sex,geo,TIME_PERIOD,OBS_VALUE,OBS_FLAG,CONF_STATUS
ESTAT:HRST_ST_NCAT(1.0),09/01/26 23:00:00,Annuel,Pourcentage de la population active,Personnes diplômées de l'enseignement supérieur (CITE) et/ou employées dans le domaine de la science et de la technologie,De 25 à 64 ans,Total,Autriche,2015,48.6,,
ESTAT:HRST_ST_NCAT(1.0),09/01/26 23:00:00,Annuel,Pourcentage de la population active,Personnes diplômées de l'enseignement supérieur (CITE) et/ou employées dans le domaine de la science et de la technologie,De 25 à 64 ans,Total,Autriche,2016,49.1,,
ESTAT:HRST_ST_NCAT(1.0),09/01/26 23:00:00,Annuel,Pourcentage de la population active,Personnes diplômées de l'enseignement supérieur (CITE) et/ou employées dans le domaine de la science et de la technologie,De 25 à 64 ans,Total,Autriche,2017,50.1,,
ESTAT:HRST_ST_NCAT(1.0),09/01/26 23:00:00,Annuel,Pourcentage de la population active,Personnes diplômées de l'enseignement supérieur (CITE) et/ou employées dans le domaine de la science et de la technologie,De 25 à 64 ans,Total,Autriche,2018,50.4,,
ESTAT:HRST_ST_NCAT(1.0),09/01/26 23:00:00,Annuel,Pourcentage de la population active,Personnes diplômées de l'enseignement supérieur (CITE) et/ou employées dans le domaine de la science et de la technologie,De 25 à 64 ans,Total,Autriche,2019,51.1,,
ESTAT:HRST_ST_NCAT(1.0),09/01/26 23:00:00,Annuel,Pourcentage de la population active,Personnes diplômées de l'enseignement supérieur (CITE) et/ou employées dans le domaine de la science et de la technologie,De 25 à 64 ans,Total,Autriche,2020,52.2,,
ESTAT:HRST_ST_NCAT(1.0),09/01/26 23:00:00,Annuel,Pourcentage de la population active,Personnes diplômées de l'enseignement supérieur (CITE) et/ou employées dans le domaine de la science et de la technologie,De 25 à 64 ans,Total,Autriche,2021,52.3,b,
ESTAT:HRST_ST_NCAT(1.0),09/01/26 23:00:00,Annuel,Pourcentage de la population active,Personnes diplômées de l'enseignement supérieur (CITE) et/ou employées dans le domaine de la science et de la technologie,De 25 à 64 ans,Total,Autriche,2022,53.5,,
ESTAT:HRST_ST_NCAT(1.0),09/01/26 23:00:00,Annuel,Pourcentage de la population active,Personnes diplômées de l'enseignement supérieur (CITE) et/ou employées dans le domaine de la science et de la technologie,De 25 à 64 ans,Total,Autriche,2023,54.5,,
ESTAT:HRST_ST_NCAT(1.0),09/01/26 23:00:00,Annuel,Pourcentage de la population active,Personnes diplômées de l'enseignement supérieur (CITE) et/ou employées dans le domaine de la science et de la technologie,De 25 à 64 ans,Total,Autriche,2024,55.2,,
ESTAT:HRST_ST_NCAT(1.0),09/01/26 23:00:00,Annuel,Pourcentage de la population active,Personnes diplômées de l'enseignement supérieur (CITE) et/ou employées dans le domaine de la science et de la technologie,De 25 à 64 ans,Total,Bosnie-Herzégovine,2021,29.7,b,
ESTAT:HRST_ST_NCAT(1.0),09/01/26 23:00:00,Annuel,Pourcentage de la population active,Personnes diplômées de l'enseignement supérieur (CITE) et/ou employées dans le domaine de la science et de la technologie,De 25 à 64 ans,Total,Bosnie-Herzégovine,2022,30.4,,
ESTAT:HRST_ST_NCAT(1.0),09/01/26 23:00:00,Annuel,Pourcentage de la population active,Personnes diplômées de l'enseignement supérieur (CITE) et/ou employées dans le domaine de la science et de la technologie,De 25 à 64 ans,Total,Bosnie-Herzégovine,2023,31.2,,
ESTAT:HRST_ST_NCAT(1.0),09/01/26 23:00:00,Annuel,Pourcentage de la population active,Personnes diplômées de l'enseignement supérieur (CITE) et/ou employées dans le domaine de la science et de la technologie,De 25 à 64 ans,Total,Bosnie-Herzégovine,2024,31.2,,
ESTAT:HRST_ST_NCAT(1.0),09/01/26 23:00:00,Annuel,Pourcentage de la population active,Personnes diplômées de l'enseignement supérieur (CITE) et/ou employées dans le domaine de la science et de la technologie,De 25 à 64 ans,Total,Belgique,2015,50.5,,
ESTAT:HRST_ST_NCAT(1.0),09/01/26 23:00:00,Annuel,Pourcentage de la population active,Personnes diplômées de l'enseignement supérieur (CITE) et/ou employées dans le domaine de la science et de la technologie,De 25 à 64 ans,Total,Belgique,2016,51.1,,
ESTAT:HRST_ST_NCAT(1.0),09/01/26 23:00:00,Annuel,Pourcentage de la population active,Personnes diplômées de l'enseignement supérieur (CITE) et/ou employées dans le domaine de la science et de la technologie,De 25 à 64 ans,Total,Belgique,2017,54.3,b,
ESTAT:HRST_ST_NCAT(1.0),09/01/26 23:00:00,Annuel,Pourcentage de la population active,Personnes diplômées de l'enseignement supérieur (CITE) et/ou employées dans le domaine de la science et de la technologie,De 25 à 64 ans,Total,Belgique,2018,54.4,,
ESTAT:HRST_ST_NCAT(1.0),09/01/26 23:00:00,Annuel,Pourcentage de la population active,Personnes diplômées de l'enseignement supérieur (CITE) et/ou employées dans le domaine de la science et de la technologie,De 25 à 64 ans,Total,Belgique,2019,54.6,,
ESTAT:HRST_ST_NCAT(1.0),09/01/26 23:00:00,Annuel,Pourcentage de la population active,Personnes diplômées de l'enseignement supérieur (CITE) et/ou employées dans le domaine de la science et de la technologie,De 25 à 64 ans,Total,Belgique,2020,56.6,,
ESTAT:HRST_ST_NCAT(1.0),09/01/26 23:00:00,Annuel,Pourcentage de la population active,Personnes diplômées de l'enseignement supérieur (CITE) et/ou employées dans le domaine de la science et de la technologie,De 25 à 64 ans,Total,Belgique,2021,58.7,b,
ESTAT:HRST_ST_NCAT(1.0),09/01/26 23:00:00,Annuel,Pourcentage de la population active,Personnes diplômées de l'enseignement supérieur (CITE) et/ou employées dans le domaine de la science et de la technologie,De 25 à 64 ans,Total,Belgique,2022,59.3,,
ESTAT:HRST_ST_NCAT(1.0),09/01/26 23:00:00,Annuel,Pourcentage de la population active,Personnes diplômées de l'enseignement supérieur (CITE) et/ou employées dans le domaine de la science et de la technologie,De 25 à 64 ans,Total,Belgique,2023,58.5,,
ESTAT:HRST_ST_NCAT(1.0),09/01/26 23:00:00,Annuel,Pourcentage de la population active,Personnes diplômées de l'enseignement supérieur (CITE) et/ou employées dans le domaine de la science et de la technologie,De 25 à 64 ans,Total,Belgique,2024,59.0,,
ESTAT:HRST_ST_NCAT(1.0),09/01/26 23:00:00,Annuel,Pourcentage de la population active,Personnes diplômées de l'enseignement supérieur (CITE) et/ou employées dans le domaine de la science et de la technologie,De 25 à 64 ans,Total,Bulgarie,2015,36.3,,
ESTAT:HRST_ST_NCAT(1.0),09/01/26 23:00:00,Annuel,Pourcentage de la population active,Personnes diplômées de l'enseignement supérieur (CITE) et/ou employées dans le domaine de la science et de la technologie,De 25 à 64 ans,Total,Bulgarie,2016,36.8,,
ESTAT:HRST_ST_NCAT(1.0),09/01/26 23:00:00,Annuel,Pourcentage de la population active,Personnes diplômées de l'enseignement supérieur (CITE) et/ou employées dans le domaine de la science et de la technologie,De 25 à 64 ans,Total,Bulgarie,2017,36.5,,
ESTAT:HRST_ST_NCAT(1.0),09/01/26 23:00:00,Annuel,Pourcentage de la population active,Personnes diplômées de l'enseignement supérieur (CITE) et/ou employées dans le domaine de la science et de la technologie,De 25 à 64 ans,Total,Bulgarie,2018,36.8,,
ESTAT:HRST_ST_NCAT(1.0),09/01/26 23:00:00,Annuel,Pourcentage de la population active,Personnes diplômées de l'enseignement supérieur (CITE) et/ou employées dans le domaine de la science et de la technologie,De 25 à 64 ans,Total,Bulgarie,2019,36.4,b,
ESTAT:HRST_ST_NCAT(1.0),09/01/26 23:00:00,Annuel,Pourcentage de la population active,Personnes diplômées de l'enseignement supérieur (CITE) et/ou employées dans le domaine de la science et de la technologie,De 25 à 64 ans,Total,Bulgarie,2020,38.0,,
ESTAT:HRST_ST_NCAT(1.0),09/01/26 23:00:00,Annuel,Pourcentage de la population active,Personnes diplômées de l'enseignement supérieur (CITE) et/ou employées dans le domaine de la science et de la technologie,De 25 à 64 ans,Total,Bulgarie,2021,38.5,b,
ESTAT:HRST_ST_NCAT(1.0),09/01/26 23:00:00,Annuel,Pourcentage de la population active,Personnes diplômées de l'enseignement supérieur (CITE) et/ou employées dans le domaine de la science et de la technologie,De 25 à 64 ans,Total,Bulgarie,2022,38.1,,
ESTAT:HRST_ST_NCAT(1.0),09/01/26 23:00:00,Annuel,Pourcentage de la population active,Personnes diplômées de l'enseignement supérieur (CITE) et/ou employées dans le domaine de la science et de la technologie,De 25 à 64 ans,Total,Bulgarie,2023,39.0,,
ESTAT:HRST_ST_NCAT(1.0),09/01/26 23:00:00,Annuel,Pourcentage de la population active,Personnes diplômées de l'enseignement supérieur (CITE) et/ou employées dans le domaine de la science et de la technologie,De 25 à 64 ans,Total,Bulgarie,2024,43.0,b,
ESTAT:HRST_ST_NCAT(1.0),09/01/26 23:00:00,Annuel,Pourcentage de la population active,Personnes diplômées de l'enseignement supérieur (CITE) et/ou employées dans le domaine de la science et de la technologie,De 25 à 64 ans,Total,Suisse,2015,55.1,,
ESTAT:HRST_ST_NCAT(1.0),09/01/26 23:00:00,Annuel,Pourcentage de la population active,Personnes diplômées de l'enseignement supérieur (CITE) et/ou employées dans le domaine de la science et de la technologie,De 25 à 64 ans,Total,Suisse,2016,56.4,,
ESTAT:HRST_ST_NCAT(1.0),09/01/26 23:00:00,Annuel,Pourcentage de la population active,Personnes diplômées de l'enseignement supérieur (CITE) et/ou employées dans le domaine de la science et de la technologie,De 25 à 64 ans,Total,Suisse,2017,57.7,,
ESTAT:HRST_ST_NCAT(1.0),09/01/26 23:00:00,Annuel,Pourcentage de la population active,Personnes diplômées de l'enseignement supérieur (CITE) et/ou employées dans le domaine de la science et de la technologie,De 25 à 64 ans,Total,Suisse,2018,58.6,,
ESTAT:HRST_ST_NCAT(1.0),09/01/26 23:00:00,Annuel,Pourcentage de la population active,Personnes diplômées de l'enseignement supérieur (CITE) et/ou employées dans le domaine de la science et de la technologie,De 25 à 64 ans,Total,Suisse,2019,59.6,,
ESTAT:HRST_ST_NCAT(1.0),09/01/26 23:00:00,Annuel,Pourcentage de la population active,Personnes diplômées de l'enseignement supérieur (CITE) et/ou employées dans le domaine de la science et de la technologie,De 25 à 64 ans,Total,Suisse,2020,59.8,,
ESTAT:HRST_ST_NCAT(1.0),09/01/26 23:00:00,Annuel,Pourcentage de la population active,Personnes diplômées de l'enseignement supérieur (CITE) et/ou employées dans le domaine de la science et de la technologie,De 25 à 64 ans,Total,Suisse,2021,58.9,b,
ESTAT:HRST_ST_NCAT(1.0),09/01/26 23:00:00,Annuel,Pourcentage de la population active,Personnes diplômées de l'enseignement supérieur (CITE) et/ou employées dans le domaine de la science et de la technologie,De 25 à 64 ans,Total,Suisse,2022,58.7,,
ESTAT:HRST_ST_NCAT(1.0),09/01/26 23:00:00,Annuel,Pourcentage de la population active,Personnes diplômées de l'enseignement supérieur (CITE) et/ou employées dans le domaine de la science et de la technologie,De 25 à 64 ans,Total,Suisse,2023,59.9,,
ESTAT:HRST_ST_NCAT(1.0),09/01/26 23:00:00,Annuel,Pourcentage de la population active,Personnes diplômées de l'enseignement supérieur (CITE) et/ou employées dans le domaine de la science et de la technologie,De 25 à 64 ans,Total,Suisse,2024,60.5,,
ESTAT:HRST_ST_NCAT(1.0),09/01/26 23:00:00,Annuel,Pourcentage de la population active,Personnes diplômées de l'enseignement supérieur (CITE) et/ou employées dans le domaine de la science et de la technologie,De 25 à 64 ans,Total,Chypre,2015,49.3,,
ESTAT:HRST_ST_NCAT(1.0),09/01/26 23:00:00,Annuel,Pourcentage de la population active,Personnes diplômées de l'enseignement supérieur (CITE) et/ou employées dans le domaine de la science et de la technologie,De 25 à 64 ans,Total,Chypre,2016,50.6,,
ESTAT:HRST_ST_NCAT(1.0),09/01/26 23:00:00,Annuel,Pourcentage de la population active,Personnes diplômées de l'enseignement supérieur (CITE) et/ou employées dans le domaine de la science et de la technologie,De 25 à 64 ans,Total,Chypre,2017,50.9,,
ESTAT:HRST_ST_NCAT(1.0),09/01/26 23:00:00,Annuel,Pourcentage de la population active,Personnes diplômées de l'enseignement supérieur (CITE) et/ou employées dans le domaine de la science et de la technologie,De 25 à 64 ans,Total,Chypre,2018,52.0,,
ESTAT:HRST_ST_NCAT(1.0),09/01/26 23:00:00,Annuel,Pourcentage de la population active,Personnes diplômées de l'enseignement supérieur (CITE) et/ou employées dans le domaine de la science et de la technologie,De 25 à 64 ans,Total,Chypre,2019,52.4,,
ESTAT:HRST_ST_NCAT(1.0),09/01/26 23:00:00,Annuel,Pourcentage de la population active,Personnes diplômées de l'enseignement supérieur (CITE) et/ou employées dans le domaine de la science et de la technologie,De 25 à 64 ans,Total,Chypre,2020,53.0,,
ESTAT:HRST_ST_NCAT(1.0),09/01/26 23:00:00,Annuel,Pourcentage de la population active,Personnes diplômées de l'enseignement supérieur (CITE) et/ou employées dans le domaine de la science et de la technologie,De 25 à 64 ans,Total,Chypre,2021,54.8,b,
ESTAT:HRST_ST_NCAT(1.0),09/01/26 23:00:00,Annuel,Pourcentage de la population active,Personnes diplômées de l'enseignement supérieur (CITE) et/ou employées dans le domaine de la science et de la technologie,De 25 à 64 ans,Total,Chypre,2022,55.3,,
ESTAT:HRST_ST_NCAT(1.0),09/01/26 23:00:00,Annuel,Pourcentage de la population active,Personnes diplômées de l'enseignement supérieur (CITE) et/ou employées dans le domaine de la science et de la technologie,De 25 à 64 ans,Total,Chypre,2023,58.1,,
ESTAT:HRST_ST_NCAT(1.0),09/01/26 23:00:00,Annuel,Pourcentage de la population active,Personnes diplômées de l'enseignement supérieur (CITE) et/ou employées dans le domaine de la science et de la technologie,De 25 à 64 ans,Total,Chypre,2024,58.9,,
ESTAT:HRST_ST_NCAT(1.0),09/01/26 23:00:00,Annuel,Pourcentage de la population active,Personnes diplômées de l'enseignement supérieur (CITE) et/ou employées dans le domaine de la science et de la technologie,De 25 à 64 ans,Total,Tchéquie,2015,38.1,,
ESTAT:HRST_ST_NCAT(1.0),09/01/26 23:00:00,Annuel,Pourcentage de la population active,Personnes diplômées de l'enseignement supérieur (CITE) et/ou employées dans le domaine de la science et de la technologie,De 25 à 64 ans,Total,Tchéquie,2016,38.7,,
ESTAT:HRST_ST_NCAT(1.0),09/01/26 23:00:00,Annuel,Pourcentage de la population active,Personnes diplômées de l'enseignement supérieur (CITE) et/ou employées dans le domaine de la science et de la technologie,De 25 à 64 ans,Total,Tchéquie,2017,39.6,,
ESTAT:HRST_ST_NCAT(1.0),09/01/26 23:00:00,Annuel,Pourcentage de la population active,Personnes diplômées de l'enseignement supérieur (CITE) et/ou employées dans le domaine de la science et de la technologie,De 25 à 64 ans,Total,Tchéquie,2018,39.9,,
ESTAT:HRST_ST_NCAT(1.0),09/01/26 23:00:00,Annuel,Pourcentage de la population active,Personnes diplômées de l'enseignement supérieur (CITE) et/ou employées dans le domaine de la science et de la technologie,De 25 à 64 ans,Total,Tchéquie,2019,39.8,,
ESTAT:HRST_ST_NCAT(1.0),09/01/26 23:00:00,Annuel,Pourcentage de la population active,Personnes diplômées de l'enseignement supérieur (CITE) et/ou employées dans le domaine de la science et de la technologie,De 25 à 64 ans,Total,Tchéquie,2020,40.6,,
ESTAT:HRST_ST_NCAT(1.0),09/01/26 23:00:00,Annuel,Pourcentage de la population active,Personnes diplômées de l'enseignement supérieur (CITE) et/ou employées dans le domaine de la science et de la technologie,De 25 à 64 ans,Total,Tchéquie,2021,42.0,b,
ESTAT:HRST_ST_NCAT(1.0),09/01/26 23:00:00,Annuel,Pourcentage de la population active,Personnes diplômées de l'enseignement supérieur (CITE) et/ou employées dans le domaine de la science et de la technologie,De 25 à 64 ans,Total,Tchéquie,2022,41.9,,
ESTAT:HRST_ST_NCAT(1.0),09/01/26 23:00:00,Annuel,Pourcentage de la population active,Personnes diplômées de l'enseignement supérieur (CITE) et/ou employées dans le domaine de la science et de la technologie,De 25 à 64 ans,Total,Tchéquie,2023,42.6,,
ESTAT:HRST_ST_NCAT(1.0),09/01/26 23:00:00,Annuel,Pourcentage de la population active,Personnes diplômées de l'enseignement supérieur (CITE) et/ou employées dans le domaine de la science et de la technologie,De 25 à 64 ans,Total,Tchéquie,2024,43.9,,
ESTAT:HRST_ST_NCAT(1.0),09/01/26 23:00:00,Annuel,Pourcentage de la population active,Personnes diplômées de l'enseignement supérieur (CITE) et/ou employées dans le domaine de la science et de la technologie,De 25 à 64 ans,Total,Allemagne,2015,47.7,,
ESTAT:HRST_ST_NCAT(1.0),09/01/26 23:00:00,Annuel,Pourcentage de la population active,Personnes diplômées de l'enseignement supérieur (CITE) et/ou employées dans le domaine de la science et de la technologie,De 25 à 64 ans,Total,Allemagne,2016,48.4,,
ESTAT:HRST_ST_NCAT(1.0),09/01/26 23:00:00,Annuel,Pourcentage de la population active,Personnes diplômées de l'enseignement supérieur (CITE) et/ou employées dans le domaine de la science et de la technologie,De 25 à 64 ans,Total,Allemagne,2017,48.7,,
ESTAT:HRST_ST_NCAT(1.0),09/01/26 23:00:00,Annuel,Pourcentage de la population active,Personnes diplômées de l'enseignement supérieur (CITE) et/ou employées dans le domaine de la science et de la technologie,De 25 à 64 ans,Total,Allemagne,2018,49.3,,
ESTAT:HRST_ST_NCAT(1.0),09/01/26 23:00:00,Annuel,Pourcentage de la population active,Personnes diplômées de l'enseignement supérieur (CITE) et/ou employées dans le domaine de la science et de la technologie,De 25 à 64 ans,Total,Allemagne,2019,50.3,,
ESTAT:HRST_ST_NCAT(1.0),09/01/26 23:00:00,Annuel,Pourcentage de la population active,Personnes diplômées de l'enseignement supérieur (CITE) et/ou employées dans le domaine de la science et de la technologie,De 25 à 64 ans,Total,Allemagne,2020,50.8,b,
ESTAT:HRST_ST_NCAT(1.0),09/01/26 23:00:00,Annuel,Pourcentage de la population active,Personnes diplômées de l'enseignement supérieur (CITE) et/ou employées dans le domaine de la science et de la technologie,De 25 à 64 ans,Total,Allemagne,2021,52.1,b,
ESTAT:HRST_ST_NCAT(1.0),09/01/26 23:00:00,Annuel,Pourcentage de la population active,Personnes diplômées de l'enseignement supérieur (CITE) et/ou employées dans le domaine de la science et de la technologie,De 25 à 64 ans,Total,Allemagne,2022,51.9,,
ESTAT:HRST_ST_NCAT(1.0),09/01/26 23:00:00,Annuel,Pourcentage de la population active,Personnes diplômées de l'enseignement supérieur (CITE) et/ou employées dans le domaine de la science et de la technologie,De 25 à 64 ans,Total,Allemagne,2023,52.6,,
ESTAT:HRST_ST_NCAT(1.0),09/01/26 23:00:00,Annuel,Pourcentage de la population active,Personnes diplômées de l'enseignement supérieur (CITE) et/ou employées dans le domaine de la science et de la technologie,De 25 à 64 ans,Total,Allemagne,2024,53.7,,
ESTAT:HRST_ST_NCAT(1.0),09/01/26 23:00:00,Annuel,Pourcentage de la population active,Personnes diplômées de l'enseignement supérieur (CITE) et/ou employées dans le domaine de la science et de la technologie,De 25 à 64 ans,Total,Danemark,2015,54.6,,
ESTAT:HRST_ST_NCAT(1.0),09/01/26 23:00:00,Annuel,Pourcentage de la population active,Personnes diplômées de l'enseignement supérieur (CITE) et/ou employées dans le domaine de la science et de la technologie,De 25 à 64 ans,Total,Danemark,2016,55.4,b,
ESTAT:HRST_ST_NCAT(1.0),09/01/26 23:00:00,Annuel,Pourcentage de la population active,Personnes diplômées de l'enseignement supérieur (CITE) et/ou employées dans le domaine de la science et de la technologie,De 25 à 64 ans,Total,Danemark,2017,56.9,b,
ESTAT:HRST_ST_NCAT(1.0),09/01/26 23:00:00,Annuel,Pourcentage de la population active,Personnes diplômées de l'enseignement supérieur (CITE) et/ou employées dans le domaine de la science et de la technologie,De 25 à 64 ans,Total,Danemark,2018,57.7,,
ESTAT:HRST_ST_NCAT(1.0),09/01/26 23:00:00,Annuel,Pourcentage de la population active,Personnes diplômées de l'enseignement supérieur (CITE) et/ou employées dans le domaine de la science et de la technologie,De 25 à 64 ans,Total,Danemark,2019,58.4,,
ESTAT:HRST_ST_NCAT(1.0),09/01/26 23:00:00,Annuel,Pourcentage de la population active,Personnes diplômées de l'enseignement supérieur (CITE) et/ou employées dans le domaine de la science et de la technologie,De 25 à 64 ans,Total,Danemark,2020,59.3,,
ESTAT:HRST_ST_NCAT(1.0),09/01/26 23:00:00,Annuel,Pourcentage de la population active,Personnes diplômées de l'enseignement supérieur (CITE) et/ou employées dans le domaine de la science et de la technologie,De 25 à 64 ans,Total,Danemark,2021,60.0,b,
ESTAT:HRST_ST_NCAT(1.0),09/01/26 23:00:00,Annuel,Pourcentage de la population active,Personnes diplômées de l'enseignement supérieur (CITE) et/ou employées dans le domaine de la science et de la technologie,De 25 à 64 ans,Total,Danemark,2022,60.2,,
ESTAT:HRST_ST_NCAT(1.0),09/01/26 23:00:00,Annuel,Pourcentage de la population active,Personnes diplômées de l'enseignement supérieur (CITE) et/ou employées dans le domaine de la science et de la technologie,De 25 à 64 ans,Total,Danemark,2023,61.0,b,
ESTAT:HRST_ST_NCAT(1.0),09/01/26 23:00:00,Annuel,Pourcentage de la population active,Personnes diplômées de l'enseignement supérieur (CITE) et/ou employées dans le domaine de la science et de la technologie,De 25 à 64 ans,Total,Danemark,2024,62.1,,
ESTAT:HRST_ST_NCAT(1.0),09/01/26 23:00:00,Annuel,Pourcentage de la population active,Personnes diplômées de l'enseignement supérieur (CITE) et/ou employées dans le domaine de la science et de la technologie,De 25 à 64 ans,Total,Zone euro - 21 pays (à partir de 2026),2015,44.7,,
ESTAT:HRST_ST_NCAT(1.0),09/01/26 23:00:00,Annuel,Pourcentage de la population active,Personnes diplômées de l'enseignement supérieur (CITE) et/ou employées dans le domaine de la science et de la technologie,De 25 à 64 ans,Total,Zone euro - 21 pays (à partir de 2026),2016,45.4,,
ESTAT:HRST_ST_NCAT(1.0),09/01/26 23:00:00,Annuel,Pourcentage de la population active,Personnes diplômées de l'enseignement supérieur (CITE) et/ou employées dans le domaine de la science et de la technologie,De 25 à 64 ans,Total,Zone euro - 21 pays (à partir de 2026),2017,46.0,,
ESTAT:HRST_ST_NCAT(1.0),09/01/26 23:00:00,Annuel,Pourcentage de la population active,Personnes diplômées de l'enseignement supérieur (CITE) et/ou employées dans le domaine de la science et de la technologie,De 25 à 64 ans,Total,Zone euro - 21 pays (à partir de 2026),2018,46.9,,
ESTAT:HRST_ST_NCAT(1.0),09/01/26 23:00:00,Annuel,Pourcentage de la population active,Personnes diplômées de l'enseignement supérieur (CITE) et/ou employées dans le domaine de la science et de la technologie,De 25 à 64 ans,Total,Zone euro - 21 pays (à partir de 2026),2019,47.9,,
ESTAT:HRST_ST_NCAT(1.0),09/01/26 23:00:00,Annuel,Pourcentage de la population active,Personnes diplômées de l'enseignement supérieur (CITE) et/ou employées dans le domaine de la science et de la technologie,De 25 à 64 ans,Total,Zone euro - 21 pays (à partir de 2026),2020,49.1,,
ESTAT:HRST_ST_NCAT(1.0),09/01/26 23:00:00,Annuel,Pourcentage de la population active,Personnes diplômées de l'enseignement supérieur (CITE) et/ou employées dans le domaine de la science et de la technologie,De 25 à 64 ans,Total,Zone euro - 21 pays (à partir de 2026),2021,49.6,b,
ESTAT:HRST_ST_NCAT(1.0),09/01/26 23:00:00,Annuel,Pourcentage de la population active,Personnes diplômées de l'enseignement supérieur (CITE) et/ou employées dans le domaine de la science et de la technologie,De 25 à 64 ans,Total,Zone euro - 21 pays (à partir de 2026),2022,50.1,,
ESTAT:HRST_ST_NCAT(1.0),09/01/26 23:00:00,Annuel,Pourcentage de la population active,Personnes diplômées de l'enseignement supérieur (CITE) et/ou employées dans le domaine de la science et de la technologie,De 25 à 64 ans,Total,Zone euro - 21 pays (à partir de 2026),2023,50.7,,
ESTAT:HRST_ST_NCAT(1.0),09/01/26 23:00:00,Annuel,Pourcentage de la population active,Personnes diplômées de l'enseignement supérieur (CITE) et/ou employées dans le domaine de la science et de la technologie,De 25 à 64 ans,Total,Zone euro - 21 pays (à partir de 2026),2024,51.7,,
ESTAT:HRST_ST_NCAT(1.0),09/01/26 23:00:00,Annuel,Pourcentage de la population active,Personnes diplômées de l'enseignement supérieur (CITE) et/ou employées dans le domaine de la science et de la technologie,De 25 à 64 ans,Total,Estonie,2015,47.9,,
ESTAT:HRST_ST_NCAT(1.0),09/01/26 23:00:00,Annuel,Pourcentage de la population active,Personnes diplômées de l'enseignement supérieur (CITE) et/ou employées dans le domaine de la science et de la technologie,De 25 à 64 ans,Total,Estonie,2016,47.9,,
ESTAT:HRST_ST_NCAT(1.0),09/01/26 23:00:00,Annuel,Pourcentage de la population active,Personnes diplômées de l'enseignement supérieur (CITE) et/ou employées dans le domaine de la science et de la technologie,De 25 à 64 ans,Total,Estonie,2017,49.1,,
ESTAT:HRST_ST_NCAT(1.0),09/01/26 23:00:00,Annuel,Pourcentage de la population active,Personnes diplômées de l'enseignement supérieur (CITE) et/ou employées dans le domaine de la science et de la technologie,De 25 à 64 ans,Total,Estonie,2018,50.2,,
ESTAT:HRST_ST_NCAT(1.0),09/01/26 23:00:00,Annuel,Pourcentage de la population active,Personnes diplômées de l'enseignement supérieur (CITE) et/ou employées dans le domaine de la science et de la technologie,De 25 à 64 ans,Total,Estonie,2019,51.9,,
ESTAT:HRST_ST_NCAT(1.0),09/01/26 23:00:00,Annuel,Pourcentage de la population active,Personnes diplômées de l'enseignement supérieur (CITE) et/ou employées dans le domaine de la science et de la technologie,De 25 à 64 ans,Total,Estonie,2020,52.8,,
ESTAT:HRST_ST_NCAT(1.0),09/01/26 23:00:00,Annuel,Pourcentage de la population active,Personnes diplômées de l'enseignement supérieur (CITE) et/ou employées dans le domaine de la science et de la technologie,De 25 à 64 ans,Total,Estonie,2021,54.9,b,
ESTAT:HRST_ST_NCAT(1.0),09/01/26 23:00:00,Annuel,Pourcentage de la population active,Personnes diplômées de l'enseignement supérieur (CITE) et/ou employées dans le domaine de la science et de la technologie,De 25 à 64 ans,Total,Estonie,2022,55.2,,
ESTAT:HRST_ST_NCAT(1.0),09/01/26 23:00:00,Annuel,Pourcentage de la population active,Personnes diplômées de l'enseignement supérieur (CITE) et/ou employées dans le domaine de la science et de la technologie,De 25 à 64 ans,Total,Estonie,2023,54.4,,
ESTAT:HRST_ST_NCAT(1.0),09/01/26 23:00:00,Annuel,Pourcentage de la population active,Personnes diplômées de l'enseignement supérieur (CITE) et/ou employées dans le domaine de la science et de la technologie,De 25 à 64 ans,Total,Estonie,2024,54.0,,
ESTAT:HRST_ST_NCAT(1.0),09/01/26 23:00:00,Annuel,Pourcentage de la population active,Personnes diplômées de l'enseignement supérieur (CITE) et/ou employées dans le domaine de la science et de la technologie,De 25 à 64 ans,Total,Grèce,2015,36.1,,
ESTAT:HRST_ST_NCAT(1.0),09/01/26 23:00:00,Annuel,Pourcentage de la population active,Personnes diplômées de l'enseignement supérieur (CITE) et/ou employées dans le domaine de la science et de la technologie,De 25 à 64 ans,Total,Grèce,2016,37.4,,
ESTAT:HRST_ST_NCAT(1.0),09/01/26 23:00:00,Annuel,Pourcentage de la population active,Personnes diplômées de l'enseignement supérieur (CITE) et/ou employées dans le domaine de la science et de la technologie,De 25 à 64 ans,Total,Grèce,2017,38.5,,
ESTAT:HRST_ST_NCAT(1.0),09/01/26 23:00:00,Annuel,Pourcentage de la population active,Personnes diplômées de l'enseignement supérieur (CITE) et/ou employées dans le domaine de la science et de la technologie,De 25 à 64 ans,Total,Grèce,2018,39.2,,
ESTAT:HRST_ST_NCAT(1.0),09/01/26 23:00:00,Annuel,Pourcentage de la population active,Personnes diplômées de l'enseignement supérieur (CITE) et/ou employées dans le domaine de la science et de la technologie,De 25 à 64 ans,Total,Grèce,2019,39.3,,
ESTAT:HRST_ST_NCAT(1.0),09/01/26 23:00:00,Annuel,Pourcentage de la population active,Personnes diplômées de l'enseignement supérieur (CITE) et/ou employées dans le domaine de la science et de la technologie,De 25 à 64 ans,Total,Grèce,2020,40.7,,
ESTAT:HRST_ST_NCAT(1.0),09/01/26 23:00:00,Annuel,Pourcentage de la population active,Personnes diplômées de l'enseignement supérieur (CITE) et/ou employées dans le domaine de la science et de la technologie,De 25 à 64 ans,Total,Grèce,2021,42.6,b,
ESTAT:HRST_ST_NCAT(1.0),09/01/26 23:00:00,Annuel,Pourcentage de la population active,Personnes diplômées de l'enseignement supérieur (CITE) et/ou employées dans le domaine de la science et de la technologie,De 25 à 64 ans,Total,Grèce,2022,43.3,,
ESTAT:HRST_ST_NCAT(1.0),09/01/26 23:00:00,Annuel,Pourcentage de la population active,Personnes diplômées de l'enseignement supérieur (CITE) et/ou employées dans le domaine de la science et de la technologie,De 25 à 64 ans,Total,Grèce,2023,42.8,,
ESTAT:HRST_ST_NCAT(1.0),09/01/26 23:00:00,Annuel,Pourcentage de la population active,Personnes diplômées de l'enseignement supérieur (CITE) et/ou employées dans le domaine de la science et de la technologie,De 25 à 64 ans,Total,Grèce,2024,43.2,,
ESTAT:HRST_ST_NCAT(1.0),09/01/26 23:00:00,Annuel,Pourcentage de la population active,Personnes diplômées de l'enseignement supérieur (CITE) et/ou employées dans le domaine de la science et de la technologie,De 25 à 64 ans,Total,Espagne,2015,42.7,,
ESTAT:HRST_ST_NCAT(1.0),09/01/26 23:00:00,Annuel,Pourcentage de la population active,Personnes diplômées de l'enseignement supérieur (CITE) et/ou employées dans le domaine de la science et de la technologie,De 25 à 64 ans,Total,Espagne,2016,43.4,,
ESTAT:HRST_ST_NCAT(1.0),09/01/26 23:00:00,Annuel,Pourcentage de la population active,Personnes diplômées de l'enseignement supérieur (CITE) et/ou employées dans le domaine de la science et de la technologie,De 25 à 64 ans,Total,Espagne,2017,44.3,,
ESTAT:HRST_ST_NCAT(1.0),09/01/26 23:00:00,Annuel,Pourcentage de la population active,Personnes diplômées de l'enseignement supérieur (CITE) et/ou employées dans le domaine de la science et de la technologie,De 25 à 64 ans,Total,Espagne,2018,45.1,,
ESTAT:HRST_ST_NCAT(1.0),09/01/26 23:00:00,Annuel,Pourcentage de la population active,Personnes diplômées de l'enseignement supérieur (CITE) et/ou employées dans le domaine de la science et de la technologie,De 25 à 64 ans,Total,Espagne,2019,46.5,,
ESTAT:HRST_ST_NCAT(1.0),09/01/26 23:00:00,Annuel,Pourcentage de la population active,Personnes diplômées de l'enseignement supérieur (CITE) et/ou employées dans le domaine de la science et de la technologie,De 25 à 64 ans,Total,Espagne,2020,47.8,,
ESTAT:HRST_ST_NCAT(1.0),09/01/26 23:00:00,Annuel,Pourcentage de la population active,Personnes diplômées de l'enseignement supérieur (CITE) et/ou employées dans le domaine de la science et de la technologie,De 25 à 64 ans,Total,Espagne,2021,48.0,bd,
ESTAT:HRST_ST_NCAT(1.0),09/01/26 23:00:00,Annuel,Pourcentage de la population active,Personnes diplômées de l'enseignement supérieur (CITE) et/ou employées dans le domaine de la science et de la technologie,De 25 à 64 ans,Total,Espagne,2022,48.4,d,
ESTAT:HRST_ST_NCAT(1.0),09/01/26 23:00:00,Annuel,Pourcentage de la population active,Personnes diplômées de l'enseignement supérieur (CITE) et/ou employées dans le domaine de la science et de la technologie,De 25 à 64 ans,Total,Espagne,2023,49.1,d,
ESTAT:HRST_ST_NCAT(1.0),09/01/26 23:00:00,Annuel,Pourcentage de la population active,Personnes diplômées de l'enseignement supérieur (CITE) et/ou employées dans le domaine de la science et de la technologie,De 25 à 64 ans,Total,Espagne,2024,49.7,d,
ESTAT:HRST_ST_NCAT(1.0),09/01/26 23:00:00,Annuel,Pourcentage de la population active,Personnes diplômées de l'enseignement supérieur (CITE) et/ou employées dans le domaine de la science et de la technologie,De 25 à 64 ans,Total,Union européenne - 27 pays (à partir de 2020),2015,43.7,,
ESTAT:HRST_ST_NCAT(1.0),09/01/26 23:00:00,Annuel,Pourcentage de la population active,Personnes diplômées de l'enseignement supérieur (CITE) et/ou employées dans le domaine de la science et de la technologie,De 25 à 64 ans,Total,Union européenne - 27 pays (à partir de 2020),2016,44.4,,
ESTAT:HRST_ST_NCAT(1.0),09/01/26 23:00:00,Annuel,Pourcentage de la population active,Personnes diplômées de l'enseignement supérieur (CITE) et/ou employées dans le domaine de la science et de la technologie,De 25 à 64 ans,Total,Union européenne - 27 pays (à partir de 2020),2017,45.1,,
ESTAT:HRST_ST_NCAT(1.0),09/01/26 23:00:00,Annuel,Pourcentage de la population active,Personnes diplômées de l'enseignement supérieur (CITE) et/ou employées dans le domaine de la science et de la technologie,De 25 à 64 ans,Total,Union européenne - 27 pays (à partir de 2020),2018,46.0,,
ESTAT:HRST_ST_NCAT(1.0),09/01/26 23:00:00,Annuel,Pourcentage de la population active,Personnes diplômées de l'enseignement supérieur (CITE) et/ou employées dans le domaine de la science et de la technologie,De 25 à 64 ans,Total,Union européenne - 27 pays (à partir de 2020),2019,47.0,,
ESTAT:HRST_ST_NCAT(1.0),09/01/26 23:00:00,Annuel,Pourcentage de la population active,Personnes diplômées de l'enseignement supérieur (CITE) et/ou employées dans le domaine de la science et de la technologie,De 25 à 64 ans,Total,Union européenne - 27 pays (à partir de 2020),2020,48.0,,
ESTAT:HRST_ST_NCAT(1.0),09/01/26 23:00:00,Annuel,Pourcentage de la population active,Personnes diplômées de l'enseignement supérieur (CITE) et/ou employées dans le domaine de la science et de la technologie,De 25 à 64 ans,Total,Union européenne - 27 pays (à partir de 2020),2021,48.8,b,
ESTAT:HRST_ST_NCAT(1.0),09/01/26 23:00:00,Annuel,Pourcentage de la population active,Personnes diplômées de l'enseignement supérieur (CITE) et/ou employées dans le domaine de la science et de la technologie,De 25 à 64 ans,Total,Union européenne - 27 pays (à partir de 2020),2022,49.2,,
ESTAT:HRST_ST_NCAT(1.0),09/01/26 23:00:00,Annuel,Pourcentage de la population active,Personnes diplômées de l'enseignement supérieur (CITE) et/ou employées dans le domaine de la science et de la technologie,De 25 à 64 ans,Total,Union européenne - 27 pays (à partir de 2020),2023,50.0,,
ESTAT:HRST_ST_NCAT(1.0),09/01/26 23:00:00,Annuel,Pourcentage de la population active,Personnes diplômées de l'enseignement supérieur (CITE) et/ou employées dans le domaine de la science et de la technologie,De 25 à 64 ans,Total,Union européenne - 27 pays (à partir de 2020),2024,51.0,,
ESTAT:HRST_ST_NCAT(1.0),09/01/26 23:00:00,Annuel,Pourcentage de la population active,Personnes diplômées de l'enseignement supérieur (CITE) et/ou employées dans le domaine de la science et de la technologie,De 25 à 64 ans,Total,Finlande,2015,56.5,,
ESTAT:HRST_ST_NCAT(1.0),09/01/26 23:00:00,Annuel,Pourcentage de la population active,Personnes diplômées de l'enseignement supérieur (CITE) et/ou employées dans le domaine de la science et de la technologie,De 25 à 64 ans,Total,Finlande,2016,56.9,,
ESTAT:HRST_ST_NCAT(1.0),09/01/26 23:00:00,Annuel,Pourcentage de la population active,Personnes diplômées de l'enseignement supérieur (CITE) et/ou employées dans le domaine de la science et de la technologie,De 25 à 64 ans,Total,Finlande,2017,57.7,,
ESTAT:HRST_ST_NCAT(1.0),09/01/26 23:00:00,Annuel,Pourcentage de la population active,Personnes diplômées de l'enseignement supérieur (CITE) et/ou employées dans le domaine de la science et de la technologie,De 25 à 64 ans,Total,Finlande,2018,58.4,,
ESTAT:HRST_ST_NCAT(1.0),09/01/26 23:00:00,Annuel,Pourcentage de la population active,Personnes diplômées de l'enseignement supérieur (CITE) et/ou employées dans le domaine de la science et de la technologie,De 25 à 64 ans,Total,Finlande,2019,59.9,,
ESTAT:HRST_ST_NCAT(1.0),09/01/26 23:00:00,Annuel,Pourcentage de la population active,Personnes diplômées de l'enseignement supérieur (CITE) et/ou employées dans le domaine de la science et de la technologie,De 25 à 64 ans,Total,Finlande,2020,61.6,,
ESTAT:HRST_ST_NCAT(1.0),09/01/26 23:00:00,Annuel,Pourcentage de la population active,Personnes diplômées de l'enseignement supérieur (CITE) et/ou employées dans le domaine de la science et de la technologie,De 25 à 64 ans,Total,Finlande,2021,57.7,b,
ESTAT:HRST_ST_NCAT(1.0),09/01/26 23:00:00,Annuel,Pourcentage de la population active,Personnes diplômées de l'enseignement supérieur (CITE) et/ou employées dans le domaine de la science et de la technologie,De 25 à 64 ans,Total,Finlande,2022,57.8,,
ESTAT:HRST_ST_NCAT(1.0),09/01/26 23:00:00,Annuel,Pourcentage de la population active,Personnes diplômées de l'enseignement supérieur (CITE) et/ou employées dans le domaine de la science et de la technologie,De 25 à 64 ans,Total,Finlande,2023,58.1,,
ESTAT:HRST_ST_NCAT(1.0),09/01/26 23:00:00,Annuel,Pourcentage de la population active,Personnes diplômées de l'enseignement supérieur (CITE) et/ou employées dans le domaine de la science et de la technologie,De 25 à 64 ans,Total,Finlande,2024,57.2,,
ESTAT:HRST_ST_NCAT(1.0),09/01/26 23:00:00,Annuel,Pourcentage de la population active,Personnes diplômées de l'enseignement supérieur (CITE) et/ou employées dans le domaine de la science et de la technologie,De 25 à 64 ans,Total,France,2015,50.0,,
ESTAT:HRST_ST_NCAT(1.0),09/01/26 23:00:00,Annuel,Pourcentage de la population active,Personnes diplômées de l'enseignement supérieur (CITE) et/ou employées dans le domaine de la science et de la technologie,De 25 à 64 ans,Total,France,2016,50.6,,
ESTAT:HRST_ST_NCAT(1.0),09/01/26 23:00:00,Annuel,Pourcentage de la population active,Personnes diplômées de l'enseignement supérieur (CITE) et/ou employées dans le domaine de la science et de la technologie,De 25 à 64 ans,Total,France,2017,50.9,,
ESTAT:HRST_ST_NCAT(1.0),09/01/26 23:00:00,Annuel,Pourcentage de la population active,Personnes diplômées de l'enseignement supérieur (CITE) et/ou employées dans le domaine de la science et de la technologie,De 25 à 64 ans,Total,France,2018,52.2,,
ESTAT:HRST_ST_NCAT(1.0),09/01/26 23:00:00,Annuel,Pourcentage de la population active,Personnes diplômées de l'enseignement supérieur (CITE) et/ou employées dans le domaine de la science et de la technologie,De 25 à 64 ans,Total,France,2019,53.5,,
ESTAT:HRST_ST_NCAT(1.0),09/01/26 23:00:00,Annuel,Pourcentage de la population active,Personnes diplômées de l'enseignement supérieur (CITE) et/ou employées dans le domaine de la science et de la technologie,De 25 à 64 ans,Total,France,2020,55.2,,
ESTAT:HRST_ST_NCAT(1.0),09/01/26 23:00:00,Annuel,Pourcentage de la population active,Personnes diplômées de l'enseignement supérieur (CITE) et/ou employées dans le domaine de la science et de la technologie,De 25 à 64 ans,Total,France,2021,55.0,bd,
ESTAT:HRST_ST_NCAT(1.0),09/01/26 23:00:00,Annuel,Pourcentage de la population active,Personnes diplômées de l'enseignement supérieur (CITE) et/ou employées dans le domaine de la science et de la technologie,De 25 à 64 ans,Total,France,2022,55.8,d,
ESTAT:HRST_ST_NCAT(1.0),09/01/26 23:00:00,Annuel,Pourcentage de la population active,Personnes diplômées de l'enseignement supérieur (CITE) et/ou employées dans le domaine de la science et de la technologie,De 25 à 64 ans,Total,France,2023,56.9,d,
ESTAT:HRST_ST_NCAT(1.0),09/01/26 23:00:00,Annuel,Pourcentage de la population active,Personnes diplômées de l'enseignement supérieur (CITE) et/ou employées dans le domaine de la science et de la technologie,De 25 à 64 ans,Total,France,2024,57.6,d,
ESTAT:HRST_ST_NCAT(1.0),09/01/26 23:00:00,Annuel,Pourcentage de la population active,Personnes diplômées de l'enseignement supérieur (CITE) et/ou employées dans le domaine de la science et de la technologie,De 25 à 64 ans,Total,Croatie,2015,36.4,,
ESTAT:HRST_ST_NCAT(1.0),09/01/26 23:00:00,Annuel,Pourcentage de la population active,Personnes diplômées de l'enseignement supérieur (CITE) et/ou employées dans le domaine de la science et de la technologie,De 25 à 64 ans,Total,Croatie,2016,37.6,,
ESTAT:HRST_ST_NCAT(1.0),09/01/26 23:00:00,Annuel,Pourcentage de la population active,Personnes diplômées de l'enseignement supérieur (CITE) et/ou employées dans le domaine de la science et de la technologie,De 25 à 64 ans,Total,Croatie,2017,38.4,,
ESTAT:HRST_ST_NCAT(1.0),09/01/26 23:00:00,Annuel,Pourcentage de la population active,Personnes diplômées de l'enseignement supérieur (CITE) et/ou employées dans le domaine de la science et de la technologie,De 25 à 64 ans,Total,Croatie,2018,39.9,,
ESTAT:HRST_ST_NCAT(1.0),09/01/26 23:00:00,Annuel,Pourcentage de la population active,Personnes diplômées de l'enseignement supérieur (CITE) et/ou employées dans le domaine de la science et de la technologie,De 25 à 64 ans,Total,Croatie,2019,40.3,,
ESTAT:HRST_ST_NCAT(1.0),09/01/26 23:00:00,Annuel,Pourcentage de la population active,Personnes diplômées de l'enseignement supérieur (CITE) et/ou employées dans le domaine de la science et de la technologie,De 25 à 64 ans,Total,Croatie,2020,40.4,,
ESTAT:HRST_ST_NCAT(1.0),09/01/26 23:00:00,Annuel,Pourcentage de la population active,Personnes diplômées de l'enseignement supérieur (CITE) et/ou employées dans le domaine de la science et de la technologie,De 25 à 64 ans,Total,Croatie,2021,39.2,b,
ESTAT:HRST_ST_NCAT(1.0),09/01/26 23:00:00,Annuel,Pourcentage de la population active,Personnes diplômées de l'enseignement supérieur (CITE) et/ou employées dans le domaine de la science et de la technologie,De 25 à 64 ans,Total,Croatie,2022,39.5,,
ESTAT:HRST_ST_NCAT(1.0),09/01/26 23:00:00,Annuel,Pourcentage de la population active,Personnes diplômées de l'enseignement supérieur (CITE) et/ou employées dans le domaine de la science et de la technologie,De 25 à 64 ans,Total,Croatie,2023,42.2,,
ESTAT:HRST_ST_NCAT(1.0),09/01/26 23:00:00,Annuel,Pourcentage de la population active,Personnes diplômées de l'enseignement supérieur (CITE) et/ou employées dans le domaine de la science et de la technologie,De 25 à 64 ans,Total,Croatie,2024,44.1,,
ESTAT:HRST_ST_NCAT(1.0),09/01/26 23:00:00,Annuel,Pourcentage de la population active,Personnes diplômées de l'enseignement supérieur (CITE) et/ou employées dans le domaine de la science et de la technologie,De 25 à 64 ans,Total,Hongrie,2015,36.7,,
ESTAT:HRST_ST_NCAT(1.0),09/01/26 23:00:00,Annuel,Pourcentage de la population active,Personnes diplômées de l'enseignement supérieur (CITE) et/ou employées dans le domaine de la science et de la technologie,De 25 à 64 ans,Total,Hongrie,2016,36.3,,
ESTAT:HRST_ST_NCAT(1.0),09/01/26 23:00:00,Annuel,Pourcentage de la population active,Personnes diplômées de l'enseignement supérieur (CITE) et/ou employées dans le domaine de la science et de la technologie,De 25 à 64 ans,Total,Hongrie,2017,36.5,,
ESTAT:HRST_ST_NCAT(1.0),09/01/26 23:00:00,Annuel,Pourcentage de la population active,Personnes diplômées de l'enseignement supérieur (CITE) et/ou employées dans le domaine de la science et de la technologie,De 25 à 64 ans,Total,Hongrie,2018,37.2,b,
ESTAT:HRST_ST_NCAT(1.0),09/01/26 23:00:00,Annuel,Pourcentage de la population active,Personnes diplômées de l'enseignement supérieur (CITE) et/ou employées dans le domaine de la science et de la technologie,De 25 à 64 ans,Total,Hongrie,2019,38.1,,
ESTAT:HRST_ST_NCAT(1.0),09/01/26 23:00:00,Annuel,Pourcentage de la population active,Personnes diplômées de l'enseignement supérieur (CITE) et/ou employées dans le domaine de la science et de la technologie,De 25 à 64 ans,Total,Hongrie,2020,39.8,,
ESTAT:HRST_ST_NCAT(1.0),09/01/26 23:00:00,Annuel,Pourcentage de la population active,Personnes diplômées de l'enseignement supérieur (CITE) et/ou employées dans le domaine de la science et de la technologie,De 25 à 64 ans,Total,Hongrie,2021,41.7,b,
ESTAT:HRST_ST_NCAT(1.0),09/01/26 23:00:00,Annuel,Pourcentage de la population active,Personnes diplômées de l'enseignement supérieur (CITE) et/ou employées dans le domaine de la science et de la technologie,De 25 à 64 ans,Total,Hongrie,2022,42.0,,
ESTAT:HRST_ST_NCAT(1.0),09/01/26 23:00:00,Annuel,Pourcentage de la population active,Personnes diplômées de l'enseignement supérieur (CITE) et/ou employées dans le domaine de la science et de la technologie,De 25 à 64 ans,Total,Hongrie,2023,42.4,,
ESTAT:HRST_ST_NCAT(1.0),09/01/26 23:00:00,Annuel,Pourcentage de la population active,Personnes diplômées de l'enseignement supérieur (CITE) et/ou employées dans le domaine de la science et de la technologie,De 25 à 64 ans,Total,Hongrie,2024,44.2,,
ESTAT:HRST_ST_NCAT(1.0),09/01/26 23:00:00,Annuel,Pourcentage de la population active,Personnes diplômées de l'enseignement supérieur (CITE) et/ou employées dans le domaine de la science et de la technologie,De 25 à 64 ans,Total,Irlande,2015,54.2,,
ESTAT:HRST_ST_NCAT(1.0),09/01/26 23:00:00,Annuel,Pourcentage de la population active,Personnes diplômées de l'enseignement supérieur (CITE) et/ou employées dans le domaine de la science et de la technologie,De 25 à 64 ans,Total,Irlande,2016,54.9,,
ESTAT:HRST_ST_NCAT(1.0),09/01/26 23:00:00,Annuel,Pourcentage de la population active,Personnes diplômées de l'enseignement supérieur (CITE) et/ou employées dans le domaine de la science et de la technologie,De 25 à 64 ans,Total,Irlande,2017,56.6,b,
ESTAT:HRST_ST_NCAT(1.0),09/01/26 23:00:00,Annuel,Pourcentage de la population active,Personnes diplômées de l'enseignement supérieur (CITE) et/ou employées dans le domaine de la science et de la technologie,De 25 à 64 ans,Total,Irlande,2018,57.2,,
ESTAT:HRST_ST_NCAT(1.0),09/01/26 23:00:00,Annuel,Pourcentage de la population active,Personnes diplômées de l'enseignement supérieur (CITE) et/ou employées dans le domaine de la science et de la technologie,De 25 à 64 ans,Total,Irlande,2019,58.0,,
ESTAT:HRST_ST_NCAT(1.0),09/01/26 23:00:00,Annuel,Pourcentage de la population active,Personnes diplômées de l'enseignement supérieur (CITE) et/ou employées dans le domaine de la science et de la technologie,De 25 à 64 ans,Total,Irlande,2020,60.8,,
ESTAT:HRST_ST_NCAT(1.0),09/01/26 23:00:00,Annuel,Pourcentage de la population active,Personnes diplômées de l'enseignement supérieur (CITE) et/ou employées dans le domaine de la science et de la technologie,De 25 à 64 ans,Total,Irlande,2021,63.0,b,
ESTAT:HRST_ST_NCAT(1.0),09/01/26 23:00:00,Annuel,Pourcentage de la population active,Personnes diplômées de l'enseignement supérieur (CITE) et/ou employées dans le domaine de la science et de la technologie,De 25 à 64 ans,Total,Irlande,2022,63.8,,
ESTAT:HRST_ST_NCAT(1.0),09/01/26 23:00:00,Annuel,Pourcentage de la population active,Personnes diplômées de l'enseignement supérieur (CITE) et/ou employées dans le domaine de la science et de la technologie,De 25 à 64 ans,Total,Irlande,2023,64.4,,
ESTAT:HRST_ST_NCAT(1.0),09/01/26 23:00:00,Annuel,Pourcentage de la population active,Personnes diplômées de l'enseignement supérieur (CITE) et/ou employées dans le domaine de la science et de la technologie,De 25 à 64 ans,Total,Irlande,2024,66.3,,
ESTAT:HRST_ST_NCAT(1.0),09/01/26 23:00:00,Annuel,Pourcentage de la population active,Personnes diplômées de l'enseignement supérieur (CITE) et/ou employées dans le domaine de la science et de la technologie,De 25 à 64 ans,Total,Islande,2015,55.4,,
ESTAT:HRST_ST_NCAT(1.0),09/01/26 23:00:00,Annuel,Pourcentage de la population active,Personnes diplômées de l'enseignement supérieur (CITE) et/ou employées dans le domaine de la science et de la technologie,De 25 à 64 ans,Total,Islande,2016,57.2,,
ESTAT:HRST_ST_NCAT(1.0),09/01/26 23:00:00,Annuel,Pourcentage de la population active,Personnes diplômées de l'enseignement supérieur (CITE) et/ou employées dans le domaine de la science et de la technologie,De 25 à 64 ans,Total,Islande,2017,57.7,,
ESTAT:HRST_ST_NCAT(1.0),09/01/26 23:00:00,Annuel,Pourcentage de la population active,Personnes diplômées de l'enseignement supérieur (CITE) et/ou employées dans le domaine de la science et de la technologie,De 25 à 64 ans,Total,Islande,2018,59.0,,
ESTAT:HRST_ST_NCAT(1.0),09/01/26 23:00:00,Annuel,Pourcentage de la population active,Personnes diplômées de l'enseignement supérieur (CITE) et/ou employées dans le domaine de la science et de la technologie,De 25 à 64 ans,Total,Islande,2019,59.0,,
ESTAT:HRST_ST_NCAT(1.0),09/01/26 23:00:00,Annuel,Pourcentage de la population active,Personnes diplômées de l'enseignement supérieur (CITE) et/ou employées dans le domaine de la science et de la technologie,De 25 à 64 ans,Total,Islande,2020,57.7,b,
ESTAT:HRST_ST_NCAT(1.0),09/01/26 23:00:00,Annuel,Pourcentage de la population active,Personnes diplômées de l'enseignement supérieur (CITE) et/ou employées dans le domaine de la science et de la technologie,De 25 à 64 ans,Total,Islande,2021,58.1,b,
ESTAT:HRST_ST_NCAT(1.0),09/01/26 23:00:00,Annuel,Pourcentage de la population active,Personnes diplômées de l'enseignement supérieur (CITE) et/ou employées dans le domaine de la science et de la technologie,De 25 à 64 ans,Total,Islande,2022,58.2,,
ESTAT:HRST_ST_NCAT(1.0),09/01/26 23:00:00,Annuel,Pourcentage de la population active,Personnes diplômées de l'enseignement supérieur (CITE) et/ou employées dans le domaine de la science et de la technologie,De 25 à 64 ans,Total,Islande,2023,59.2,,
ESTAT:HRST_ST_NCAT(1.0),09/01/26 23:00:00,Annuel,Pourcentage de la population active,Personnes diplômées de l'enseignement supérieur (CITE) et/ou employées dans le domaine de la science et de la technologie,De 25 à 64 ans,Total,Islande,2024,61.7,,
ESTAT:HRST_ST_NCAT(1.0),09/01/26 23:00:00,Annuel,Pourcentage de la population active,Personnes diplômées de l'enseignement supérieur (CITE) et/ou employées dans le domaine de la science et de la technologie,De 25 à 64 ans,Total,Italie,2015,35.5,,
ESTAT:HRST_ST_NCAT(1.0),09/01/26 23:00:00,Annuel,Pourcentage de la population active,Personnes diplômées de l'enseignement supérieur (CITE) et/ou employées dans le domaine de la science et de la technologie,De 25 à 64 ans,Total,Italie,2016,35.7,,
ESTAT:HRST_ST_NCAT(1.0),09/01/26 23:00:00,Annuel,Pourcentage de la population active,Personnes diplômées de l'enseignement supérieur (CITE) et/ou employées dans le domaine de la science et de la technologie,De 25 à 64 ans,Total,Italie,2017,36.3,,
ESTAT:HRST_ST_NCAT(1.0),09/01/26 23:00:00,Annuel,Pourcentage de la population active,Personnes diplômées de l'enseignement supérieur (CITE) et/ou employées dans le domaine de la science et de la technologie,De 25 à 64 ans,Total,Italie,2018,37.1,b,
ESTAT:HRST_ST_NCAT(1.0),09/01/26 23:00:00,Annuel,Pourcentage de la population active,Personnes diplômées de l'enseignement supérieur (CITE) et/ou employées dans le domaine de la science et de la technologie,De 25 à 64 ans,Total,Italie,2019,37.5,,
ESTAT:HRST_ST_NCAT(1.0),09/01/26 23:00:00,Annuel,Pourcentage de la population active,Personnes diplômées de l'enseignement supérieur (CITE) et/ou employées dans le domaine de la science et de la technologie,De 25 à 64 ans,Total,Italie,2020,38.0,,
ESTAT:HRST_ST_NCAT(1.0),09/01/26 23:00:00,Annuel,Pourcentage de la population active,Personnes diplômées de l'enseignement supérieur (CITE) et/ou employées dans le domaine de la science et de la technologie,De 25 à 64 ans,Total,Italie,2021,37.0,b,
ESTAT:HRST_ST_NCAT(1.0),09/01/26 23:00:00,Annuel,Pourcentage de la population active,Personnes diplômées de l'enseignement supérieur (CITE) et/ou employées dans le domaine de la science et de la technologie,De 25 à 64 ans,Total,Italie,2022,37.4,,
ESTAT:HRST_ST_NCAT(1.0),09/01/26 23:00:00,Annuel,Pourcentage de la population active,Personnes diplômées de l'enseignement supérieur (CITE) et/ou employées dans le domaine de la science et de la technologie,De 25 à 64 ans,Total,Italie,2023,38.9,,
ESTAT:HRST_ST_NCAT(1.0),09/01/26 23:00:00,Annuel,Pourcentage de la population active,Personnes diplômées de l'enseignement supérieur (CITE) et/ou employées dans le domaine de la science et de la technologie,De 25 à 64 ans,Total,Italie,2024,39.7,,
ESTAT:HRST_ST_NCAT(1.0),09/01/26 23:00:00,Annuel,Pourcentage de la population active,Personnes diplômées de l'enseignement supérieur (CITE) et/ou employées dans le domaine de la science et de la technologie,De 25 à 64 ans,Total,Lituanie,2015,48.2,,
ESTAT:HRST_ST_NCAT(1.0),09/01/26 23:00:00,Annuel,Pourcentage de la population active,Personnes diplômées de l'enseignement supérieur (CITE) et/ou employées dans le domaine de la science et de la technologie,De 25 à 64 ans,Total,Lituanie,2016,49.1,,
ESTAT:HRST_ST_NCAT(1.0),09/01/26 23:00:00,Annuel,Pourcentage de la population active,Personnes diplômées de l'enseignement supérieur (CITE) et/ou employées dans le domaine de la science et de la technologie,De 25 à 64 ans,Total,Lituanie,2017,49.4,,
ESTAT:HRST_ST_NCAT(1.0),09/01/26 23:00:00,Annuel,Pourcentage de la population active,Personnes diplômées de l'enseignement supérieur (CITE) et/ou employées dans le domaine de la science et de la technologie,De 25 à 64 ans,Total,Lituanie,2018,50.5,,
ESTAT:HRST_ST_NCAT(1.0),09/01/26 23:00:00,Annuel,Pourcentage de la population active,Personnes diplômées de l'enseignement supérieur (CITE) et/ou employées dans le domaine de la science et de la technologie,De 25 à 64 ans,Total,Lituanie,2019,51.9,,
ESTAT:HRST_ST_NCAT(1.0),09/01/26 23:00:00,Annuel,Pourcentage de la population active,Personnes diplômées de l'enseignement supérieur (CITE) et/ou employées dans le domaine de la science et de la technologie,De 25 à 64 ans,Total,Lituanie,2020,52.4,,
ESTAT:HRST_ST_NCAT(1.0),09/01/26 23:00:00,Annuel,Pourcentage de la population active,Personnes diplômées de l'enseignement supérieur (CITE) et/ou employées dans le domaine de la science et de la technologie,De 25 à 64 ans,Total,Lituanie,2021,54.2,b,
ESTAT:HRST_ST_NCAT(1.0),09/01/26 23:00:00,Annuel,Pourcentage de la population active,Personnes diplômées de l'enseignement supérieur (CITE) et/ou employées dans le domaine de la science et de la technologie,De 25 à 64 ans,Total,Lituanie,2022,55.7,,
ESTAT:HRST_ST_NCAT(1.0),09/01/26 23:00:00,Annuel,Pourcentage de la population active,Personnes diplômées de l'enseignement supérieur (CITE) et/ou employées dans le domaine de la science et de la technologie,De 25 à 64 ans,Total,Lituanie,2023,56.1,,
ESTAT:HRST_ST_NCAT(1.0),09/01/26 23:00:00,Annuel,Pourcentage de la population active,Personnes diplômées de l'enseignement supérieur (CITE) et/ou employées dans le domaine de la science et de la technologie,De 25 à 64 ans,Total,Lituanie,2024,57.1,,
ESTAT:HRST_ST_NCAT(1.0),09/01/26 23:00:00,Annuel,Pourcentage de la population active,Personnes diplômées de l'enseignement supérieur (CITE) et/ou employées dans le domaine de la science et de la technologie,De 25 à 64 ans,Total,Luxembourg,2015,58.8,b,
ESTAT:HRST_ST_NCAT(1.0),09/01/26 23:00:00,Annuel,Pourcentage de la population active,Personnes diplômées de l'enseignement supérieur (CITE) et/ou employées dans le domaine de la science et de la technologie,De 25 à 64 ans,Total,Luxembourg,2016,59.6,,
ESTAT:HRST_ST_NCAT(1.0),09/01/26 23:00:00,Annuel,Pourcentage de la population active,Personnes diplômées de l'enseignement supérieur (CITE) et/ou employées dans le domaine de la science et de la technologie,De 25 à 64 ans,Total,Luxembourg,2017,57.6,,
ESTAT:HRST_ST_NCAT(1.0),09/01/26 23:00:00,Annuel,Pourcentage de la population active,Personnes diplômées de l'enseignement supérieur (CITE) et/ou employées dans le domaine de la science et de la technologie,De 25 à 64 ans,Total,Luxembourg,2018,61.2,,
ESTAT:HRST_ST_NCAT(1.0),09/01/26 23:00:00,Annuel,Pourcentage de la population active,Personnes diplômées de l'enseignement supérieur (CITE) et/ou employées dans le domaine de la science et de la technologie,De 25 à 64 ans,Total,Luxembourg,2019,63.7,,
ESTAT:HRST_ST_NCAT(1.0),09/01/26 23:00:00,Annuel,Pourcentage de la population active,Personnes diplômées de l'enseignement supérieur (CITE) et/ou employées dans le domaine de la science et de la technologie,De 25 à 64 ans,Total,Luxembourg,2020,65.0,,
ESTAT:HRST_ST_NCAT(1.0),09/01/26 23:00:00,Annuel,Pourcentage de la population active,Personnes diplômées de l'enseignement supérieur (CITE) et/ou employées dans le domaine de la science et de la technologie,De 25 à 64 ans,Total,Luxembourg,2021,68.1,b,
ESTAT:HRST_ST_NCAT(1.0),09/01/26 23:00:00,Annuel,Pourcentage de la population active,Personnes diplômées de l'enseignement supérieur (CITE) et/ou employées dans le domaine de la science et de la technologie,De 25 à 64 ans,Total,Luxembourg,2022,69.2,,
ESTAT:HRST_ST_NCAT(1.0),09/01/26 23:00:00,Annuel,Pourcentage de la population active,Personnes diplômées de l'enseignement supérieur (CITE) et/ou employées dans le domaine de la science et de la technologie,De 25 à 64 ans,Total,Luxembourg,2023,68.1,,
ESTAT:HRST_ST_NCAT(1.0),09/01/26 23:00:00,Annuel,Pourcentage de la population active,Personnes diplômées de l'enseignement supérieur (CITE) et/ou employées dans le domaine de la science et de la technologie,De 25 à 64 ans,Total,Luxembourg,2024,71.9,,
ESTAT:HRST_ST_NCAT(1.0),09/01/26 23:00:00,Annuel,Pourcentage de la population active,Personnes diplômées de l'enseignement supérieur (CITE) et/ou employées dans le domaine de la science et de la technologie,De 25 à 64 ans,Total,Lettonie,2015,42.4,,
ESTAT:HRST_ST_NCAT(1.0),09/01/26 23:00:00,Annuel,Pourcentage de la population active,Personnes diplômées de l'enseignement supérieur (CITE) et/ou employées dans le domaine de la science et de la technologie,De 25 à 64 ans,Total,Lettonie,2016,43.3,,
ESTAT:HRST_ST_NCAT(1.0),09/01/26 23:00:00,Annuel,Pourcentage de la population active,Personnes diplômées de l'enseignement supérieur (CITE) et/ou employées dans le domaine de la science et de la technologie,De 25 à 64 ans,Total,Lettonie,2017,44.4,,
ESTAT:HRST_ST_NCAT(1.0),09/01/26 23:00:00,Annuel,Pourcentage de la population active,Personnes diplômées de l'enseignement supérieur (CITE) et/ou employées dans le domaine de la science et de la technologie,De 25 à 64 ans,Total,Lettonie,2018,44.4,,
ESTAT:HRST_ST_NCAT(1.0),09/01/26 23:00:00,Annuel,Pourcentage de la population active,Personnes diplômées de l'enseignement supérieur (CITE) et/ou employées dans le domaine de la science et de la technologie,De 25 à 64 ans,Total,Lettonie,2019,46.8,,
ESTAT:HRST_ST_NCAT(1.0),09/01/26 23:00:00,Annuel,Pourcentage de la population active,Personnes diplômées de l'enseignement supérieur (CITE) et/ou employées dans le domaine de la science et de la technologie,De 25 à 64 ans,Total,Lettonie,2020,47.7,,
ESTAT:HRST_ST_NCAT(1.0),09/01/26 23:00:00,Annuel,Pourcentage de la population active,Personnes diplômées de l'enseignement supérieur (CITE) et/ou employées dans le domaine de la science et de la technologie,De 25 à 64 ans,Total,Lettonie,2021,49.3,b,
ESTAT:HRST_ST_NCAT(1.0),09/01/26 23:00:00,Annuel,Pourcentage de la population active,Personnes diplômées de l'enseignement supérieur (CITE) et/ou employées dans le domaine de la science et de la technologie,De 25 à 64 ans,Total,Lettonie,2022,49.7,,
ESTAT:HRST_ST_NCAT(1.0),09/01/26 23:00:00,Annuel,Pourcentage de la population active,Personnes diplômées de l'enseignement supérieur (CITE) et/ou employées dans le domaine de la science et de la technologie,De 25 à 64 ans,Total,Lettonie,2023,48.9,,
ESTAT:HRST_ST_NCAT(1.0),09/01/26 23:00:00,Annuel,Pourcentage de la population active,Personnes diplômées de l'enseignement supérieur (CITE) et/ou employées dans le domaine de la science et de la technologie,De 25 à 64 ans,Total,Lettonie,2024,49.8,,
ESTAT:HRST_ST_NCAT(1.0),09/01/26 23:00:00,Annuel,Pourcentage de la population active,Personnes diplômées de l'enseignement supérieur (CITE) et/ou employées dans le domaine de la science et de la technologie,De 25 à 64 ans,Total,Monténégro,2015,37.1,,
ESTAT:HRST_ST_NCAT(1.0),09/01/26 23:00:00,Annuel,Pourcentage de la population active,Personnes diplômées de l'enseignement supérieur (CITE) et/ou employées dans le domaine de la science et de la technologie,De 25 à 64 ans,Total,Monténégro,2016,38.1,,
ESTAT:HRST_ST_NCAT(1.0),09/01/26 23:00:00,Annuel,Pourcentage de la population active,Personnes diplômées de l'enseignement supérieur (CITE) et/ou employées dans le domaine de la science et de la technologie,De 25 à 64 ans,Total,Monténégro,2017,37.2,,
ESTAT:HRST_ST_NCAT(1.0),09/01/26 23:00:00,Annuel,Pourcentage de la population active,Personnes diplômées de l'enseignement supérieur (CITE) et/ou employées dans le domaine de la science et de la technologie,De 25 à 64 ans,Total,Monténégro,2018,36.8,,
ESTAT:HRST_ST_NCAT(1.0),09/01/26 23:00:00,Annuel,Pourcentage de la population active,Personnes diplômées de l'enseignement supérieur (CITE) et/ou employées dans le domaine de la science et de la technologie,De 25 à 64 ans,Total,Monténégro,2019,38.8,,
ESTAT:HRST_ST_NCAT(1.0),09/01/26 23:00:00,Annuel,Pourcentage de la population active,Personnes diplômées de l'enseignement supérieur (CITE) et/ou employées dans le domaine de la science et de la technologie,De 25 à 64 ans,Total,Monténégro,2020,38.4,,
ESTAT:HRST_ST_NCAT(1.0),09/01/26 23:00:00,Annuel,Pourcentage de la population active,Personnes diplômées de l'enseignement supérieur (CITE) et/ou employées dans le domaine de la science et de la technologie,De 25 à 64 ans,Total,Macédoine du Nord,2015,28.6,,
ESTAT:HRST_ST_NCAT(1.0),09/01/26 23:00:00,Annuel,Pourcentage de la population active,Personnes diplômées de l'enseignement supérieur (CITE) et/ou employées dans le domaine de la science et de la technologie,De 25 à 64 ans,Total,Macédoine du Nord,2016,30.9,,
ESTAT:HRST_ST_NCAT(1.0),09/01/26 23:00:00,Annuel,Pourcentage de la population active,Personnes diplômées de l'enseignement supérieur (CITE) et/ou employées dans le domaine de la science et de la technologie,De 25 à 64 ans,Total,Macédoine du Nord,2017,31.4,,
ESTAT:HRST_ST_NCAT(1.0),09/01/26 23:00:00,Annuel,Pourcentage de la population active,Personnes diplômées de l'enseignement supérieur (CITE) et/ou employées dans le domaine de la science et de la technologie,De 25 à 64 ans,Total,Macédoine du Nord,2018,31.7,,
ESTAT:HRST_ST_NCAT(1.0),09/01/26 23:00:00,Annuel,Pourcentage de la population active,Personnes diplômées de l'enseignement supérieur (CITE) et/ou employées dans le domaine de la science et de la technologie,De 25 à 64 ans,Total,Macédoine du Nord,2019,32.5,,
ESTAT:HRST_ST_NCAT(1.0),09/01/26 23:00:00,Annuel,Pourcentage de la population active,Personnes diplômées de l'enseignement supérieur (CITE) et/ou employées dans le domaine de la science et de la technologie,De 25 à 64 ans,Total,Macédoine du Nord,2020,35.4,,
ESTAT:HRST_ST_NCAT(1.0),09/01/26 23:00:00,Annuel,Pourcentage de la population active,Personnes diplômées de l'enseignement supérieur (CITE) et/ou employées dans le domaine de la science et de la technologie,De 25 à 64 ans,Total,Macédoine du Nord,2021,36.8,b,
ESTAT:HRST_ST_NCAT(1.0),09/01/26 23:00:00,Annuel,Pourcentage de la population active,Personnes diplômées de l'enseignement supérieur (CITE) et/ou employées dans le domaine de la science et de la technologie,De 25 à 64 ans,Total,Macédoine du Nord,2022,37.5,,
ESTAT:HRST_ST_NCAT(1.0),09/01/26 23:00:00,Annuel,Pourcentage de la population active,Personnes diplômées de l'enseignement supérieur (CITE) et/ou employées dans le domaine de la science et de la technologie,De 25 à 64 ans,Total,Macédoine du Nord,2023,40.5,,
ESTAT:HRST_ST_NCAT(1.0),09/01/26 23:00:00,Annuel,Pourcentage de la population active,Personnes diplômées de l'enseignement supérieur (CITE) et/ou employées dans le domaine de la science et de la technologie,De 25 à 64 ans,Total,Macédoine du Nord,2024,38.0,,
ESTAT:HRST_ST_NCAT(1.0),09/01/26 23:00:00,Annuel,Pourcentage de la population active,Personnes diplômées de l'enseignement supérieur (CITE) et/ou employées dans le domaine de la science et de la technologie,De 25 à 64 ans,Total,Malte,2015,40.2,,
ESTAT:HRST_ST_NCAT(1.0),09/01/26 23:00:00,Annuel,Pourcentage de la population active,Personnes diplômées de l'enseignement supérieur (CITE) et/ou employées dans le domaine de la science et de la technologie,De 25 à 64 ans,Total,Malte,2016,40.3,,
ESTAT:HRST_ST_NCAT(1.0),09/01/26 23:00:00,Annuel,Pourcentage de la population active,Personnes diplômées de l'enseignement supérieur (CITE) et/ou employées dans le domaine de la science et de la technologie,De 25 à 64 ans,Total,Malte,2017,42.8,,
ESTAT:HRST_ST_NCAT(1.0),09/01/26 23:00:00,Annuel,Pourcentage de la population active,Personnes diplômées de l'enseignement supérieur (CITE) et/ou employées dans le domaine de la science et de la technologie,De 25 à 64 ans,Total,Malte,2018,46.1,,
ESTAT:HRST_ST_NCAT(1.0),09/01/26 23:00:00,Annuel,Pourcentage de la population active,Personnes diplômées de l'enseignement supérieur (CITE) et/ou employées dans le domaine de la science et de la technologie,De 25 à 64 ans,Total,Malte,2019,47.4,,
ESTAT:HRST_ST_NCAT(1.0),09/01/26 23:00:00,Annuel,Pourcentage de la population active,Personnes diplômées de l'enseignement supérieur (CITE) et/ou employées dans le domaine de la science et de la technologie,De 25 à 64 ans,Total,Malte,2020,47.5,,
ESTAT:HRST_ST_NCAT(1.0),09/01/26 23:00:00,Annuel,Pourcentage de la population active,Personnes diplômées de l'enseignement supérieur (CITE) et/ou employées dans le domaine de la science et de la technologie,De 25 à 64 ans,Total,Malte,2021,48.4,b,
ESTAT:HRST_ST_NCAT(1.0),09/01/26 23:00:00,Annuel,Pourcentage de la population active,Personnes diplômées de l'enseignement supérieur (CITE) et/ou employées dans le domaine de la science et de la technologie,De 25 à 64 ans,Total,Malte,2022,48.6,,
ESTAT:HRST_ST_NCAT(1.0),09/01/26 23:00:00,Annuel,Pourcentage de la population active,Personnes diplômées de l'enseignement supérieur (CITE) et/ou employées dans le domaine de la science et de la technologie,De 25 à 64 ans,Total,Malte,2023,48.4,,
ESTAT:HRST_ST_NCAT(1.0),09/01/26 23:00:00,Annuel,Pourcentage de la population active,Personnes diplômées de l'enseignement supérieur (CITE) et/ou employées dans le domaine de la science et de la technologie,De 25 à 64 ans,Total,Malte,2024,50.3,,
ESTAT:HRST_ST_NCAT(1.0),09/01/26 23:00:00,Annuel,Pourcentage de la population active,Personnes diplômées de l'enseignement supérieur (CITE) et/ou employées dans le domaine de la science et de la technologie,De 25 à 64 ans,Total,Pays-Bas,2015,53.6,,
ESTAT:HRST_ST_NCAT(1.0),09/01/26 23:00:00,Annuel,Pourcentage de la population active,Personnes diplômées de l'enseignement supérieur (CITE) et/ou employées dans le domaine de la science et de la technologie,De 25 à 64 ans,Total,Pays-Bas,2016,54.6,,
ESTAT:HRST_ST_NCAT(1.0),09/01/26 23:00:00,Annuel,Pourcentage de la population active,Personnes diplômées de l'enseignement supérieur (CITE) et/ou employées dans le domaine de la science et de la technologie,De 25 à 64 ans,Total,Pays-Bas,2017,55.3,,
ESTAT:HRST_ST_NCAT(1.0),09/01/26 23:00:00,Annuel,Pourcentage de la population active,Personnes diplômées de l'enseignement supérieur (CITE) et/ou employées dans le domaine de la science et de la technologie,De 25 à 64 ans,Total,Pays-Bas,2018,56.9,,
ESTAT:HRST_ST_NCAT(1.0),09/01/26 23:00:00,Annuel,Pourcentage de la population active,Personnes diplômées de l'enseignement supérieur (CITE) et/ou employées dans le domaine de la science et de la technologie,De 25 à 64 ans,Total,Pays-Bas,2019,58.7,b,
ESTAT:HRST_ST_NCAT(1.0),09/01/26 23:00:00,Annuel,Pourcentage de la population active,Personnes diplômées de l'enseignement supérieur (CITE) et/ou employées dans le domaine de la science et de la technologie,De 25 à 64 ans,Total,Pays-Bas,2020,60.8,,
ESTAT:HRST_ST_NCAT(1.0),09/01/26 23:00:00,Annuel,Pourcentage de la population active,Personnes diplômées de l'enseignement supérieur (CITE) et/ou employées dans le domaine de la science et de la technologie,De 25 à 64 ans,Total,Pays-Bas,2021,62.6,b,
ESTAT:HRST_ST_NCAT(1.0),09/01/26 23:00:00,Annuel,Pourcentage de la population active,Personnes diplômées de l'enseignement supérieur (CITE) et/ou employées dans le domaine de la science et de la technologie,De 25 à 64 ans,Total,Pays-Bas,2022,64.0,,
ESTAT:HRST_ST_NCAT(1.0),09/01/26 23:00:00,Annuel,Pourcentage de la population active,Personnes diplômées de l'enseignement supérieur (CITE) et/ou employées dans le domaine de la science et de la technologie,De 25 à 64 ans,Total,Pays-Bas,2023,63.8,,
ESTAT:HRST_ST_NCAT(1.0),09/01/26 23:00:00,Annuel,Pourcentage de la population active,Personnes diplômées de l'enseignement supérieur (CITE) et/ou employées dans le domaine de la science et de la technologie,De 25 à 64 ans,Total,Pays-Bas,2024,64.7,,
ESTAT:HRST_ST_NCAT(1.0),09/01/26 23:00:00,Annuel,Pourcentage de la population active,Personnes diplômées de l'enseignement supérieur (CITE) et/ou employées dans le domaine de la science et de la technologie,De 25 à 64 ans,Total,Norvège,2015,59.7,,
ESTAT:HRST_ST_NCAT(1.0),09/01/26 23:00:00,Annuel,Pourcentage de la population active,Personnes diplômées de l'enseignement supérieur (CITE) et/ou employées dans le domaine de la science et de la technologie,De 25 à 64 ans,Total,Norvège,2016,59.3,,
ESTAT:HRST_ST_NCAT(1.0),09/01/26 23:00:00,Annuel,Pourcentage de la population active,Personnes diplômées de l'enseignement supérieur (CITE) et/ou employées dans le domaine de la science et de la technologie,De 25 à 64 ans,Total,Norvège,2017,59.1,,
ESTAT:HRST_ST_NCAT(1.0),09/01/26 23:00:00,Annuel,Pourcentage de la population active,Personnes diplômées de l'enseignement supérieur (CITE) et/ou employées dans le domaine de la science et de la technologie,De 25 à 64 ans,Total,Norvège,2018,59.2,,
ESTAT:HRST_ST_NCAT(1.0),09/01/26 23:00:00,Annuel,Pourcentage de la population active,Personnes diplômées de l'enseignement supérieur (CITE) et/ou employées dans le domaine de la science et de la technologie,De 25 à 64 ans,Total,Norvège,2019,59.3,,
ESTAT:HRST_ST_NCAT(1.0),09/01/26 23:00:00,Annuel,Pourcentage de la population active,Personnes diplômées de l'enseignement supérieur (CITE) et/ou employées dans le domaine de la science et de la technologie,De 25 à 64 ans,Total,Norvège,2020,60.5,,
ESTAT:HRST_ST_NCAT(1.0),09/01/26 23:00:00,Annuel,Pourcentage de la population active,Personnes diplômées de l'enseignement supérieur (CITE) et/ou employées dans le domaine de la science et de la technologie,De 25 à 64 ans,Total,Norvège,2021,61.8,b,
ESTAT:HRST_ST_NCAT(1.0),09/01/26 23:00:00,Annuel,Pourcentage de la population active,Personnes diplômées de l'enseignement supérieur (CITE) et/ou employées dans le domaine de la science et de la technologie,De 25 à 64 ans,Total,Norvège,2022,62.0,,
ESTAT:HRST_ST_NCAT(1.0),09/01/26 23:00:00,Annuel,Pourcentage de la population active,Personnes diplômées de l'enseignement supérieur (CITE) et/ou employées dans le domaine de la science et de la technologie,De 25 à 64 ans,Total,Norvège,2023,62.3,,
ESTAT:HRST_ST_NCAT(1.0),09/01/26 23:00:00,Annuel,Pourcentage de la population active,Personnes diplômées de l'enseignement supérieur (CITE) et/ou employées dans le domaine de la science et de la technologie,De 25 à 64 ans,Total,Norvège,2024,63.1,,
ESTAT:HRST_ST_NCAT(1.0),09/01/26 23:00:00,Annuel,Pourcentage de la population active,Personnes diplômées de l'enseignement supérieur (CITE) et/ou employées dans le domaine de la science et de la technologie,De 25 à 64 ans,Total,Pologne,2015,41.6,,
ESTAT:HRST_ST_NCAT(1.0),09/01/26 23:00:00,Annuel,Pourcentage de la population active,Personnes diplômées de l'enseignement supérieur (CITE) et/ou employées dans le domaine de la science et de la technologie,De 25 à 64 ans,Total,Pologne,2016,42.8,,
ESTAT:HRST_ST_NCAT(1.0),09/01/26 23:00:00,Annuel,Pourcentage de la population active,Personnes diplômées de l'enseignement supérieur (CITE) et/ou employées dans le domaine de la science et de la technologie,De 25 à 64 ans,Total,Pologne,2017,44.0,,
ESTAT:HRST_ST_NCAT(1.0),09/01/26 23:00:00,Annuel,Pourcentage de la population active,Personnes diplômées de l'enseignement supérieur (CITE) et/ou employées dans le domaine de la science et de la technologie,De 25 à 64 ans,Total,Pologne,2018,45.2,,
ESTAT:HRST_ST_NCAT(1.0),09/01/26 23:00:00,Annuel,Pourcentage de la population active,Personnes diplômées de l'enseignement supérieur (CITE) et/ou employées dans le domaine de la science et de la technologie,De 25 à 64 ans,Total,Pologne,2019,46.5,b,
ESTAT:HRST_ST_NCAT(1.0),09/01/26 23:00:00,Annuel,Pourcentage de la population active,Personnes diplômées de l'enseignement supérieur (CITE) et/ou employées dans le domaine de la science et de la technologie,De 25 à 64 ans,Total,Pologne,2020,47.0,,
ESTAT:HRST_ST_NCAT(1.0),09/01/26 23:00:00,Annuel,Pourcentage de la population active,Personnes diplômées de l'enseignement supérieur (CITE) et/ou employées dans le domaine de la science et de la technologie,De 25 à 64 ans,Total,Pologne,2021,47.5,b,
ESTAT:HRST_ST_NCAT(1.0),09/01/26 23:00:00,Annuel,Pourcentage de la population active,Personnes diplômées de l'enseignement supérieur (CITE) et/ou employées dans le domaine de la science et de la technologie,De 25 à 64 ans,Total,Pologne,2022,47.9,,
ESTAT:HRST_ST_NCAT(1.0),09/01/26 23:00:00,Annuel,Pourcentage de la population active,Personnes diplômées de l'enseignement supérieur (CITE) et/ou employées dans le domaine de la science et de la technologie,De 25 à 64 ans,Total,Pologne,2023,51.0,,
ESTAT:HRST_ST_NCAT(1.0),09/01/26 23:00:00,Annuel,Pourcentage de la population active,Personnes diplômées de l'enseignement supérieur (CITE) et/ou employées dans le domaine de la science et de la technologie,De 25 à 64 ans,Total,Pologne,2024,52.4,,
ESTAT:HRST_ST_NCAT(1.0),09/01/26 23:00:00,Annuel,Pourcentage de la population active,Personnes diplômées de l'enseignement supérieur (CITE) et/ou employées dans le domaine de la science et de la technologie,De 25 à 64 ans,Total,Portugal,2015,34.9,,
ESTAT:HRST_ST_NCAT(1.0),09/01/26 23:00:00,Annuel,Pourcentage de la population active,Personnes diplômées de l'enseignement supérieur (CITE) et/ou employées dans le domaine de la science et de la technologie,De 25 à 64 ans,Total,Portugal,2016,36.2,,
ESTAT:HRST_ST_NCAT(1.0),09/01/26 23:00:00,Annuel,Pourcentage de la population active,Personnes diplômées de l'enseignement supérieur (CITE) et/ou employées dans le domaine de la science et de la technologie,De 25 à 64 ans,Total,Portugal,2017,36.5,,
ESTAT:HRST_ST_NCAT(1.0),09/01/26 23:00:00,Annuel,Pourcentage de la population active,Personnes diplômées de l'enseignement supérieur (CITE) et/ou employées dans le domaine de la science et de la technologie,De 25 à 64 ans,Total,Portugal,2018,37.6,,
ESTAT:HRST_ST_NCAT(1.0),09/01/26 23:00:00,Annuel,Pourcentage de la population active,Personnes diplômées de l'enseignement supérieur (CITE) et/ou employées dans le domaine de la science et de la technologie,De 25 à 64 ans,Total,Portugal,2019,38.6,,
ESTAT:HRST_ST_NCAT(1.0),09/01/26 23:00:00,Annuel,Pourcentage de la population active,Personnes diplômées de l'enseignement supérieur (CITE) et/ou employées dans le domaine de la science et de la technologie,De 25 à 64 ans,Total,Portugal,2020,40.2,,
ESTAT:HRST_ST_NCAT(1.0),09/01/26 23:00:00,Annuel,Pourcentage de la population active,Personnes diplômées de l'enseignement supérieur (CITE) et/ou employées dans le domaine de la science et de la technologie,De 25 à 64 ans,Total,Portugal,2021,41.8,b,
ESTAT:HRST_ST_NCAT(1.0),09/01/26 23:00:00,Annuel,Pourcentage de la population active,Personnes diplômées de l'enseignement supérieur (CITE) et/ou employées dans le domaine de la science et de la technologie,De 25 à 64 ans,Total,Portugal,2022,42.0,,
ESTAT:HRST_ST_NCAT(1.0),09/01/26 23:00:00,Annuel,Pourcentage de la population active,Personnes diplômées de l'enseignement supérieur (CITE) et/ou employées dans le domaine de la science et de la technologie,De 25 à 64 ans,Total,Portugal,2023,41.4,,
ESTAT:HRST_ST_NCAT(1.0),09/01/26 23:00:00,Annuel,Pourcentage de la population active,Personnes diplômées de l'enseignement supérieur (CITE) et/ou employées dans le domaine de la science et de la technologie,De 25 à 64 ans,Total,Portugal,2024,43.3,,
ESTAT:HRST_ST_NCAT(1.0),09/01/26 23:00:00,Annuel,Pourcentage de la population active,Personnes diplômées de l'enseignement supérieur (CITE) et/ou employées dans le domaine de la science et de la technologie,De 25 à 64 ans,Total,Roumanie,2015,27.0,,
ESTAT:HRST_ST_NCAT(1.0),09/01/26 23:00:00,Annuel,Pourcentage de la population active,Personnes diplômées de l'enseignement supérieur (CITE) et/ou employées dans le domaine de la science et de la technologie,De 25 à 64 ans,Total,Roumanie,2016,27.6,,
ESTAT:HRST_ST_NCAT(1.0),09/01/26 23:00:00,Annuel,Pourcentage de la population active,Personnes diplômées de l'enseignement supérieur (CITE) et/ou employées dans le domaine de la science et de la technologie,De 25 à 64 ans,Total,Roumanie,2017,27.7,,
ESTAT:HRST_ST_NCAT(1.0),09/01/26 23:00:00,Annuel,Pourcentage de la population active,Personnes diplômées de l'enseignement supérieur (CITE) et/ou employées dans le domaine de la science et de la technologie,De 25 à 64 ans,Total,Roumanie,2018,27.9,,
ESTAT:HRST_ST_NCAT(1.0),09/01/26 23:00:00,Annuel,Pourcentage de la population active,Personnes diplômées de l'enseignement supérieur (CITE) et/ou employées dans le domaine de la science et de la technologie,De 25 à 64 ans,Total,Roumanie,2019,28.2,,
ESTAT:HRST_ST_NCAT(1.0),09/01/26 23:00:00,Annuel,Pourcentage de la population active,Personnes diplômées de l'enseignement supérieur (CITE) et/ou employées dans le domaine de la science et de la technologie,De 25 à 64 ans,Total,Roumanie,2020,28.4,,
ESTAT:HRST_ST_NCAT(1.0),09/01/26 23:00:00,Annuel,Pourcentage de la population active,Personnes diplômées de l'enseignement supérieur (CITE) et/ou employées dans le domaine de la science et de la technologie,De 25 à 64 ans,Total,Roumanie,2021,30.4,b,
ESTAT:HRST_ST_NCAT(1.0),09/01/26 23:00:00,Annuel,Pourcentage de la population active,Personnes diplômées de l'enseignement supérieur (CITE) et/ou employées dans le domaine de la science et de la technologie,De 25 à 64 ans,Total,Roumanie,2022,31.4,,
ESTAT:HRST_ST_NCAT(1.0),09/01/26 23:00:00,Annuel,Pourcentage de la population active,Personnes diplômées de l'enseignement supérieur (CITE) et/ou employées dans le domaine de la science et de la technologie,De 25 à 64 ans,Total,Roumanie,2023,29.9,,
ESTAT:HRST_ST_NCAT(1.0),09/01/26 23:00:00,Annuel,Pourcentage de la population active,Personnes diplômées de l'enseignement supérieur (CITE) et/ou employées dans le domaine de la science et de la technologie,De 25 à 64 ans,Total,Roumanie,2024,30.6,,
ESTAT:HRST_ST_NCAT(1.0),09/01/26 23:00:00,Annuel,Pourcentage de la population active,Personnes diplômées de l'enseignement supérieur (CITE) et/ou employées dans le domaine de la science et de la technologie,De 25 à 64 ans,Total,Serbie,2015,33.4,,
ESTAT:HRST_ST_NCAT(1.0),09/01/26 23:00:00,Annuel,Pourcentage de la population active,Personnes diplômées de l'enseignement supérieur (CITE) et/ou employées dans le domaine de la science et de la technologie,De 25 à 64 ans,Total,Serbie,2016,33.6,,
ESTAT:HRST_ST_NCAT(1.0),09/01/26 23:00:00,Annuel,Pourcentage de la population active,Personnes diplômées de l'enseignement supérieur (CITE) et/ou employées dans le domaine de la science et de la technologie,De 25 à 64 ans,Total,Serbie,2017,34.4,,
ESTAT:HRST_ST_NCAT(1.0),09/01/26 23:00:00,Annuel,Pourcentage de la population active,Personnes diplômées de l'enseignement supérieur (CITE) et/ou employées dans le domaine de la science et de la technologie,De 25 à 64 ans,Total,Serbie,2018,35.2,,
ESTAT:HRST_ST_NCAT(1.0),09/01/26 23:00:00,Annuel,Pourcentage de la population active,Personnes diplômées de l'enseignement supérieur (CITE) et/ou employées dans le domaine de la science et de la technologie,De 25 à 64 ans,Total,Serbie,2019,35.3,,
ESTAT:HRST_ST_NCAT(1.0),09/01/26 23:00:00,Annuel,Pourcentage de la population active,Personnes diplômées de l'enseignement supérieur (CITE) et/ou employées dans le domaine de la science et de la technologie,De 25 à 64 ans,Total,Serbie,2020,35.4,,
ESTAT:HRST_ST_NCAT(1.0),09/01/26 23:00:00,Annuel,Pourcentage de la population active,Personnes diplômées de l'enseignement supérieur (CITE) et/ou employées dans le domaine de la science et de la technologie,De 25 à 64 ans,Total,Serbie,2021,37.2,b,
ESTAT:HRST_ST_NCAT(1.0),09/01/26 23:00:00,Annuel,Pourcentage de la population active,Personnes diplômées de l'enseignement supérieur (CITE) et/ou employées dans le domaine de la science et de la technologie,De 25 à 64 ans,Total,Serbie,2022,38.1,,
ESTAT:HRST_ST_NCAT(1.0),09/01/26 23:00:00,Annuel,Pourcentage de la population active,Personnes diplômées de l'enseignement supérieur (CITE) et/ou employées dans le domaine de la science et de la technologie,De 25 à 64 ans,Total,Serbie,2023,39.8,,
ESTAT:HRST_ST_NCAT(1.0),09/01/26 23:00:00,Annuel,Pourcentage de la population active,Personnes diplômées de l'enseignement supérieur (CITE) et/ou employées dans le domaine de la science et de la technologie,De 25 à 64 ans,Total,Serbie,2024,41.1,,
ESTAT:HRST_ST_NCAT(1.0),09/01/26 23:00:00,Annuel,Pourcentage de la population active,Personnes diplômées de l'enseignement supérieur (CITE) et/ou employées dans le domaine de la science et de la technologie,De 25 à 64 ans,Total,Suède,2015,56.2,,
ESTAT:HRST_ST_NCAT(1.0),09/01/26 23:00:00,Annuel,Pourcentage de la population active,Personnes diplômées de l'enseignement supérieur (CITE) et/ou employées dans le domaine de la science et de la technologie,De 25 à 64 ans,Total,Suède,2016,57.9,,
ESTAT:HRST_ST_NCAT(1.0),09/01/26 23:00:00,Annuel,Pourcentage de la population active,Personnes diplômées de l'enseignement supérieur (CITE) et/ou employées dans le domaine de la science et de la technologie,De 25 à 64 ans,Total,Suède,2017,58.6,,
ESTAT:HRST_ST_NCAT(1.0),09/01/26 23:00:00,Annuel,Pourcentage de la population active,Personnes diplômées de l'enseignement supérieur (CITE) et/ou employées dans le domaine de la science et de la technologie,De 25 à 64 ans,Total,Suède,2018,59.9,b,
ESTAT:HRST_ST_NCAT(1.0),09/01/26 23:00:00,Annuel,Pourcentage de la population active,Personnes diplômées de l'enseignement supérieur (CITE) et/ou employées dans le domaine de la science et de la technologie,De 25 à 64 ans,Total,Suède,2019,60.7,,
ESTAT:HRST_ST_NCAT(1.0),09/01/26 23:00:00,Annuel,Pourcentage de la population active,Personnes diplômées de l'enseignement supérieur (CITE) et/ou employées dans le domaine de la science et de la technologie,De 25 à 64 ans,Total,Suède,2020,61.4,,
ESTAT:HRST_ST_NCAT(1.0),09/01/26 23:00:00,Annuel,Pourcentage de la population active,Personnes diplômées de l'enseignement supérieur (CITE) et/ou employées dans le domaine de la science et de la technologie,De 25 à 64 ans,Total,Suède,2021,62.4,b,
ESTAT:HRST_ST_NCAT(1.0),09/01/26 23:00:00,Annuel,Pourcentage de la population active,Personnes diplômées de l'enseignement supérieur (CITE) et/ou employées dans le domaine de la science et de la technologie,De 25 à 64 ans,Total,Suède,2022,64.1,,
ESTAT:HRST_ST_NCAT(1.0),09/01/26 23:00:00,Annuel,Pourcentage de la population active,Personnes diplômées de l'enseignement supérieur (CITE) et/ou employées dans le domaine de la science et de la technologie,De 25 à 64 ans,Total,Suède,2023,65.1,,
ESTAT:HRST_ST_NCAT(1.0),09/01/26 23:00:00,Annuel,Pourcentage de la population active,Personnes diplômées de l'enseignement supérieur (CITE) et/ou employées dans le domaine de la science et de la technologie,De 25 à 64 ans,Total,Suède,2024,65.3,,
ESTAT:HRST_ST_NCAT(1.0),09/01/26 23:00:00,Annuel,Pourcentage de la population active,Personnes diplômées de l'enseignement supérieur (CITE) et/ou employées dans le domaine de la science et de la technologie,De 25 à 64 ans,Total,Slovénie,2015,45.1,,
ESTAT:HRST_ST_NCAT(1.0),09/01/26 23:00:00,Annuel,Pourcentage de la population active,Personnes diplômées de l'enseignement supérieur (CITE) et/ou employées dans le domaine de la science et de la technologie,De 25 à 64 ans,Total,Slovénie,2016,46.5,,
ESTAT:HRST_ST_NCAT(1.0),09/01/26 23:00:00,Annuel,Pourcentage de la population active,Personnes diplômées de l'enseignement supérieur (CITE) et/ou employées dans le domaine de la science et de la technologie,De 25 à 64 ans,Total,Slovénie,2017,47.8,,
ESTAT:HRST_ST_NCAT(1.0),09/01/26 23:00:00,Annuel,Pourcentage de la population active,Personnes diplômées de l'enseignement supérieur (CITE) et/ou employées dans le domaine de la science et de la technologie,De 25 à 64 ans,Total,Slovénie,2018,47.4,,
ESTAT:HRST_ST_NCAT(1.0),09/01/26 23:00:00,Annuel,Pourcentage de la population active,Personnes diplômées de l'enseignement supérieur (CITE) et/ou employées dans le domaine de la science et de la technologie,De 25 à 64 ans,Total,Slovénie,2019,48.2,,
ESTAT:HRST_ST_NCAT(1.0),09/01/26 23:00:00,Annuel,Pourcentage de la population active,Personnes diplômées de l'enseignement supérieur (CITE) et/ou employées dans le domaine de la science et de la technologie,De 25 à 64 ans,Total,Slovénie,2020,50.6,,
ESTAT:HRST_ST_NCAT(1.0),09/01/26 23:00:00,Annuel,Pourcentage de la population active,Personnes diplômées de l'enseignement supérieur (CITE) et/ou employées dans le domaine de la science et de la technologie,De 25 à 64 ans,Total,Slovénie,2021,55.8,b,
ESTAT:HRST_ST_NCAT(1.0),09/01/26 23:00:00,Annuel,Pourcentage de la population active,Personnes diplômées de l'enseignement supérieur (CITE) et/ou employées dans le domaine de la science et de la technologie,De 25 à 64 ans,Total,Slovénie,2022,55.0,,
ESTAT:HRST_ST_NCAT(1.0),09/01/26 23:00:00,Annuel,Pourcentage de la population active,Personnes diplômées de l'enseignement supérieur (CITE) et/ou employées dans le domaine de la science et de la technologie,De 25 à 64 ans,Total,Slovénie,2023,48.3,b,
ESTAT:HRST_ST_NCAT(1.0),09/01/26 23:00:00,Annuel,Pourcentage de la population active,Personnes diplômées de l'enseignement supérieur (CITE) et/ou employées dans le domaine de la science et de la technologie,De 25 à 64 ans,Total,Slovénie,2024,48.8,,
ESTAT:HRST_ST_NCAT(1.0),09/01/26 23:00:00,Annuel,Pourcentage de la population active,Personnes diplômées de l'enseignement supérieur (CITE) et/ou employées dans le domaine de la science et de la technologie,De 25 à 64 ans,Total,Slovaquie,2015,33.5,,
ESTAT:HRST_ST_NCAT(1.0),09/01/26 23:00:00,Annuel,Pourcentage de la population active,Personnes diplômées de l'enseignement supérieur (CITE) et/ou employées dans le domaine de la science et de la technologie,De 25 à 64 ans,Total,Slovaquie,2016,34.2,,
ESTAT:HRST_ST_NCAT(1.0),09/01/26 23:00:00,Annuel,Pourcentage de la population active,Personnes diplômées de l'enseignement supérieur (CITE) et/ou employées dans le domaine de la science et de la technologie,De 25 à 64 ans,Total,Slovaquie,2017,35.2,,
ESTAT:HRST_ST_NCAT(1.0),09/01/26 23:00:00,Annuel,Pourcentage de la population active,Personnes diplômées de l'enseignement supérieur (CITE) et/ou employées dans le domaine de la science et de la technologie,De 25 à 64 ans,Total,Slovaquie,2018,36.9,,
ESTAT:HRST_ST_NCAT(1.0),09/01/26 23:00:00,Annuel,Pourcentage de la population active,Personnes diplômées de l'enseignement supérieur (CITE) et/ou employées dans le domaine de la science et de la technologie,De 25 à 64 ans,Total,Slovaquie,2019,38.1,,
ESTAT:HRST_ST_NCAT(1.0),09/01/26 23:00:00,Annuel,Pourcentage de la population active,Personnes diplômées de l'enseignement supérieur (CITE) et/ou employées dans le domaine de la science et de la technologie,De 25 à 64 ans,Total,Slovaquie,2020,39.7,,
ESTAT:HRST_ST_NCAT(1.0),09/01/26 23:00:00,Annuel,Pourcentage de la population active,Personnes diplômées de l'enseignement supérieur (CITE) et/ou employées dans le domaine de la science et de la technologie,De 25 à 64 ans,Total,Slovaquie,2021,41.9,b,
ESTAT:HRST_ST_NCAT(1.0),09/01/26 23:00:00,Annuel,Pourcentage de la population active,Personnes diplômées de l'enseignement supérieur (CITE) et/ou employées dans le domaine de la science et de la technologie,De 25 à 64 ans,Total,Slovaquie,2022,42.8,,
ESTAT:HRST_ST_NCAT(1.0),09/01/26 23:00:00,Annuel,Pourcentage de la population active,Personnes diplômées de l'enseignement supérieur (CITE) et/ou employées dans le domaine de la science et de la technologie,De 25 à 64 ans,Total,Slovaquie,2023,42.5,,
ESTAT:HRST_ST_NCAT(1.0),09/01/26 23:00:00,Annuel,Pourcentage de la population active,Personnes diplômées de l'enseignement supérieur (CITE) et/ou employées dans le domaine de la science et de la technologie,De 25 à 64 ans,Total,Slovaquie,2024,43.8,,
ESTAT:HRST_ST_NCAT(1.0),09/01/26 23:00:00,Annuel,Pourcentage de la population active,Personnes diplômées de l'enseignement supérieur (CITE) et/ou employées dans le domaine de la science et de la technologie,De 25 à 64 ans,Total,Turquie,2015,26.3,,
ESTAT:HRST_ST_NCAT(1.0),09/01/26 23:00:00,Annuel,Pourcentage de la population active,Personnes diplômées de l'enseignement supérieur (CITE) et/ou employées dans le domaine de la science et de la technologie,De 25 à 64 ans,Total,Turquie,2016,27.5,,
ESTAT:HRST_ST_NCAT(1.0),09/01/26 23:00:00,Annuel,Pourcentage de la population active,Personnes diplômées de l'enseignement supérieur (CITE) et/ou employées dans le domaine de la science et de la technologie,De 25 à 64 ans,Total,Turquie,2017,28.1,,
ESTAT:HRST_ST_NCAT(1.0),09/01/26 23:00:00,Annuel,Pourcentage de la population active,Personnes diplômées de l'enseignement supérieur (CITE) et/ou employées dans le domaine de la science et de la technologie,De 25 à 64 ans,Total,Turquie,2018,28.8,,
ESTAT:HRST_ST_NCAT(1.0),09/01/26 23:00:00,Annuel,Pourcentage de la population active,Personnes diplômées de l'enseignement supérieur (CITE) et/ou employées dans le domaine de la science et de la technologie,De 25 à 64 ans,Total,Turquie,2019,30.3,,
ESTAT:HRST_ST_NCAT(1.0),09/01/26 23:00:00,Annuel,Pourcentage de la population active,Personnes diplômées de l'enseignement supérieur (CITE) et/ou employées dans le domaine de la science et de la technologie,De 25 à 64 ans,Total,Turquie,2020,32.6,,
ESTAT:HRST_ST_NCAT(1.0),09/01/26 23:00:00,Annuel,Pourcentage de la population active,Personnes diplômées de l'enseignement supérieur (CITE) et/ou employées dans le domaine de la science et de la technologie,De 25 à 64 ans,Total,Turquie,2021,33.1,b,
ESTAT:HRST_ST_NCAT(1.0),09/01/26 23:00:00,Annuel,Pourcentage de la population active,Personnes diplômées de l'enseignement supérieur (CITE) et/ou employées dans le domaine de la science et de la technologie,De 25 à 64 ans,Total,Turquie,2022,33.5,,
ESTAT:HRST_ST_NCAT(1.0),09/01/26 23:00:00,Annuel,Pourcentage de la population active,Personnes diplômées de l'enseignement supérieur (CITE) et/ou employées dans le domaine de la science et de la technologie,De 25 à 64 ans,Total,Turquie,2023,35.0,,
ESTAT:HRST_ST_NCAT(1.0),09/01/26 23:00:00,Annuel,Pourcentage de la population active,Personnes diplômées de l'enseignement supérieur (CITE) et/ou employées dans le domaine de la science et de la technologie,De 25 à 64 ans,Total,Turquie,2024,36.0,,
ESTAT:HRST_ST_NCAT(1.0),09/01/26 23:00:00,Annuel,Pourcentage de la population active,Personnes diplômées de l'enseignement supérieur (CITE) et/ou employées dans le domaine de la science et de la technologie,De 25 à 64 ans,Total,United Kingdom,2015,55.5,,
ESTAT:HRST_ST_NCAT(1.0),09/01/26 23:00:00,Annuel,Pourcentage de la population active,Personnes diplômées de l'enseignement supérieur (CITE) et/ou employées dans le domaine de la science et de la technologie,De 25 à 64 ans,Total,United Kingdom,2016,56.8,,
ESTAT:HRST_ST_NCAT(1.0),09/01/26 23:00:00,Annuel,Pourcentage de la population active,Personnes diplômées de l'enseignement supérieur (CITE) et/ou employées dans le domaine de la science et de la technologie,De 25 à 64 ans,Total,United Kingdom,2017,57.0,,
ESTAT:HRST_ST_NCAT(1.0),09/01/26 23:00:00,Annuel,Pourcentage de la population active,Personnes diplômées de l'enseignement supérieur (CITE) et/ou employées dans le domaine de la science et de la technologie,De 25 à 64 ans,Total,United Kingdom,2018,57.6,,
ESTAT:HRST_ST_NCAT(1.0),09/01/26 23:00:00,Annuel,Pourcentage de la population active,Personnes diplômées de l'enseignement supérieur (CITE) et/ou employées dans le domaine de la science et de la technologie,De 25 à 64 ans,Total,United Kingdom,2019,59.1,,
