DATAFLOW,LAST UPDATE,freq,indic_em,sex,age,unit,geo,TIME_PERIOD,OBS_VALUE,OBS_FLAG,CONF_STATUS
ESTAT:SDG_08_30(1.0),08/01/26 23:00:00,Annuel,Emploi total (population résidente - EFT),Total,De 20 à 64 ans,Pourcentage de la population totale,Autriche,2009,73.4,,
ESTAT:SDG_08_30(1.0),08/01/26 23:00:00,Annuel,Emploi total (population résidente - EFT),Total,De 20 à 64 ans,Pourcentage de la population totale,Autriche,2010,73.9,,
ESTAT:SDG_08_30(1.0),08/01/26 23:00:00,Annuel,Emploi total (population résidente - EFT),Total,De 20 à 64 ans,Pourcentage de la population totale,Autriche,2011,74.2,,
ESTAT:SDG_08_30(1.0),08/01/26 23:00:00,Annuel,Emploi total (population résidente - EFT),Total,De 20 à 64 ans,Pourcentage de la population totale,Autriche,2012,74.4,,
ESTAT:SDG_08_30(1.0),08/01/26 23:00:00,Annuel,Emploi total (population résidente - EFT),Total,De 20 à 64 ans,Pourcentage de la population totale,Autriche,2013,74.6,,
ESTAT:SDG_08_30(1.0),08/01/26 23:00:00,Annuel,Emploi total (population résidente - EFT),Total,De 20 à 64 ans,Pourcentage de la population totale,Autriche,2014,74.2,,
ESTAT:SDG_08_30(1.0),08/01/26 23:00:00,Annuel,Emploi total (population résidente - EFT),Total,De 20 à 64 ans,Pourcentage de la population totale,Autriche,2015,74.3,,
ESTAT:SDG_08_30(1.0),08/01/26 23:00:00,Annuel,Emploi total (population résidente - EFT),Total,De 20 à 64 ans,Pourcentage de la population totale,Autriche,2016,74.8,,
ESTAT:SDG_08_30(1.0),08/01/26 23:00:00,Annuel,Emploi total (population résidente - EFT),Total,De 20 à 64 ans,Pourcentage de la population totale,Autriche,2017,75.4,,
ESTAT:SDG_08_30(1.0),08/01/26 23:00:00,Annuel,Emploi total (population résidente - EFT),Total,De 20 à 64 ans,Pourcentage de la population totale,Autriche,2018,76.2,,
ESTAT:SDG_08_30(1.0),08/01/26 23:00:00,Annuel,Emploi total (population résidente - EFT),Total,De 20 à 64 ans,Pourcentage de la population totale,Autriche,2019,76.8,,
ESTAT:SDG_08_30(1.0),08/01/26 23:00:00,Annuel,Emploi total (population résidente - EFT),Total,De 20 à 64 ans,Pourcentage de la population totale,Autriche,2020,74.8,,
ESTAT:SDG_08_30(1.0),08/01/26 23:00:00,Annuel,Emploi total (population résidente - EFT),Total,De 20 à 64 ans,Pourcentage de la population totale,Autriche,2021,75.6,,
ESTAT:SDG_08_30(1.0),08/01/26 23:00:00,Annuel,Emploi total (population résidente - EFT),Total,De 20 à 64 ans,Pourcentage de la population totale,Autriche,2022,77.3,,
ESTAT:SDG_08_30(1.0),08/01/26 23:00:00,Annuel,Emploi total (population résidente - EFT),Total,De 20 à 64 ans,Pourcentage de la population totale,Autriche,2023,77.2,,
ESTAT:SDG_08_30(1.0),08/01/26 23:00:00,Annuel,Emploi total (population résidente - EFT),Total,De 20 à 64 ans,Pourcentage de la population totale,Autriche,2024,77.4,,
ESTAT:SDG_08_30(1.0),08/01/26 23:00:00,Annuel,Emploi total (population résidente - EFT),Total,De 20 à 64 ans,Pourcentage de la population totale,Bosnie-Herzégovine,2021,52.6,,
ESTAT:SDG_08_30(1.0),08/01/26 23:00:00,Annuel,Emploi total (population résidente - EFT),Total,De 20 à 64 ans,Pourcentage de la population totale,Bosnie-Herzégovine,2022,53.9,,
ESTAT:SDG_08_30(1.0),08/01/26 23:00:00,Annuel,Emploi total (population résidente - EFT),Total,De 20 à 64 ans,Pourcentage de la population totale,Bosnie-Herzégovine,2023,55.9,,
ESTAT:SDG_08_30(1.0),08/01/26 23:00:00,Annuel,Emploi total (population résidente - EFT),Total,De 20 à 64 ans,Pourcentage de la population totale,Bosnie-Herzégovine,2024,58.2,,
ESTAT:SDG_08_30(1.0),08/01/26 23:00:00,Annuel,Emploi total (population résidente - EFT),Total,De 20 à 64 ans,Pourcentage de la population totale,Belgique,2009,67.1,,
ESTAT:SDG_08_30(1.0),08/01/26 23:00:00,Annuel,Emploi total (population résidente - EFT),Total,De 20 à 64 ans,Pourcentage de la population totale,Belgique,2010,67.6,,
ESTAT:SDG_08_30(1.0),08/01/26 23:00:00,Annuel,Emploi total (population résidente - EFT),Total,De 20 à 64 ans,Pourcentage de la population totale,Belgique,2011,67.3,,
ESTAT:SDG_08_30(1.0),08/01/26 23:00:00,Annuel,Emploi total (population résidente - EFT),Total,De 20 à 64 ans,Pourcentage de la population totale,Belgique,2012,67.2,,
ESTAT:SDG_08_30(1.0),08/01/26 23:00:00,Annuel,Emploi total (population résidente - EFT),Total,De 20 à 64 ans,Pourcentage de la population totale,Belgique,2013,67.2,,
ESTAT:SDG_08_30(1.0),08/01/26 23:00:00,Annuel,Emploi total (population résidente - EFT),Total,De 20 à 64 ans,Pourcentage de la population totale,Belgique,2014,67.3,,
ESTAT:SDG_08_30(1.0),08/01/26 23:00:00,Annuel,Emploi total (population résidente - EFT),Total,De 20 à 64 ans,Pourcentage de la population totale,Belgique,2015,67.2,,
ESTAT:SDG_08_30(1.0),08/01/26 23:00:00,Annuel,Emploi total (population résidente - EFT),Total,De 20 à 64 ans,Pourcentage de la population totale,Belgique,2016,67.7,,
ESTAT:SDG_08_30(1.0),08/01/26 23:00:00,Annuel,Emploi total (population résidente - EFT),Total,De 20 à 64 ans,Pourcentage de la population totale,Belgique,2017,68.5,b,
ESTAT:SDG_08_30(1.0),08/01/26 23:00:00,Annuel,Emploi total (population résidente - EFT),Total,De 20 à 64 ans,Pourcentage de la population totale,Belgique,2018,69.7,,
ESTAT:SDG_08_30(1.0),08/01/26 23:00:00,Annuel,Emploi total (population résidente - EFT),Total,De 20 à 64 ans,Pourcentage de la population totale,Belgique,2019,70.5,,
ESTAT:SDG_08_30(1.0),08/01/26 23:00:00,Annuel,Emploi total (population résidente - EFT),Total,De 20 à 64 ans,Pourcentage de la population totale,Belgique,2020,69.7,,
ESTAT:SDG_08_30(1.0),08/01/26 23:00:00,Annuel,Emploi total (population résidente - EFT),Total,De 20 à 64 ans,Pourcentage de la population totale,Belgique,2021,70.6,,
ESTAT:SDG_08_30(1.0),08/01/26 23:00:00,Annuel,Emploi total (population résidente - EFT),Total,De 20 à 64 ans,Pourcentage de la population totale,Belgique,2022,71.9,,
ESTAT:SDG_08_30(1.0),08/01/26 23:00:00,Annuel,Emploi total (population résidente - EFT),Total,De 20 à 64 ans,Pourcentage de la population totale,Belgique,2023,72.1,,
ESTAT:SDG_08_30(1.0),08/01/26 23:00:00,Annuel,Emploi total (population résidente - EFT),Total,De 20 à 64 ans,Pourcentage de la population totale,Belgique,2024,72.3,,
ESTAT:SDG_08_30(1.0),08/01/26 23:00:00,Annuel,Emploi total (population résidente - EFT),Total,De 20 à 64 ans,Pourcentage de la population totale,Bulgarie,2009,68.2,,
ESTAT:SDG_08_30(1.0),08/01/26 23:00:00,Annuel,Emploi total (population résidente - EFT),Total,De 20 à 64 ans,Pourcentage de la population totale,Bulgarie,2010,64.1,b,
ESTAT:SDG_08_30(1.0),08/01/26 23:00:00,Annuel,Emploi total (population résidente - EFT),Total,De 20 à 64 ans,Pourcentage de la population totale,Bulgarie,2011,62.3,b,
ESTAT:SDG_08_30(1.0),08/01/26 23:00:00,Annuel,Emploi total (population résidente - EFT),Total,De 20 à 64 ans,Pourcentage de la population totale,Bulgarie,2012,62.4,,
ESTAT:SDG_08_30(1.0),08/01/26 23:00:00,Annuel,Emploi total (population résidente - EFT),Total,De 20 à 64 ans,Pourcentage de la population totale,Bulgarie,2013,62.9,,
ESTAT:SDG_08_30(1.0),08/01/26 23:00:00,Annuel,Emploi total (population résidente - EFT),Total,De 20 à 64 ans,Pourcentage de la population totale,Bulgarie,2014,64.4,,
ESTAT:SDG_08_30(1.0),08/01/26 23:00:00,Annuel,Emploi total (population résidente - EFT),Total,De 20 à 64 ans,Pourcentage de la population totale,Bulgarie,2015,66.5,,
ESTAT:SDG_08_30(1.0),08/01/26 23:00:00,Annuel,Emploi total (population résidente - EFT),Total,De 20 à 64 ans,Pourcentage de la population totale,Bulgarie,2016,67.0,,
ESTAT:SDG_08_30(1.0),08/01/26 23:00:00,Annuel,Emploi total (population résidente - EFT),Total,De 20 à 64 ans,Pourcentage de la population totale,Bulgarie,2017,70.6,,
ESTAT:SDG_08_30(1.0),08/01/26 23:00:00,Annuel,Emploi total (population résidente - EFT),Total,De 20 à 64 ans,Pourcentage de la population totale,Bulgarie,2018,71.7,,
ESTAT:SDG_08_30(1.0),08/01/26 23:00:00,Annuel,Emploi total (population résidente - EFT),Total,De 20 à 64 ans,Pourcentage de la population totale,Bulgarie,2019,74.3,b,
ESTAT:SDG_08_30(1.0),08/01/26 23:00:00,Annuel,Emploi total (population résidente - EFT),Total,De 20 à 64 ans,Pourcentage de la population totale,Bulgarie,2020,72.7,,
ESTAT:SDG_08_30(1.0),08/01/26 23:00:00,Annuel,Emploi total (population résidente - EFT),Total,De 20 à 64 ans,Pourcentage de la population totale,Bulgarie,2021,73.3,,
ESTAT:SDG_08_30(1.0),08/01/26 23:00:00,Annuel,Emploi total (population résidente - EFT),Total,De 20 à 64 ans,Pourcentage de la population totale,Bulgarie,2022,75.9,,
ESTAT:SDG_08_30(1.0),08/01/26 23:00:00,Annuel,Emploi total (population résidente - EFT),Total,De 20 à 64 ans,Pourcentage de la population totale,Bulgarie,2023,76.2,,
ESTAT:SDG_08_30(1.0),08/01/26 23:00:00,Annuel,Emploi total (population résidente - EFT),Total,De 20 à 64 ans,Pourcentage de la population totale,Bulgarie,2024,76.8,b,
ESTAT:SDG_08_30(1.0),08/01/26 23:00:00,Annuel,Emploi total (population résidente - EFT),Total,De 20 à 64 ans,Pourcentage de la population totale,Suisse,2010,79.7,b,
ESTAT:SDG_08_30(1.0),08/01/26 23:00:00,Annuel,Emploi total (population résidente - EFT),Total,De 20 à 64 ans,Pourcentage de la population totale,Suisse,2011,80.8,,
ESTAT:SDG_08_30(1.0),08/01/26 23:00:00,Annuel,Emploi total (population résidente - EFT),Total,De 20 à 64 ans,Pourcentage de la population totale,Suisse,2012,81.0,,
ESTAT:SDG_08_30(1.0),08/01/26 23:00:00,Annuel,Emploi total (population résidente - EFT),Total,De 20 à 64 ans,Pourcentage de la population totale,Suisse,2013,80.8,,
ESTAT:SDG_08_30(1.0),08/01/26 23:00:00,Annuel,Emploi total (population résidente - EFT),Total,De 20 à 64 ans,Pourcentage de la population totale,Suisse,2014,81.1,,
ESTAT:SDG_08_30(1.0),08/01/26 23:00:00,Annuel,Emploi total (population résidente - EFT),Total,De 20 à 64 ans,Pourcentage de la population totale,Suisse,2015,81.7,,
ESTAT:SDG_08_30(1.0),08/01/26 23:00:00,Annuel,Emploi total (population résidente - EFT),Total,De 20 à 64 ans,Pourcentage de la population totale,Suisse,2016,82.0,,
ESTAT:SDG_08_30(1.0),08/01/26 23:00:00,Annuel,Emploi total (population résidente - EFT),Total,De 20 à 64 ans,Pourcentage de la population totale,Suisse,2017,82.1,,
ESTAT:SDG_08_30(1.0),08/01/26 23:00:00,Annuel,Emploi total (population résidente - EFT),Total,De 20 à 64 ans,Pourcentage de la population totale,Suisse,2018,82.5,,
ESTAT:SDG_08_30(1.0),08/01/26 23:00:00,Annuel,Emploi total (population résidente - EFT),Total,De 20 à 64 ans,Pourcentage de la population totale,Suisse,2019,82.9,,
ESTAT:SDG_08_30(1.0),08/01/26 23:00:00,Annuel,Emploi total (population résidente - EFT),Total,De 20 à 64 ans,Pourcentage de la population totale,Suisse,2020,82.5,,
ESTAT:SDG_08_30(1.0),08/01/26 23:00:00,Annuel,Emploi total (population résidente - EFT),Total,De 20 à 64 ans,Pourcentage de la population totale,Suisse,2021,82.0,,
ESTAT:SDG_08_30(1.0),08/01/26 23:00:00,Annuel,Emploi total (population résidente - EFT),Total,De 20 à 64 ans,Pourcentage de la population totale,Suisse,2022,82.4,,
ESTAT:SDG_08_30(1.0),08/01/26 23:00:00,Annuel,Emploi total (population résidente - EFT),Total,De 20 à 64 ans,Pourcentage de la population totale,Suisse,2023,83.1,,
ESTAT:SDG_08_30(1.0),08/01/26 23:00:00,Annuel,Emploi total (population résidente - EFT),Total,De 20 à 64 ans,Pourcentage de la population totale,Suisse,2024,83.0,,
ESTAT:SDG_08_30(1.0),08/01/26 23:00:00,Annuel,Emploi total (population résidente - EFT),Total,De 20 à 64 ans,Pourcentage de la population totale,Chypre,2009,75.3,,
ESTAT:SDG_08_30(1.0),08/01/26 23:00:00,Annuel,Emploi total (population résidente - EFT),Total,De 20 à 64 ans,Pourcentage de la population totale,Chypre,2010,75.0,,
ESTAT:SDG_08_30(1.0),08/01/26 23:00:00,Annuel,Emploi total (population résidente - EFT),Total,De 20 à 64 ans,Pourcentage de la population totale,Chypre,2011,73.4,,
ESTAT:SDG_08_30(1.0),08/01/26 23:00:00,Annuel,Emploi total (population résidente - EFT),Total,De 20 à 64 ans,Pourcentage de la population totale,Chypre,2012,70.2,,
ESTAT:SDG_08_30(1.0),08/01/26 23:00:00,Annuel,Emploi total (population résidente - EFT),Total,De 20 à 64 ans,Pourcentage de la population totale,Chypre,2013,67.2,,
ESTAT:SDG_08_30(1.0),08/01/26 23:00:00,Annuel,Emploi total (population résidente - EFT),Total,De 20 à 64 ans,Pourcentage de la population totale,Chypre,2014,67.6,,
ESTAT:SDG_08_30(1.0),08/01/26 23:00:00,Annuel,Emploi total (population résidente - EFT),Total,De 20 à 64 ans,Pourcentage de la population totale,Chypre,2015,67.9,,
ESTAT:SDG_08_30(1.0),08/01/26 23:00:00,Annuel,Emploi total (population résidente - EFT),Total,De 20 à 64 ans,Pourcentage de la population totale,Chypre,2016,68.7,,
ESTAT:SDG_08_30(1.0),08/01/26 23:00:00,Annuel,Emploi total (population résidente - EFT),Total,De 20 à 64 ans,Pourcentage de la population totale,Chypre,2017,70.8,,
ESTAT:SDG_08_30(1.0),08/01/26 23:00:00,Annuel,Emploi total (population résidente - EFT),Total,De 20 à 64 ans,Pourcentage de la population totale,Chypre,2018,73.9,,
ESTAT:SDG_08_30(1.0),08/01/26 23:00:00,Annuel,Emploi total (population résidente - EFT),Total,De 20 à 64 ans,Pourcentage de la population totale,Chypre,2019,75.8,,
ESTAT:SDG_08_30(1.0),08/01/26 23:00:00,Annuel,Emploi total (population résidente - EFT),Total,De 20 à 64 ans,Pourcentage de la population totale,Chypre,2020,75.2,,
ESTAT:SDG_08_30(1.0),08/01/26 23:00:00,Annuel,Emploi total (population résidente - EFT),Total,De 20 à 64 ans,Pourcentage de la population totale,Chypre,2021,76.3,,
ESTAT:SDG_08_30(1.0),08/01/26 23:00:00,Annuel,Emploi total (population résidente - EFT),Total,De 20 à 64 ans,Pourcentage de la population totale,Chypre,2022,78.6,,
ESTAT:SDG_08_30(1.0),08/01/26 23:00:00,Annuel,Emploi total (population résidente - EFT),Total,De 20 à 64 ans,Pourcentage de la population totale,Chypre,2023,79.5,,
ESTAT:SDG_08_30(1.0),08/01/26 23:00:00,Annuel,Emploi total (population résidente - EFT),Total,De 20 à 64 ans,Pourcentage de la population totale,Chypre,2024,79.8,,
ESTAT:SDG_08_30(1.0),08/01/26 23:00:00,Annuel,Emploi total (population résidente - EFT),Total,De 20 à 64 ans,Pourcentage de la population totale,Tchéquie,2009,70.9,,
ESTAT:SDG_08_30(1.0),08/01/26 23:00:00,Annuel,Emploi total (population résidente - EFT),Total,De 20 à 64 ans,Pourcentage de la population totale,Tchéquie,2010,70.4,,
ESTAT:SDG_08_30(1.0),08/01/26 23:00:00,Annuel,Emploi total (population résidente - EFT),Total,De 20 à 64 ans,Pourcentage de la population totale,Tchéquie,2011,70.9,b,
ESTAT:SDG_08_30(1.0),08/01/26 23:00:00,Annuel,Emploi total (population résidente - EFT),Total,De 20 à 64 ans,Pourcentage de la population totale,Tchéquie,2012,71.5,,
ESTAT:SDG_08_30(1.0),08/01/26 23:00:00,Annuel,Emploi total (population résidente - EFT),Total,De 20 à 64 ans,Pourcentage de la population totale,Tchéquie,2013,72.5,,
ESTAT:SDG_08_30(1.0),08/01/26 23:00:00,Annuel,Emploi total (population résidente - EFT),Total,De 20 à 64 ans,Pourcentage de la population totale,Tchéquie,2014,73.5,,
ESTAT:SDG_08_30(1.0),08/01/26 23:00:00,Annuel,Emploi total (population résidente - EFT),Total,De 20 à 64 ans,Pourcentage de la population totale,Tchéquie,2015,74.8,,
ESTAT:SDG_08_30(1.0),08/01/26 23:00:00,Annuel,Emploi total (population résidente - EFT),Total,De 20 à 64 ans,Pourcentage de la population totale,Tchéquie,2016,76.7,,
ESTAT:SDG_08_30(1.0),08/01/26 23:00:00,Annuel,Emploi total (population résidente - EFT),Total,De 20 à 64 ans,Pourcentage de la population totale,Tchéquie,2017,78.5,,
ESTAT:SDG_08_30(1.0),08/01/26 23:00:00,Annuel,Emploi total (population résidente - EFT),Total,De 20 à 64 ans,Pourcentage de la population totale,Tchéquie,2018,79.9,,
ESTAT:SDG_08_30(1.0),08/01/26 23:00:00,Annuel,Emploi total (population résidente - EFT),Total,De 20 à 64 ans,Pourcentage de la population totale,Tchéquie,2019,80.3,,
ESTAT:SDG_08_30(1.0),08/01/26 23:00:00,Annuel,Emploi total (population résidente - EFT),Total,De 20 à 64 ans,Pourcentage de la population totale,Tchéquie,2020,79.7,,
ESTAT:SDG_08_30(1.0),08/01/26 23:00:00,Annuel,Emploi total (population résidente - EFT),Total,De 20 à 64 ans,Pourcentage de la population totale,Tchéquie,2021,80.0,,
ESTAT:SDG_08_30(1.0),08/01/26 23:00:00,Annuel,Emploi total (population résidente - EFT),Total,De 20 à 64 ans,Pourcentage de la population totale,Tchéquie,2022,81.3,,
ESTAT:SDG_08_30(1.0),08/01/26 23:00:00,Annuel,Emploi total (population résidente - EFT),Total,De 20 à 64 ans,Pourcentage de la population totale,Tchéquie,2023,81.7,,
ESTAT:SDG_08_30(1.0),08/01/26 23:00:00,Annuel,Emploi total (population résidente - EFT),Total,De 20 à 64 ans,Pourcentage de la population totale,Tchéquie,2024,82.3,,
ESTAT:SDG_08_30(1.0),08/01/26 23:00:00,Annuel,Emploi total (population résidente - EFT),Total,De 20 à 64 ans,Pourcentage de la population totale,Allemagne,2009,73.2,,
ESTAT:SDG_08_30(1.0),08/01/26 23:00:00,Annuel,Emploi total (population résidente - EFT),Total,De 20 à 64 ans,Pourcentage de la population totale,Allemagne,2010,74.0,b,
ESTAT:SDG_08_30(1.0),08/01/26 23:00:00,Annuel,Emploi total (population résidente - EFT),Total,De 20 à 64 ans,Pourcentage de la population totale,Allemagne,2011,75.4,b,
ESTAT:SDG_08_30(1.0),08/01/26 23:00:00,Annuel,Emploi total (population résidente - EFT),Total,De 20 à 64 ans,Pourcentage de la population totale,Allemagne,2012,75.8,,
ESTAT:SDG_08_30(1.0),08/01/26 23:00:00,Annuel,Emploi total (population résidente - EFT),Total,De 20 à 64 ans,Pourcentage de la population totale,Allemagne,2013,76.3,,
ESTAT:SDG_08_30(1.0),08/01/26 23:00:00,Annuel,Emploi total (population résidente - EFT),Total,De 20 à 64 ans,Pourcentage de la population totale,Allemagne,2014,76.7,,
ESTAT:SDG_08_30(1.0),08/01/26 23:00:00,Annuel,Emploi total (population résidente - EFT),Total,De 20 à 64 ans,Pourcentage de la population totale,Allemagne,2015,77.0,,
ESTAT:SDG_08_30(1.0),08/01/26 23:00:00,Annuel,Emploi total (population résidente - EFT),Total,De 20 à 64 ans,Pourcentage de la population totale,Allemagne,2016,77.6,,
ESTAT:SDG_08_30(1.0),08/01/26 23:00:00,Annuel,Emploi total (population résidente - EFT),Total,De 20 à 64 ans,Pourcentage de la population totale,Allemagne,2017,78.3,,
ESTAT:SDG_08_30(1.0),08/01/26 23:00:00,Annuel,Emploi total (population résidente - EFT),Total,De 20 à 64 ans,Pourcentage de la population totale,Allemagne,2018,79.0,,
ESTAT:SDG_08_30(1.0),08/01/26 23:00:00,Annuel,Emploi total (population résidente - EFT),Total,De 20 à 64 ans,Pourcentage de la population totale,Allemagne,2019,79.7,,
ESTAT:SDG_08_30(1.0),08/01/26 23:00:00,Annuel,Emploi total (population résidente - EFT),Total,De 20 à 64 ans,Pourcentage de la population totale,Allemagne,2020,78.3,b,
ESTAT:SDG_08_30(1.0),08/01/26 23:00:00,Annuel,Emploi total (population résidente - EFT),Total,De 20 à 64 ans,Pourcentage de la population totale,Allemagne,2021,79.6,,
ESTAT:SDG_08_30(1.0),08/01/26 23:00:00,Annuel,Emploi total (population résidente - EFT),Total,De 20 à 64 ans,Pourcentage de la population totale,Allemagne,2022,80.8,,
ESTAT:SDG_08_30(1.0),08/01/26 23:00:00,Annuel,Emploi total (population résidente - EFT),Total,De 20 à 64 ans,Pourcentage de la population totale,Allemagne,2023,81.1,,
ESTAT:SDG_08_30(1.0),08/01/26 23:00:00,Annuel,Emploi total (population résidente - EFT),Total,De 20 à 64 ans,Pourcentage de la population totale,Allemagne,2024,81.3,,
ESTAT:SDG_08_30(1.0),08/01/26 23:00:00,Annuel,Emploi total (population résidente - EFT),Total,De 20 à 64 ans,Pourcentage de la population totale,Danemark,2009,76.1,,
ESTAT:SDG_08_30(1.0),08/01/26 23:00:00,Annuel,Emploi total (population résidente - EFT),Total,De 20 à 64 ans,Pourcentage de la population totale,Danemark,2010,74.9,,
ESTAT:SDG_08_30(1.0),08/01/26 23:00:00,Annuel,Emploi total (population résidente - EFT),Total,De 20 à 64 ans,Pourcentage de la population totale,Danemark,2011,74.8,,
ESTAT:SDG_08_30(1.0),08/01/26 23:00:00,Annuel,Emploi total (population résidente - EFT),Total,De 20 à 64 ans,Pourcentage de la population totale,Danemark,2012,74.3,,
ESTAT:SDG_08_30(1.0),08/01/26 23:00:00,Annuel,Emploi total (population résidente - EFT),Total,De 20 à 64 ans,Pourcentage de la population totale,Danemark,2013,74.3,,
ESTAT:SDG_08_30(1.0),08/01/26 23:00:00,Annuel,Emploi total (population résidente - EFT),Total,De 20 à 64 ans,Pourcentage de la population totale,Danemark,2014,74.7,,
ESTAT:SDG_08_30(1.0),08/01/26 23:00:00,Annuel,Emploi total (population résidente - EFT),Total,De 20 à 64 ans,Pourcentage de la population totale,Danemark,2015,75.4,,
ESTAT:SDG_08_30(1.0),08/01/26 23:00:00,Annuel,Emploi total (population résidente - EFT),Total,De 20 à 64 ans,Pourcentage de la population totale,Danemark,2016,76.0,b,
ESTAT:SDG_08_30(1.0),08/01/26 23:00:00,Annuel,Emploi total (population résidente - EFT),Total,De 20 à 64 ans,Pourcentage de la population totale,Danemark,2017,76.6,b,
ESTAT:SDG_08_30(1.0),08/01/26 23:00:00,Annuel,Emploi total (population résidente - EFT),Total,De 20 à 64 ans,Pourcentage de la population totale,Danemark,2018,77.5,,
ESTAT:SDG_08_30(1.0),08/01/26 23:00:00,Annuel,Emploi total (population résidente - EFT),Total,De 20 à 64 ans,Pourcentage de la population totale,Danemark,2019,78.3,,
ESTAT:SDG_08_30(1.0),08/01/26 23:00:00,Annuel,Emploi total (population résidente - EFT),Total,De 20 à 64 ans,Pourcentage de la population totale,Danemark,2020,77.8,,
ESTAT:SDG_08_30(1.0),08/01/26 23:00:00,Annuel,Emploi total (population résidente - EFT),Total,De 20 à 64 ans,Pourcentage de la population totale,Danemark,2021,79.0,,
ESTAT:SDG_08_30(1.0),08/01/26 23:00:00,Annuel,Emploi total (population résidente - EFT),Total,De 20 à 64 ans,Pourcentage de la population totale,Danemark,2022,80.1,,
ESTAT:SDG_08_30(1.0),08/01/26 23:00:00,Annuel,Emploi total (population résidente - EFT),Total,De 20 à 64 ans,Pourcentage de la population totale,Danemark,2023,79.8,b,
ESTAT:SDG_08_30(1.0),08/01/26 23:00:00,Annuel,Emploi total (population résidente - EFT),Total,De 20 à 64 ans,Pourcentage de la population totale,Danemark,2024,80.2,,
ESTAT:SDG_08_30(1.0),08/01/26 23:00:00,Annuel,Emploi total (population résidente - EFT),Total,De 20 à 64 ans,Pourcentage de la population totale,Zone euro - 20 pays (2023-2025),2009,68.3,,
ESTAT:SDG_08_30(1.0),08/01/26 23:00:00,Annuel,Emploi total (population résidente - EFT),Total,De 20 à 64 ans,Pourcentage de la population totale,Zone euro - 20 pays (2023-2025),2010,67.9,,
ESTAT:SDG_08_30(1.0),08/01/26 23:00:00,Annuel,Emploi total (population résidente - EFT),Total,De 20 à 64 ans,Pourcentage de la population totale,Zone euro - 20 pays (2023-2025),2011,68.0,,
ESTAT:SDG_08_30(1.0),08/01/26 23:00:00,Annuel,Emploi total (population résidente - EFT),Total,De 20 à 64 ans,Pourcentage de la population totale,Zone euro - 20 pays (2023-2025),2012,67.6,,
ESTAT:SDG_08_30(1.0),08/01/26 23:00:00,Annuel,Emploi total (population résidente - EFT),Total,De 20 à 64 ans,Pourcentage de la population totale,Zone euro - 20 pays (2023-2025),2013,67.3,,
ESTAT:SDG_08_30(1.0),08/01/26 23:00:00,Annuel,Emploi total (population résidente - EFT),Total,De 20 à 64 ans,Pourcentage de la population totale,Zone euro - 20 pays (2023-2025),2014,67.8,,
ESTAT:SDG_08_30(1.0),08/01/26 23:00:00,Annuel,Emploi total (population résidente - EFT),Total,De 20 à 64 ans,Pourcentage de la population totale,Zone euro - 20 pays (2023-2025),2015,68.7,,
ESTAT:SDG_08_30(1.0),08/01/26 23:00:00,Annuel,Emploi total (population résidente - EFT),Total,De 20 à 64 ans,Pourcentage de la population totale,Zone euro - 20 pays (2023-2025),2016,69.7,,
ESTAT:SDG_08_30(1.0),08/01/26 23:00:00,Annuel,Emploi total (population résidente - EFT),Total,De 20 à 64 ans,Pourcentage de la population totale,Zone euro - 20 pays (2023-2025),2017,70.7,,
ESTAT:SDG_08_30(1.0),08/01/26 23:00:00,Annuel,Emploi total (population résidente - EFT),Total,De 20 à 64 ans,Pourcentage de la population totale,Zone euro - 20 pays (2023-2025),2018,71.7,,
ESTAT:SDG_08_30(1.0),08/01/26 23:00:00,Annuel,Emploi total (population résidente - EFT),Total,De 20 à 64 ans,Pourcentage de la population totale,Zone euro - 20 pays (2023-2025),2019,72.4,,
ESTAT:SDG_08_30(1.0),08/01/26 23:00:00,Annuel,Emploi total (population résidente - EFT),Total,De 20 à 64 ans,Pourcentage de la population totale,Zone euro - 20 pays (2023-2025),2020,71.1,,
ESTAT:SDG_08_30(1.0),08/01/26 23:00:00,Annuel,Emploi total (population résidente - EFT),Total,De 20 à 64 ans,Pourcentage de la population totale,Zone euro - 20 pays (2023-2025),2021,72.4,,
ESTAT:SDG_08_30(1.0),08/01/26 23:00:00,Annuel,Emploi total (population résidente - EFT),Total,De 20 à 64 ans,Pourcentage de la population totale,Zone euro - 20 pays (2023-2025),2022,74.0,,
ESTAT:SDG_08_30(1.0),08/01/26 23:00:00,Annuel,Emploi total (population résidente - EFT),Total,De 20 à 64 ans,Pourcentage de la population totale,Zone euro - 20 pays (2023-2025),2023,74.7,,
ESTAT:SDG_08_30(1.0),08/01/26 23:00:00,Annuel,Emploi total (population résidente - EFT),Total,De 20 à 64 ans,Pourcentage de la population totale,Zone euro - 20 pays (2023-2025),2024,75.3,,
ESTAT:SDG_08_30(1.0),08/01/26 23:00:00,Annuel,Emploi total (population résidente - EFT),Total,De 20 à 64 ans,Pourcentage de la population totale,Zone euro - 21 pays (à partir de 2026),2009,68.3,,
ESTAT:SDG_08_30(1.0),08/01/26 23:00:00,Annuel,Emploi total (population résidente - EFT),Total,De 20 à 64 ans,Pourcentage de la population totale,Zone euro - 21 pays (à partir de 2026),2010,67.8,,
ESTAT:SDG_08_30(1.0),08/01/26 23:00:00,Annuel,Emploi total (population résidente - EFT),Total,De 20 à 64 ans,Pourcentage de la population totale,Zone euro - 21 pays (à partir de 2026),2011,67.9,,
ESTAT:SDG_08_30(1.0),08/01/26 23:00:00,Annuel,Emploi total (population résidente - EFT),Total,De 20 à 64 ans,Pourcentage de la population totale,Zone euro - 21 pays (à partir de 2026),2012,67.4,,
ESTAT:SDG_08_30(1.0),08/01/26 23:00:00,Annuel,Emploi total (population résidente - EFT),Total,De 20 à 64 ans,Pourcentage de la population totale,Zone euro - 21 pays (à partir de 2026),2013,67.2,,
ESTAT:SDG_08_30(1.0),08/01/26 23:00:00,Annuel,Emploi total (population résidente - EFT),Total,De 20 à 64 ans,Pourcentage de la population totale,Zone euro - 21 pays (à partir de 2026),2014,67.8,,
ESTAT:SDG_08_30(1.0),08/01/26 23:00:00,Annuel,Emploi total (population résidente - EFT),Total,De 20 à 64 ans,Pourcentage de la population totale,Zone euro - 21 pays (à partir de 2026),2015,68.6,,
ESTAT:SDG_08_30(1.0),08/01/26 23:00:00,Annuel,Emploi total (population résidente - EFT),Total,De 20 à 64 ans,Pourcentage de la population totale,Zone euro - 21 pays (à partir de 2026),2016,69.6,,
ESTAT:SDG_08_30(1.0),08/01/26 23:00:00,Annuel,Emploi total (population résidente - EFT),Total,De 20 à 64 ans,Pourcentage de la population totale,Zone euro - 21 pays (à partir de 2026),2017,70.7,,
ESTAT:SDG_08_30(1.0),08/01/26 23:00:00,Annuel,Emploi total (population résidente - EFT),Total,De 20 à 64 ans,Pourcentage de la population totale,Zone euro - 21 pays (à partir de 2026),2018,71.7,,
ESTAT:SDG_08_30(1.0),08/01/26 23:00:00,Annuel,Emploi total (population résidente - EFT),Total,De 20 à 64 ans,Pourcentage de la population totale,Zone euro - 21 pays (à partir de 2026),2019,72.5,,
ESTAT:SDG_08_30(1.0),08/01/26 23:00:00,Annuel,Emploi total (population résidente - EFT),Total,De 20 à 64 ans,Pourcentage de la population totale,Zone euro - 21 pays (à partir de 2026),2020,71.2,,
ESTAT:SDG_08_30(1.0),08/01/26 23:00:00,Annuel,Emploi total (population résidente - EFT),Total,De 20 à 64 ans,Pourcentage de la population totale,Zone euro - 21 pays (à partir de 2026),2021,72.4,,
ESTAT:SDG_08_30(1.0),08/01/26 23:00:00,Annuel,Emploi total (population résidente - EFT),Total,De 20 à 64 ans,Pourcentage de la population totale,Zone euro - 21 pays (à partir de 2026),2022,74.0,,
ESTAT:SDG_08_30(1.0),08/01/26 23:00:00,Annuel,Emploi total (population résidente - EFT),Total,De 20 à 64 ans,Pourcentage de la population totale,Zone euro - 21 pays (à partir de 2026),2023,74.8,,
ESTAT:SDG_08_30(1.0),08/01/26 23:00:00,Annuel,Emploi total (population résidente - EFT),Total,De 20 à 64 ans,Pourcentage de la population totale,Zone euro - 21 pays (à partir de 2026),2024,75.3,,
ESTAT:SDG_08_30(1.0),08/01/26 23:00:00,Annuel,Emploi total (population résidente - EFT),Total,De 20 à 64 ans,Pourcentage de la population totale,Estonie,2009,70.5,,
ESTAT:SDG_08_30(1.0),08/01/26 23:00:00,Annuel,Emploi total (population résidente - EFT),Total,De 20 à 64 ans,Pourcentage de la population totale,Estonie,2010,67.6,,
ESTAT:SDG_08_30(1.0),08/01/26 23:00:00,Annuel,Emploi total (population résidente - EFT),Total,De 20 à 64 ans,Pourcentage de la population totale,Estonie,2011,71.0,,
ESTAT:SDG_08_30(1.0),08/01/26 23:00:00,Annuel,Emploi total (population résidente - EFT),Total,De 20 à 64 ans,Pourcentage de la population totale,Estonie,2012,73.1,,
ESTAT:SDG_08_30(1.0),08/01/26 23:00:00,Annuel,Emploi total (population résidente - EFT),Total,De 20 à 64 ans,Pourcentage de la population totale,Estonie,2013,74.1,,
ESTAT:SDG_08_30(1.0),08/01/26 23:00:00,Annuel,Emploi total (population résidente - EFT),Total,De 20 à 64 ans,Pourcentage de la population totale,Estonie,2014,75.0,,
ESTAT:SDG_08_30(1.0),08/01/26 23:00:00,Annuel,Emploi total (population résidente - EFT),Total,De 20 à 64 ans,Pourcentage de la population totale,Estonie,2015,76.7,,
ESTAT:SDG_08_30(1.0),08/01/26 23:00:00,Annuel,Emploi total (population résidente - EFT),Total,De 20 à 64 ans,Pourcentage de la population totale,Estonie,2016,77.0,,
ESTAT:SDG_08_30(1.0),08/01/26 23:00:00,Annuel,Emploi total (population résidente - EFT),Total,De 20 à 64 ans,Pourcentage de la population totale,Estonie,2017,79.2,,
ESTAT:SDG_08_30(1.0),08/01/26 23:00:00,Annuel,Emploi total (population résidente - EFT),Total,De 20 à 64 ans,Pourcentage de la population totale,Estonie,2018,79.7,,
ESTAT:SDG_08_30(1.0),08/01/26 23:00:00,Annuel,Emploi total (population résidente - EFT),Total,De 20 à 64 ans,Pourcentage de la population totale,Estonie,2019,80.5,,
ESTAT:SDG_08_30(1.0),08/01/26 23:00:00,Annuel,Emploi total (population résidente - EFT),Total,De 20 à 64 ans,Pourcentage de la population totale,Estonie,2020,79.1,,
ESTAT:SDG_08_30(1.0),08/01/26 23:00:00,Annuel,Emploi total (population résidente - EFT),Total,De 20 à 64 ans,Pourcentage de la population totale,Estonie,2021,79.3,,
ESTAT:SDG_08_30(1.0),08/01/26 23:00:00,Annuel,Emploi total (population résidente - EFT),Total,De 20 à 64 ans,Pourcentage de la population totale,Estonie,2022,81.9,,
ESTAT:SDG_08_30(1.0),08/01/26 23:00:00,Annuel,Emploi total (population résidente - EFT),Total,De 20 à 64 ans,Pourcentage de la population totale,Estonie,2023,82.1,,
ESTAT:SDG_08_30(1.0),08/01/26 23:00:00,Annuel,Emploi total (population résidente - EFT),Total,De 20 à 64 ans,Pourcentage de la population totale,Estonie,2024,81.8,,
ESTAT:SDG_08_30(1.0),08/01/26 23:00:00,Annuel,Emploi total (population résidente - EFT),Total,De 20 à 64 ans,Pourcentage de la population totale,Grèce,2009,65.4,,
ESTAT:SDG_08_30(1.0),08/01/26 23:00:00,Annuel,Emploi total (population résidente - EFT),Total,De 20 à 64 ans,Pourcentage de la population totale,Grèce,2010,63.5,,
ESTAT:SDG_08_30(1.0),08/01/26 23:00:00,Annuel,Emploi total (population résidente - EFT),Total,De 20 à 64 ans,Pourcentage de la population totale,Grèce,2011,59.3,,
ESTAT:SDG_08_30(1.0),08/01/26 23:00:00,Annuel,Emploi total (population résidente - EFT),Total,De 20 à 64 ans,Pourcentage de la population totale,Grèce,2012,54.5,,
ESTAT:SDG_08_30(1.0),08/01/26 23:00:00,Annuel,Emploi total (population résidente - EFT),Total,De 20 à 64 ans,Pourcentage de la population totale,Grèce,2013,52.5,,
ESTAT:SDG_08_30(1.0),08/01/26 23:00:00,Annuel,Emploi total (population résidente - EFT),Total,De 20 à 64 ans,Pourcentage de la population totale,Grèce,2014,53.1,,
ESTAT:SDG_08_30(1.0),08/01/26 23:00:00,Annuel,Emploi total (population résidente - EFT),Total,De 20 à 64 ans,Pourcentage de la population totale,Grèce,2015,54.8,,
ESTAT:SDG_08_30(1.0),08/01/26 23:00:00,Annuel,Emploi total (population résidente - EFT),Total,De 20 à 64 ans,Pourcentage de la population totale,Grèce,2016,55.9,,
ESTAT:SDG_08_30(1.0),08/01/26 23:00:00,Annuel,Emploi total (population résidente - EFT),Total,De 20 à 64 ans,Pourcentage de la population totale,Grèce,2017,57.4,,
ESTAT:SDG_08_30(1.0),08/01/26 23:00:00,Annuel,Emploi total (population résidente - EFT),Total,De 20 à 64 ans,Pourcentage de la population totale,Grèce,2018,59.0,,
ESTAT:SDG_08_30(1.0),08/01/26 23:00:00,Annuel,Emploi total (population résidente - EFT),Total,De 20 à 64 ans,Pourcentage de la population totale,Grèce,2019,60.8,,
ESTAT:SDG_08_30(1.0),08/01/26 23:00:00,Annuel,Emploi total (population résidente - EFT),Total,De 20 à 64 ans,Pourcentage de la population totale,Grèce,2020,58.3,,
ESTAT:SDG_08_30(1.0),08/01/26 23:00:00,Annuel,Emploi total (population résidente - EFT),Total,De 20 à 64 ans,Pourcentage de la population totale,Grèce,2021,62.6,,
ESTAT:SDG_08_30(1.0),08/01/26 23:00:00,Annuel,Emploi total (population résidente - EFT),Total,De 20 à 64 ans,Pourcentage de la population totale,Grèce,2022,66.3,,
ESTAT:SDG_08_30(1.0),08/01/26 23:00:00,Annuel,Emploi total (population résidente - EFT),Total,De 20 à 64 ans,Pourcentage de la population totale,Grèce,2023,67.4,,
ESTAT:SDG_08_30(1.0),08/01/26 23:00:00,Annuel,Emploi total (population résidente - EFT),Total,De 20 à 64 ans,Pourcentage de la population totale,Grèce,2024,69.3,,
ESTAT:SDG_08_30(1.0),08/01/26 23:00:00,Annuel,Emploi total (population résidente - EFT),Total,De 20 à 64 ans,Pourcentage de la population totale,Espagne,2009,64.0,,
ESTAT:SDG_08_30(1.0),08/01/26 23:00:00,Annuel,Emploi total (population résidente - EFT),Total,De 20 à 64 ans,Pourcentage de la population totale,Espagne,2010,62.8,,
ESTAT:SDG_08_30(1.0),08/01/26 23:00:00,Annuel,Emploi total (population résidente - EFT),Total,De 20 à 64 ans,Pourcentage de la population totale,Espagne,2011,62.0,,
ESTAT:SDG_08_30(1.0),08/01/26 23:00:00,Annuel,Emploi total (population résidente - EFT),Total,De 20 à 64 ans,Pourcentage de la population totale,Espagne,2012,59.6,,
ESTAT:SDG_08_30(1.0),08/01/26 23:00:00,Annuel,Emploi total (population résidente - EFT),Total,De 20 à 64 ans,Pourcentage de la population totale,Espagne,2013,58.6,,
ESTAT:SDG_08_30(1.0),08/01/26 23:00:00,Annuel,Emploi total (population résidente - EFT),Total,De 20 à 64 ans,Pourcentage de la population totale,Espagne,2014,59.9,,
ESTAT:SDG_08_30(1.0),08/01/26 23:00:00,Annuel,Emploi total (population résidente - EFT),Total,De 20 à 64 ans,Pourcentage de la population totale,Espagne,2015,62.0,,
ESTAT:SDG_08_30(1.0),08/01/26 23:00:00,Annuel,Emploi total (population résidente - EFT),Total,De 20 à 64 ans,Pourcentage de la population totale,Espagne,2016,63.9,,
ESTAT:SDG_08_30(1.0),08/01/26 23:00:00,Annuel,Emploi total (population résidente - EFT),Total,De 20 à 64 ans,Pourcentage de la population totale,Espagne,2017,65.5,,
ESTAT:SDG_08_30(1.0),08/01/26 23:00:00,Annuel,Emploi total (population résidente - EFT),Total,De 20 à 64 ans,Pourcentage de la population totale,Espagne,2018,67.0,,
ESTAT:SDG_08_30(1.0),08/01/26 23:00:00,Annuel,Emploi total (population résidente - EFT),Total,De 20 à 64 ans,Pourcentage de la population totale,Espagne,2019,68.0,,
ESTAT:SDG_08_30(1.0),08/01/26 23:00:00,Annuel,Emploi total (population résidente - EFT),Total,De 20 à 64 ans,Pourcentage de la population totale,Espagne,2020,65.7,,
ESTAT:SDG_08_30(1.0),08/01/26 23:00:00,Annuel,Emploi total (population résidente - EFT),Total,De 20 à 64 ans,Pourcentage de la population totale,Espagne,2021,67.5,d,
ESTAT:SDG_08_30(1.0),08/01/26 23:00:00,Annuel,Emploi total (population résidente - EFT),Total,De 20 à 64 ans,Pourcentage de la population totale,Espagne,2022,69.3,d,
ESTAT:SDG_08_30(1.0),08/01/26 23:00:00,Annuel,Emploi total (population résidente - EFT),Total,De 20 à 64 ans,Pourcentage de la population totale,Espagne,2023,70.5,d,
ESTAT:SDG_08_30(1.0),08/01/26 23:00:00,Annuel,Emploi total (population résidente - EFT),Total,De 20 à 64 ans,Pourcentage de la population totale,Espagne,2024,71.4,d,
ESTAT:SDG_08_30(1.0),08/01/26 23:00:00,Annuel,Emploi total (population résidente - EFT),Total,De 20 à 64 ans,Pourcentage de la population totale,Union européenne - 27 pays (à partir de 2020),2009,67.3,,
ESTAT:SDG_08_30(1.0),08/01/26 23:00:00,Annuel,Emploi total (population résidente - EFT),Total,De 20 à 64 ans,Pourcentage de la population totale,Union européenne - 27 pays (à partir de 2020),2010,67.0,,
ESTAT:SDG_08_30(1.0),08/01/26 23:00:00,Annuel,Emploi total (population résidente - EFT),Total,De 20 à 64 ans,Pourcentage de la population totale,Union européenne - 27 pays (à partir de 2020),2011,67.1,,
ESTAT:SDG_08_30(1.0),08/01/26 23:00:00,Annuel,Emploi total (population résidente - EFT),Total,De 20 à 64 ans,Pourcentage de la population totale,Union européenne - 27 pays (à partir de 2020),2012,66.9,,
ESTAT:SDG_08_30(1.0),08/01/26 23:00:00,Annuel,Emploi total (population résidente - EFT),Total,De 20 à 64 ans,Pourcentage de la population totale,Union européenne - 27 pays (à partir de 2020),2013,66.8,,
ESTAT:SDG_08_30(1.0),08/01/26 23:00:00,Annuel,Emploi total (population résidente - EFT),Total,De 20 à 64 ans,Pourcentage de la population totale,Union européenne - 27 pays (à partir de 2020),2014,67.6,,
ESTAT:SDG_08_30(1.0),08/01/26 23:00:00,Annuel,Emploi total (population résidente - EFT),Total,De 20 à 64 ans,Pourcentage de la population totale,Union européenne - 27 pays (à partir de 2020),2015,68.5,,
ESTAT:SDG_08_30(1.0),08/01/26 23:00:00,Annuel,Emploi total (population résidente - EFT),Total,De 20 à 64 ans,Pourcentage de la population totale,Union européenne - 27 pays (à partir de 2020),2016,69.7,,
ESTAT:SDG_08_30(1.0),08/01/26 23:00:00,Annuel,Emploi total (population résidente - EFT),Total,De 20 à 64 ans,Pourcentage de la population totale,Union européenne - 27 pays (à partir de 2020),2017,70.9,,
ESTAT:SDG_08_30(1.0),08/01/26 23:00:00,Annuel,Emploi total (population résidente - EFT),Total,De 20 à 64 ans,Pourcentage de la population totale,Union européenne - 27 pays (à partir de 2020),2018,71.9,,
ESTAT:SDG_08_30(1.0),08/01/26 23:00:00,Annuel,Emploi total (population résidente - EFT),Total,De 20 à 64 ans,Pourcentage de la population totale,Union européenne - 27 pays (à partir de 2020),2019,72.7,,
ESTAT:SDG_08_30(1.0),08/01/26 23:00:00,Annuel,Emploi total (population résidente - EFT),Total,De 20 à 64 ans,Pourcentage de la population totale,Union européenne - 27 pays (à partir de 2020),2020,71.7,,
ESTAT:SDG_08_30(1.0),08/01/26 23:00:00,Annuel,Emploi total (population résidente - EFT),Total,De 20 à 64 ans,Pourcentage de la population totale,Union européenne - 27 pays (à partir de 2020),2021,73.1,,
ESTAT:SDG_08_30(1.0),08/01/26 23:00:00,Annuel,Emploi total (population résidente - EFT),Total,De 20 à 64 ans,Pourcentage de la population totale,Union européenne - 27 pays (à partir de 2020),2022,74.6,,
ESTAT:SDG_08_30(1.0),08/01/26 23:00:00,Annuel,Emploi total (population résidente - EFT),Total,De 20 à 64 ans,Pourcentage de la population totale,Union européenne - 27 pays (à partir de 2020),2023,75.3,,
ESTAT:SDG_08_30(1.0),08/01/26 23:00:00,Annuel,Emploi total (population résidente - EFT),Total,De 20 à 64 ans,Pourcentage de la population totale,Union européenne - 27 pays (à partir de 2020),2024,75.8,,
ESTAT:SDG_08_30(1.0),08/01/26 23:00:00,Annuel,Emploi total (population résidente - EFT),Total,De 20 à 64 ans,Pourcentage de la population totale,Finlande,2009,72.6,,
ESTAT:SDG_08_30(1.0),08/01/26 23:00:00,Annuel,Emploi total (population résidente - EFT),Total,De 20 à 64 ans,Pourcentage de la population totale,Finlande,2010,71.9,,
ESTAT:SDG_08_30(1.0),08/01/26 23:00:00,Annuel,Emploi total (population résidente - EFT),Total,De 20 à 64 ans,Pourcentage de la population totale,Finlande,2011,72.7,,
ESTAT:SDG_08_30(1.0),08/01/26 23:00:00,Annuel,Emploi total (population résidente - EFT),Total,De 20 à 64 ans,Pourcentage de la population totale,Finlande,2012,73.0,,
ESTAT:SDG_08_30(1.0),08/01/26 23:00:00,Annuel,Emploi total (population résidente - EFT),Total,De 20 à 64 ans,Pourcentage de la population totale,Finlande,2013,72.5,,
ESTAT:SDG_08_30(1.0),08/01/26 23:00:00,Annuel,Emploi total (population résidente - EFT),Total,De 20 à 64 ans,Pourcentage de la population totale,Finlande,2014,72.2,,
ESTAT:SDG_08_30(1.0),08/01/26 23:00:00,Annuel,Emploi total (population résidente - EFT),Total,De 20 à 64 ans,Pourcentage de la population totale,Finlande,2015,71.8,,
ESTAT:SDG_08_30(1.0),08/01/26 23:00:00,Annuel,Emploi total (population résidente - EFT),Total,De 20 à 64 ans,Pourcentage de la population totale,Finlande,2016,72.4,,
ESTAT:SDG_08_30(1.0),08/01/26 23:00:00,Annuel,Emploi total (population résidente - EFT),Total,De 20 à 64 ans,Pourcentage de la population totale,Finlande,2017,73.2,,
ESTAT:SDG_08_30(1.0),08/01/26 23:00:00,Annuel,Emploi total (population résidente - EFT),Total,De 20 à 64 ans,Pourcentage de la population totale,Finlande,2018,75.3,,
ESTAT:SDG_08_30(1.0),08/01/26 23:00:00,Annuel,Emploi total (population résidente - EFT),Total,De 20 à 64 ans,Pourcentage de la population totale,Finlande,2019,76.2,,
ESTAT:SDG_08_30(1.0),08/01/26 23:00:00,Annuel,Emploi total (population résidente - EFT),Total,De 20 à 64 ans,Pourcentage de la population totale,Finlande,2020,75.5,,
ESTAT:SDG_08_30(1.0),08/01/26 23:00:00,Annuel,Emploi total (population résidente - EFT),Total,De 20 à 64 ans,Pourcentage de la population totale,Finlande,2021,76.8,,
ESTAT:SDG_08_30(1.0),08/01/26 23:00:00,Annuel,Emploi total (population résidente - EFT),Total,De 20 à 64 ans,Pourcentage de la population totale,Finlande,2022,78.4,,
ESTAT:SDG_08_30(1.0),08/01/26 23:00:00,Annuel,Emploi total (population résidente - EFT),Total,De 20 à 64 ans,Pourcentage de la population totale,Finlande,2023,78.2,,
ESTAT:SDG_08_30(1.0),08/01/26 23:00:00,Annuel,Emploi total (population résidente - EFT),Total,De 20 à 64 ans,Pourcentage de la population totale,Finlande,2024,77.0,,
ESTAT:SDG_08_30(1.0),08/01/26 23:00:00,Annuel,Emploi total (population résidente - EFT),Total,De 20 à 64 ans,Pourcentage de la population totale,France,2009,69.8,,
ESTAT:SDG_08_30(1.0),08/01/26 23:00:00,Annuel,Emploi total (population résidente - EFT),Total,De 20 à 64 ans,Pourcentage de la population totale,France,2010,69.6,,
ESTAT:SDG_08_30(1.0),08/01/26 23:00:00,Annuel,Emploi total (population résidente - EFT),Total,De 20 à 64 ans,Pourcentage de la population totale,France,2011,69.5,,
ESTAT:SDG_08_30(1.0),08/01/26 23:00:00,Annuel,Emploi total (population résidente - EFT),Total,De 20 à 64 ans,Pourcentage de la population totale,France,2012,69.7,,
ESTAT:SDG_08_30(1.0),08/01/26 23:00:00,Annuel,Emploi total (population résidente - EFT),Total,De 20 à 64 ans,Pourcentage de la population totale,France,2013,69.7,,
ESTAT:SDG_08_30(1.0),08/01/26 23:00:00,Annuel,Emploi total (population résidente - EFT),Total,De 20 à 64 ans,Pourcentage de la population totale,France,2014,70.0,,
ESTAT:SDG_08_30(1.0),08/01/26 23:00:00,Annuel,Emploi total (population résidente - EFT),Total,De 20 à 64 ans,Pourcentage de la population totale,France,2015,70.3,,
ESTAT:SDG_08_30(1.0),08/01/26 23:00:00,Annuel,Emploi total (population résidente - EFT),Total,De 20 à 64 ans,Pourcentage de la population totale,France,2016,70.7,,
ESTAT:SDG_08_30(1.0),08/01/26 23:00:00,Annuel,Emploi total (population résidente - EFT),Total,De 20 à 64 ans,Pourcentage de la population totale,France,2017,71.3,,
ESTAT:SDG_08_30(1.0),08/01/26 23:00:00,Annuel,Emploi total (population résidente - EFT),Total,De 20 à 64 ans,Pourcentage de la population totale,France,2018,72.0,,
ESTAT:SDG_08_30(1.0),08/01/26 23:00:00,Annuel,Emploi total (population résidente - EFT),Total,De 20 à 64 ans,Pourcentage de la population totale,France,2019,72.3,,
ESTAT:SDG_08_30(1.0),08/01/26 23:00:00,Annuel,Emploi total (population résidente - EFT),Total,De 20 à 64 ans,Pourcentage de la population totale,France,2020,72.1,,
ESTAT:SDG_08_30(1.0),08/01/26 23:00:00,Annuel,Emploi total (population résidente - EFT),Total,De 20 à 64 ans,Pourcentage de la population totale,France,2021,73.2,d,
ESTAT:SDG_08_30(1.0),08/01/26 23:00:00,Annuel,Emploi total (population résidente - EFT),Total,De 20 à 64 ans,Pourcentage de la population totale,France,2022,74.0,d,
ESTAT:SDG_08_30(1.0),08/01/26 23:00:00,Annuel,Emploi total (population résidente - EFT),Total,De 20 à 64 ans,Pourcentage de la population totale,France,2023,74.4,d,
ESTAT:SDG_08_30(1.0),08/01/26 23:00:00,Annuel,Emploi total (population résidente - EFT),Total,De 20 à 64 ans,Pourcentage de la population totale,France,2024,75.1,d,
ESTAT:SDG_08_30(1.0),08/01/26 23:00:00,Annuel,Emploi total (population résidente - EFT),Total,De 20 à 64 ans,Pourcentage de la population totale,Croatie,2009,64.2,,
ESTAT:SDG_08_30(1.0),08/01/26 23:00:00,Annuel,Emploi total (population résidente - EFT),Total,De 20 à 64 ans,Pourcentage de la population totale,Croatie,2010,62.1,,
ESTAT:SDG_08_30(1.0),08/01/26 23:00:00,Annuel,Emploi total (population résidente - EFT),Total,De 20 à 64 ans,Pourcentage de la population totale,Croatie,2011,59.8,,
ESTAT:SDG_08_30(1.0),08/01/26 23:00:00,Annuel,Emploi total (population résidente - EFT),Total,De 20 à 64 ans,Pourcentage de la population totale,Croatie,2012,58.1,b,
ESTAT:SDG_08_30(1.0),08/01/26 23:00:00,Annuel,Emploi total (population résidente - EFT),Total,De 20 à 64 ans,Pourcentage de la population totale,Croatie,2013,57.2,,
ESTAT:SDG_08_30(1.0),08/01/26 23:00:00,Annuel,Emploi total (population résidente - EFT),Total,De 20 à 64 ans,Pourcentage de la population totale,Croatie,2014,59.1,,
ESTAT:SDG_08_30(1.0),08/01/26 23:00:00,Annuel,Emploi total (population résidente - EFT),Total,De 20 à 64 ans,Pourcentage de la population totale,Croatie,2015,60.5,,
ESTAT:SDG_08_30(1.0),08/01/26 23:00:00,Annuel,Emploi total (population résidente - EFT),Total,De 20 à 64 ans,Pourcentage de la population totale,Croatie,2016,61.3,,
ESTAT:SDG_08_30(1.0),08/01/26 23:00:00,Annuel,Emploi total (population résidente - EFT),Total,De 20 à 64 ans,Pourcentage de la population totale,Croatie,2017,63.2,,
ESTAT:SDG_08_30(1.0),08/01/26 23:00:00,Annuel,Emploi total (population résidente - EFT),Total,De 20 à 64 ans,Pourcentage de la population totale,Croatie,2018,64.9,,
ESTAT:SDG_08_30(1.0),08/01/26 23:00:00,Annuel,Emploi total (population résidente - EFT),Total,De 20 à 64 ans,Pourcentage de la population totale,Croatie,2019,66.4,,
ESTAT:SDG_08_30(1.0),08/01/26 23:00:00,Annuel,Emploi total (population résidente - EFT),Total,De 20 à 64 ans,Pourcentage de la population totale,Croatie,2020,66.9,,
ESTAT:SDG_08_30(1.0),08/01/26 23:00:00,Annuel,Emploi total (population résidente - EFT),Total,De 20 à 64 ans,Pourcentage de la population totale,Croatie,2021,68.6,,
ESTAT:SDG_08_30(1.0),08/01/26 23:00:00,Annuel,Emploi total (population résidente - EFT),Total,De 20 à 64 ans,Pourcentage de la population totale,Croatie,2022,70.2,,
ESTAT:SDG_08_30(1.0),08/01/26 23:00:00,Annuel,Emploi total (population résidente - EFT),Total,De 20 à 64 ans,Pourcentage de la population totale,Croatie,2023,70.8,,
ESTAT:SDG_08_30(1.0),08/01/26 23:00:00,Annuel,Emploi total (population résidente - EFT),Total,De 20 à 64 ans,Pourcentage de la population totale,Croatie,2024,73.6,,
ESTAT:SDG_08_30(1.0),08/01/26 23:00:00,Annuel,Emploi total (population résidente - EFT),Total,De 20 à 64 ans,Pourcentage de la population totale,Hongrie,2009,62.5,,
ESTAT:SDG_08_30(1.0),08/01/26 23:00:00,Annuel,Emploi total (population résidente - EFT),Total,De 20 à 64 ans,Pourcentage de la population totale,Hongrie,2010,62.2,,
ESTAT:SDG_08_30(1.0),08/01/26 23:00:00,Annuel,Emploi total (population résidente - EFT),Total,De 20 à 64 ans,Pourcentage de la population totale,Hongrie,2011,62.8,,
ESTAT:SDG_08_30(1.0),08/01/26 23:00:00,Annuel,Emploi total (population résidente - EFT),Total,De 20 à 64 ans,Pourcentage de la population totale,Hongrie,2012,63.8,,
ESTAT:SDG_08_30(1.0),08/01/26 23:00:00,Annuel,Emploi total (population résidente - EFT),Total,De 20 à 64 ans,Pourcentage de la population totale,Hongrie,2013,65.2,,
ESTAT:SDG_08_30(1.0),08/01/26 23:00:00,Annuel,Emploi total (population résidente - EFT),Total,De 20 à 64 ans,Pourcentage de la population totale,Hongrie,2014,68.7,,
ESTAT:SDG_08_30(1.0),08/01/26 23:00:00,Annuel,Emploi total (population résidente - EFT),Total,De 20 à 64 ans,Pourcentage de la population totale,Hongrie,2015,70.9,,
ESTAT:SDG_08_30(1.0),08/01/26 23:00:00,Annuel,Emploi total (population résidente - EFT),Total,De 20 à 64 ans,Pourcentage de la population totale,Hongrie,2016,73.7,,
ESTAT:SDG_08_30(1.0),08/01/26 23:00:00,Annuel,Emploi total (population résidente - EFT),Total,De 20 à 64 ans,Pourcentage de la population totale,Hongrie,2017,75.4,,
ESTAT:SDG_08_30(1.0),08/01/26 23:00:00,Annuel,Emploi total (population résidente - EFT),Total,De 20 à 64 ans,Pourcentage de la population totale,Hongrie,2018,76.8,b,
ESTAT:SDG_08_30(1.0),08/01/26 23:00:00,Annuel,Emploi total (population résidente - EFT),Total,De 20 à 64 ans,Pourcentage de la population totale,Hongrie,2019,77.7,,
ESTAT:SDG_08_30(1.0),08/01/26 23:00:00,Annuel,Emploi total (population résidente - EFT),Total,De 20 à 64 ans,Pourcentage de la population totale,Hongrie,2020,77.6,,
ESTAT:SDG_08_30(1.0),08/01/26 23:00:00,Annuel,Emploi total (population résidente - EFT),Total,De 20 à 64 ans,Pourcentage de la population totale,Hongrie,2021,78.9,,
ESTAT:SDG_08_30(1.0),08/01/26 23:00:00,Annuel,Emploi total (population résidente - EFT),Total,De 20 à 64 ans,Pourcentage de la population totale,Hongrie,2022,80.3,,
ESTAT:SDG_08_30(1.0),08/01/26 23:00:00,Annuel,Emploi total (population résidente - EFT),Total,De 20 à 64 ans,Pourcentage de la population totale,Hongrie,2023,80.7,,
ESTAT:SDG_08_30(1.0),08/01/26 23:00:00,Annuel,Emploi total (population résidente - EFT),Total,De 20 à 64 ans,Pourcentage de la population totale,Hongrie,2024,81.1,,
ESTAT:SDG_08_30(1.0),08/01/26 23:00:00,Annuel,Emploi total (population résidente - EFT),Total,De 20 à 64 ans,Pourcentage de la population totale,Irlande,2009,68.0,,
ESTAT:SDG_08_30(1.0),08/01/26 23:00:00,Annuel,Emploi total (population résidente - EFT),Total,De 20 à 64 ans,Pourcentage de la population totale,Irlande,2010,65.5,,
ESTAT:SDG_08_30(1.0),08/01/26 23:00:00,Annuel,Emploi total (population résidente - EFT),Total,De 20 à 64 ans,Pourcentage de la population totale,Irlande,2011,64.5,,
ESTAT:SDG_08_30(1.0),08/01/26 23:00:00,Annuel,Emploi total (population résidente - EFT),Total,De 20 à 64 ans,Pourcentage de la population totale,Irlande,2012,64.5,,
ESTAT:SDG_08_30(1.0),08/01/26 23:00:00,Annuel,Emploi total (population résidente - EFT),Total,De 20 à 64 ans,Pourcentage de la population totale,Irlande,2013,66.5,,
ESTAT:SDG_08_30(1.0),08/01/26 23:00:00,Annuel,Emploi total (population résidente - EFT),Total,De 20 à 64 ans,Pourcentage de la population totale,Irlande,2014,68.1,,
ESTAT:SDG_08_30(1.0),08/01/26 23:00:00,Annuel,Emploi total (population résidente - EFT),Total,De 20 à 64 ans,Pourcentage de la population totale,Irlande,2015,69.8,,
ESTAT:SDG_08_30(1.0),08/01/26 23:00:00,Annuel,Emploi total (population résidente - EFT),Total,De 20 à 64 ans,Pourcentage de la population totale,Irlande,2016,71.3,,
ESTAT:SDG_08_30(1.0),08/01/26 23:00:00,Annuel,Emploi total (population résidente - EFT),Total,De 20 à 64 ans,Pourcentage de la population totale,Irlande,2017,72.9,,
ESTAT:SDG_08_30(1.0),08/01/26 23:00:00,Annuel,Emploi total (population résidente - EFT),Total,De 20 à 64 ans,Pourcentage de la population totale,Irlande,2018,74.0,,
ESTAT:SDG_08_30(1.0),08/01/26 23:00:00,Annuel,Emploi total (population résidente - EFT),Total,De 20 à 64 ans,Pourcentage de la population totale,Irlande,2019,75.0,,
ESTAT:SDG_08_30(1.0),08/01/26 23:00:00,Annuel,Emploi total (population résidente - EFT),Total,De 20 à 64 ans,Pourcentage de la population totale,Irlande,2020,72.1,,
ESTAT:SDG_08_30(1.0),08/01/26 23:00:00,Annuel,Emploi total (population résidente - EFT),Total,De 20 à 64 ans,Pourcentage de la population totale,Irlande,2021,74.9,b,
ESTAT:SDG_08_30(1.0),08/01/26 23:00:00,Annuel,Emploi total (population résidente - EFT),Total,De 20 à 64 ans,Pourcentage de la population totale,Irlande,2022,78.2,,
ESTAT:SDG_08_30(1.0),08/01/26 23:00:00,Annuel,Emploi total (population résidente - EFT),Total,De 20 à 64 ans,Pourcentage de la population totale,Irlande,2023,79.1,,
ESTAT:SDG_08_30(1.0),08/01/26 23:00:00,Annuel,Emploi total (population résidente - EFT),Total,De 20 à 64 ans,Pourcentage de la population totale,Irlande,2024,79.8,,
ESTAT:SDG_08_30(1.0),08/01/26 23:00:00,Annuel,Emploi total (population résidente - EFT),Total,De 20 à 64 ans,Pourcentage de la population totale,Islande,2009,80.6,,
ESTAT:SDG_08_30(1.0),08/01/26 23:00:00,Annuel,Emploi total (population résidente - EFT),Total,De 20 à 64 ans,Pourcentage de la population totale,Islande,2010,80.4,,
ESTAT:SDG_08_30(1.0),08/01/26 23:00:00,Annuel,Emploi total (population résidente - EFT),Total,De 20 à 64 ans,Pourcentage de la population totale,Islande,2011,80.6,,
ESTAT:SDG_08_30(1.0),08/01/26 23:00:00,Annuel,Emploi total (population résidente - EFT),Total,De 20 à 64 ans,Pourcentage de la population totale,Islande,2012,81.8,,
ESTAT:SDG_08_30(1.0),08/01/26 23:00:00,Annuel,Emploi total (population résidente - EFT),Total,De 20 à 64 ans,Pourcentage de la population totale,Islande,2013,82.8,,
ESTAT:SDG_08_30(1.0),08/01/26 23:00:00,Annuel,Emploi total (population résidente - EFT),Total,De 20 à 64 ans,Pourcentage de la population totale,Islande,2014,84.9,,
ESTAT:SDG_08_30(1.0),08/01/26 23:00:00,Annuel,Emploi total (population résidente - EFT),Total,De 20 à 64 ans,Pourcentage de la population totale,Islande,2015,86.5,,
ESTAT:SDG_08_30(1.0),08/01/26 23:00:00,Annuel,Emploi total (population résidente - EFT),Total,De 20 à 64 ans,Pourcentage de la population totale,Islande,2016,87.8,,
ESTAT:SDG_08_30(1.0),08/01/26 23:00:00,Annuel,Emploi total (population résidente - EFT),Total,De 20 à 64 ans,Pourcentage de la population totale,Islande,2017,87.6,,
ESTAT:SDG_08_30(1.0),08/01/26 23:00:00,Annuel,Emploi total (population résidente - EFT),Total,De 20 à 64 ans,Pourcentage de la population totale,Islande,2018,86.5,,
ESTAT:SDG_08_30(1.0),08/01/26 23:00:00,Annuel,Emploi total (population résidente - EFT),Total,De 20 à 64 ans,Pourcentage de la population totale,Islande,2019,85.9,,
ESTAT:SDG_08_30(1.0),08/01/26 23:00:00,Annuel,Emploi total (population résidente - EFT),Total,De 20 à 64 ans,Pourcentage de la population totale,Islande,2020,82.3,b,
ESTAT:SDG_08_30(1.0),08/01/26 23:00:00,Annuel,Emploi total (population résidente - EFT),Total,De 20 à 64 ans,Pourcentage de la population totale,Islande,2021,81.4,,
ESTAT:SDG_08_30(1.0),08/01/26 23:00:00,Annuel,Emploi total (population résidente - EFT),Total,De 20 à 64 ans,Pourcentage de la population totale,Islande,2022,84.8,,
ESTAT:SDG_08_30(1.0),08/01/26 23:00:00,Annuel,Emploi total (population résidente - EFT),Total,De 20 à 64 ans,Pourcentage de la population totale,Islande,2023,85.3,,
ESTAT:SDG_08_30(1.0),08/01/26 23:00:00,Annuel,Emploi total (population résidente - EFT),Total,De 20 à 64 ans,Pourcentage de la population totale,Islande,2024,87.0,,
ESTAT:SDG_08_30(1.0),08/01/26 23:00:00,Annuel,Emploi total (population résidente - EFT),Total,De 20 à 64 ans,Pourcentage de la population totale,Italie,2009,61.1,,
ESTAT:SDG_08_30(1.0),08/01/26 23:00:00,Annuel,Emploi total (population résidente - EFT),Total,De 20 à 64 ans,Pourcentage de la population totale,Italie,2010,60.5,,
ESTAT:SDG_08_30(1.0),08/01/26 23:00:00,Annuel,Emploi total (population résidente - EFT),Total,De 20 à 64 ans,Pourcentage de la population totale,Italie,2011,60.5,,
ESTAT:SDG_08_30(1.0),08/01/26 23:00:00,Annuel,Emploi total (population résidente - EFT),Total,De 20 à 64 ans,Pourcentage de la population totale,Italie,2012,60.2,,
ESTAT:SDG_08_30(1.0),08/01/26 23:00:00,Annuel,Emploi total (population résidente - EFT),Total,De 20 à 64 ans,Pourcentage de la population totale,Italie,2013,59.1,,
ESTAT:SDG_08_30(1.0),08/01/26 23:00:00,Annuel,Emploi total (population résidente - EFT),Total,De 20 à 64 ans,Pourcentage de la population totale,Italie,2014,59.5,,
ESTAT:SDG_08_30(1.0),08/01/26 23:00:00,Annuel,Emploi total (population résidente - EFT),Total,De 20 à 64 ans,Pourcentage de la population totale,Italie,2015,60.2,,
ESTAT:SDG_08_30(1.0),08/01/26 23:00:00,Annuel,Emploi total (population résidente - EFT),Total,De 20 à 64 ans,Pourcentage de la population totale,Italie,2016,61.4,,
ESTAT:SDG_08_30(1.0),08/01/26 23:00:00,Annuel,Emploi total (population résidente - EFT),Total,De 20 à 64 ans,Pourcentage de la population totale,Italie,2017,62.3,,
ESTAT:SDG_08_30(1.0),08/01/26 23:00:00,Annuel,Emploi total (population résidente - EFT),Total,De 20 à 64 ans,Pourcentage de la population totale,Italie,2018,63.0,b,
ESTAT:SDG_08_30(1.0),08/01/26 23:00:00,Annuel,Emploi total (population résidente - EFT),Total,De 20 à 64 ans,Pourcentage de la population totale,Italie,2019,63.5,,
ESTAT:SDG_08_30(1.0),08/01/26 23:00:00,Annuel,Emploi total (population résidente - EFT),Total,De 20 à 64 ans,Pourcentage de la population totale,Italie,2020,61.9,,
ESTAT:SDG_08_30(1.0),08/01/26 23:00:00,Annuel,Emploi total (population résidente - EFT),Total,De 20 à 64 ans,Pourcentage de la population totale,Italie,2021,62.7,,
ESTAT:SDG_08_30(1.0),08/01/26 23:00:00,Annuel,Emploi total (population résidente - EFT),Total,De 20 à 64 ans,Pourcentage de la population totale,Italie,2022,64.8,,
ESTAT:SDG_08_30(1.0),08/01/26 23:00:00,Annuel,Emploi total (population résidente - EFT),Total,De 20 à 64 ans,Pourcentage de la population totale,Italie,2023,66.3,,
ESTAT:SDG_08_30(1.0),08/01/26 23:00:00,Annuel,Emploi total (population résidente - EFT),Total,De 20 à 64 ans,Pourcentage de la population totale,Italie,2024,67.1,,
ESTAT:SDG_08_30(1.0),08/01/26 23:00:00,Annuel,Emploi total (population résidente - EFT),Total,De 20 à 64 ans,Pourcentage de la population totale,Lituanie,2009,67.0,,
ESTAT:SDG_08_30(1.0),08/01/26 23:00:00,Annuel,Emploi total (population résidente - EFT),Total,De 20 à 64 ans,Pourcentage de la population totale,Lituanie,2010,64.3,,
ESTAT:SDG_08_30(1.0),08/01/26 23:00:00,Annuel,Emploi total (population résidente - EFT),Total,De 20 à 64 ans,Pourcentage de la population totale,Lituanie,2011,66.9,,
ESTAT:SDG_08_30(1.0),08/01/26 23:00:00,Annuel,Emploi total (population résidente - EFT),Total,De 20 à 64 ans,Pourcentage de la population totale,Lituanie,2012,68.5,,
ESTAT:SDG_08_30(1.0),08/01/26 23:00:00,Annuel,Emploi total (population résidente - EFT),Total,De 20 à 64 ans,Pourcentage de la population totale,Lituanie,2013,69.9,,
ESTAT:SDG_08_30(1.0),08/01/26 23:00:00,Annuel,Emploi total (population résidente - EFT),Total,De 20 à 64 ans,Pourcentage de la population totale,Lituanie,2014,71.8,,
ESTAT:SDG_08_30(1.0),08/01/26 23:00:00,Annuel,Emploi total (population résidente - EFT),Total,De 20 à 64 ans,Pourcentage de la population totale,Lituanie,2015,73.3,,
ESTAT:SDG_08_30(1.0),08/01/26 23:00:00,Annuel,Emploi total (population résidente - EFT),Total,De 20 à 64 ans,Pourcentage de la population totale,Lituanie,2016,75.2,,
ESTAT:SDG_08_30(1.0),08/01/26 23:00:00,Annuel,Emploi total (population résidente - EFT),Total,De 20 à 64 ans,Pourcentage de la population totale,Lituanie,2017,76.0,,
ESTAT:SDG_08_30(1.0),08/01/26 23:00:00,Annuel,Emploi total (population résidente - EFT),Total,De 20 à 64 ans,Pourcentage de la population totale,Lituanie,2018,77.8,,
ESTAT:SDG_08_30(1.0),08/01/26 23:00:00,Annuel,Emploi total (population résidente - EFT),Total,De 20 à 64 ans,Pourcentage de la population totale,Lituanie,2019,78.2,,
ESTAT:SDG_08_30(1.0),08/01/26 23:00:00,Annuel,Emploi total (population résidente - EFT),Total,De 20 à 64 ans,Pourcentage de la population totale,Lituanie,2020,76.7,,
ESTAT:SDG_08_30(1.0),08/01/26 23:00:00,Annuel,Emploi total (population résidente - EFT),Total,De 20 à 64 ans,Pourcentage de la population totale,Lituanie,2021,77.4,,
ESTAT:SDG_08_30(1.0),08/01/26 23:00:00,Annuel,Emploi total (population résidente - EFT),Total,De 20 à 64 ans,Pourcentage de la population totale,Lituanie,2022,79.0,,
ESTAT:SDG_08_30(1.0),08/01/26 23:00:00,Annuel,Emploi total (population résidente - EFT),Total,De 20 à 64 ans,Pourcentage de la population totale,Lituanie,2023,78.5,,
ESTAT:SDG_08_30(1.0),08/01/26 23:00:00,Annuel,Emploi total (population résidente - EFT),Total,De 20 à 64 ans,Pourcentage de la population totale,Lituanie,2024,79.2,,
ESTAT:SDG_08_30(1.0),08/01/26 23:00:00,Annuel,Emploi total (population résidente - EFT),Total,De 20 à 64 ans,Pourcentage de la population totale,Luxembourg,2009,70.4,,
ESTAT:SDG_08_30(1.0),08/01/26 23:00:00,Annuel,Emploi total (population résidente - EFT),Total,De 20 à 64 ans,Pourcentage de la population totale,Luxembourg,2010,70.7,,
ESTAT:SDG_08_30(1.0),08/01/26 23:00:00,Annuel,Emploi total (population résidente - EFT),Total,De 20 à 64 ans,Pourcentage de la population totale,Luxembourg,2011,70.1,,
ESTAT:SDG_08_30(1.0),08/01/26 23:00:00,Annuel,Emploi total (population résidente - EFT),Total,De 20 à 64 ans,Pourcentage de la population totale,Luxembourg,2012,71.4,,
ESTAT:SDG_08_30(1.0),08/01/26 23:00:00,Annuel,Emploi total (population résidente - EFT),Total,De 20 à 64 ans,Pourcentage de la population totale,Luxembourg,2013,71.1,,
ESTAT:SDG_08_30(1.0),08/01/26 23:00:00,Annuel,Emploi total (population résidente - EFT),Total,De 20 à 64 ans,Pourcentage de la population totale,Luxembourg,2014,72.1,,
ESTAT:SDG_08_30(1.0),08/01/26 23:00:00,Annuel,Emploi total (population résidente - EFT),Total,De 20 à 64 ans,Pourcentage de la population totale,Luxembourg,2015,70.9,b,
ESTAT:SDG_08_30(1.0),08/01/26 23:00:00,Annuel,Emploi total (population résidente - EFT),Total,De 20 à 64 ans,Pourcentage de la population totale,Luxembourg,2016,70.7,,
ESTAT:SDG_08_30(1.0),08/01/26 23:00:00,Annuel,Emploi total (population résidente - EFT),Total,De 20 à 64 ans,Pourcentage de la population totale,Luxembourg,2017,71.5,,
ESTAT:SDG_08_30(1.0),08/01/26 23:00:00,Annuel,Emploi total (population résidente - EFT),Total,De 20 à 64 ans,Pourcentage de la population totale,Luxembourg,2018,72.1,,
ESTAT:SDG_08_30(1.0),08/01/26 23:00:00,Annuel,Emploi total (population résidente - EFT),Total,De 20 à 64 ans,Pourcentage de la population totale,Luxembourg,2019,72.8,,
ESTAT:SDG_08_30(1.0),08/01/26 23:00:00,Annuel,Emploi total (population résidente - EFT),Total,De 20 à 64 ans,Pourcentage de la population totale,Luxembourg,2020,72.1,,
ESTAT:SDG_08_30(1.0),08/01/26 23:00:00,Annuel,Emploi total (population résidente - EFT),Total,De 20 à 64 ans,Pourcentage de la population totale,Luxembourg,2021,74.1,,
ESTAT:SDG_08_30(1.0),08/01/26 23:00:00,Annuel,Emploi total (population résidente - EFT),Total,De 20 à 64 ans,Pourcentage de la population totale,Luxembourg,2022,74.8,,
ESTAT:SDG_08_30(1.0),08/01/26 23:00:00,Annuel,Emploi total (population résidente - EFT),Total,De 20 à 64 ans,Pourcentage de la population totale,Luxembourg,2023,74.8,,
ESTAT:SDG_08_30(1.0),08/01/26 23:00:00,Annuel,Emploi total (population résidente - EFT),Total,De 20 à 64 ans,Pourcentage de la population totale,Luxembourg,2024,74.2,,
ESTAT:SDG_08_30(1.0),08/01/26 23:00:00,Annuel,Emploi total (population résidente - EFT),Total,De 20 à 64 ans,Pourcentage de la population totale,Lettonie,2009,66.3,,
ESTAT:SDG_08_30(1.0),08/01/26 23:00:00,Annuel,Emploi total (population résidente - EFT),Total,De 20 à 64 ans,Pourcentage de la population totale,Lettonie,2010,63.9,,
ESTAT:SDG_08_30(1.0),08/01/26 23:00:00,Annuel,Emploi total (population résidente - EFT),Total,De 20 à 64 ans,Pourcentage de la population totale,Lettonie,2011,66.1,,
ESTAT:SDG_08_30(1.0),08/01/26 23:00:00,Annuel,Emploi total (population résidente - EFT),Total,De 20 à 64 ans,Pourcentage de la population totale,Lettonie,2012,67.9,,
ESTAT:SDG_08_30(1.0),08/01/26 23:00:00,Annuel,Emploi total (population résidente - EFT),Total,De 20 à 64 ans,Pourcentage de la population totale,Lettonie,2013,69.5,,
ESTAT:SDG_08_30(1.0),08/01/26 23:00:00,Annuel,Emploi total (population résidente - EFT),Total,De 20 à 64 ans,Pourcentage de la population totale,Lettonie,2014,70.6,,
ESTAT:SDG_08_30(1.0),08/01/26 23:00:00,Annuel,Emploi total (population résidente - EFT),Total,De 20 à 64 ans,Pourcentage de la population totale,Lettonie,2015,72.5,,
ESTAT:SDG_08_30(1.0),08/01/26 23:00:00,Annuel,Emploi total (population résidente - EFT),Total,De 20 à 64 ans,Pourcentage de la population totale,Lettonie,2016,73.0,,
ESTAT:SDG_08_30(1.0),08/01/26 23:00:00,Annuel,Emploi total (population résidente - EFT),Total,De 20 à 64 ans,Pourcentage de la population totale,Lettonie,2017,74.6,,
ESTAT:SDG_08_30(1.0),08/01/26 23:00:00,Annuel,Emploi total (population résidente - EFT),Total,De 20 à 64 ans,Pourcentage de la population totale,Lettonie,2018,76.8,,
ESTAT:SDG_08_30(1.0),08/01/26 23:00:00,Annuel,Emploi total (population résidente - EFT),Total,De 20 à 64 ans,Pourcentage de la population totale,Lettonie,2019,77.3,,
ESTAT:SDG_08_30(1.0),08/01/26 23:00:00,Annuel,Emploi total (population résidente - EFT),Total,De 20 à 64 ans,Pourcentage de la population totale,Lettonie,2020,76.9,,
ESTAT:SDG_08_30(1.0),08/01/26 23:00:00,Annuel,Emploi total (population résidente - EFT),Total,De 20 à 64 ans,Pourcentage de la population totale,Lettonie,2021,75.3,,
ESTAT:SDG_08_30(1.0),08/01/26 23:00:00,Annuel,Emploi total (population résidente - EFT),Total,De 20 à 64 ans,Pourcentage de la population totale,Lettonie,2022,77.0,,
ESTAT:SDG_08_30(1.0),08/01/26 23:00:00,Annuel,Emploi total (population résidente - EFT),Total,De 20 à 64 ans,Pourcentage de la population totale,Lettonie,2023,77.5,,
ESTAT:SDG_08_30(1.0),08/01/26 23:00:00,Annuel,Emploi total (population résidente - EFT),Total,De 20 à 64 ans,Pourcentage de la population totale,Lettonie,2024,77.4,,
ESTAT:SDG_08_30(1.0),08/01/26 23:00:00,Annuel,Emploi total (population résidente - EFT),Total,De 20 à 64 ans,Pourcentage de la population totale,Monténégro,2011,50.7,,
ESTAT:SDG_08_30(1.0),08/01/26 23:00:00,Annuel,Emploi total (population résidente - EFT),Total,De 20 à 64 ans,Pourcentage de la population totale,Monténégro,2012,52.0,,
ESTAT:SDG_08_30(1.0),08/01/26 23:00:00,Annuel,Emploi total (population résidente - EFT),Total,De 20 à 64 ans,Pourcentage de la population totale,Monténégro,2013,52.7,,
ESTAT:SDG_08_30(1.0),08/01/26 23:00:00,Annuel,Emploi total (population résidente - EFT),Total,De 20 à 64 ans,Pourcentage de la population totale,Monténégro,2014,55.6,,
ESTAT:SDG_08_30(1.0),08/01/26 23:00:00,Annuel,Emploi total (population résidente - EFT),Total,De 20 à 64 ans,Pourcentage de la population totale,Monténégro,2015,56.7,,
ESTAT:SDG_08_30(1.0),08/01/26 23:00:00,Annuel,Emploi total (population résidente - EFT),Total,De 20 à 64 ans,Pourcentage de la population totale,Monténégro,2016,57.1,,
ESTAT:SDG_08_30(1.0),08/01/26 23:00:00,Annuel,Emploi total (population résidente - EFT),Total,De 20 à 64 ans,Pourcentage de la population totale,Monténégro,2017,58.2,,
ESTAT:SDG_08_30(1.0),08/01/26 23:00:00,Annuel,Emploi total (population résidente - EFT),Total,De 20 à 64 ans,Pourcentage de la population totale,Monténégro,2018,59.8,,
ESTAT:SDG_08_30(1.0),08/01/26 23:00:00,Annuel,Emploi total (population résidente - EFT),Total,De 20 à 64 ans,Pourcentage de la population totale,Monténégro,2019,60.8,,
ESTAT:SDG_08_30(1.0),08/01/26 23:00:00,Annuel,Emploi total (population résidente - EFT),Total,De 20 à 64 ans,Pourcentage de la population totale,Monténégro,2020,55.2,,
ESTAT:SDG_08_30(1.0),08/01/26 23:00:00,Annuel,Emploi total (population résidente - EFT),Total,De 20 à 64 ans,Pourcentage de la population totale,Macédoine du Nord,2009,47.9,,
ESTAT:SDG_08_30(1.0),08/01/26 23:00:00,Annuel,Emploi total (population résidente - EFT),Total,De 20 à 64 ans,Pourcentage de la population totale,Macédoine du Nord,2010,48.1,,
ESTAT:SDG_08_30(1.0),08/01/26 23:00:00,Annuel,Emploi total (population résidente - EFT),Total,De 20 à 64 ans,Pourcentage de la population totale,Macédoine du Nord,2011,48.4,,
ESTAT:SDG_08_30(1.0),08/01/26 23:00:00,Annuel,Emploi total (population résidente - EFT),Total,De 20 à 64 ans,Pourcentage de la population totale,Macédoine du Nord,2012,48.2,,
ESTAT:SDG_08_30(1.0),08/01/26 23:00:00,Annuel,Emploi total (population résidente - EFT),Total,De 20 à 64 ans,Pourcentage de la population totale,Macédoine du Nord,2013,50.3,,
ESTAT:SDG_08_30(1.0),08/01/26 23:00:00,Annuel,Emploi total (population résidente - EFT),Total,De 20 à 64 ans,Pourcentage de la population totale,Macédoine du Nord,2014,51.3,,
ESTAT:SDG_08_30(1.0),08/01/26 23:00:00,Annuel,Emploi total (population résidente - EFT),Total,De 20 à 64 ans,Pourcentage de la population totale,Macédoine du Nord,2015,51.9,,
ESTAT:SDG_08_30(1.0),08/01/26 23:00:00,Annuel,Emploi total (population résidente - EFT),Total,De 20 à 64 ans,Pourcentage de la population totale,Macédoine du Nord,2016,53.3,,
ESTAT:SDG_08_30(1.0),08/01/26 23:00:00,Annuel,Emploi total (population résidente - EFT),Total,De 20 à 64 ans,Pourcentage de la population totale,Macédoine du Nord,2017,54.8,,
ESTAT:SDG_08_30(1.0),08/01/26 23:00:00,Annuel,Emploi total (population résidente - EFT),Total,De 20 à 64 ans,Pourcentage de la population totale,Macédoine du Nord,2018,56.1,,
ESTAT:SDG_08_30(1.0),08/01/26 23:00:00,Annuel,Emploi total (population résidente - EFT),Total,De 20 à 64 ans,Pourcentage de la population totale,Macédoine du Nord,2019,59.2,,
ESTAT:SDG_08_30(1.0),08/01/26 23:00:00,Annuel,Emploi total (population résidente - EFT),Total,De 20 à 64 ans,Pourcentage de la population totale,Macédoine du Nord,2020,59.1,,
ESTAT:SDG_08_30(1.0),08/01/26 23:00:00,Annuel,Emploi total (population résidente - EFT),Total,De 20 à 64 ans,Pourcentage de la population totale,Macédoine du Nord,2021,61.2,b,
ESTAT:SDG_08_30(1.0),08/01/26 23:00:00,Annuel,Emploi total (population résidente - EFT),Total,De 20 à 64 ans,Pourcentage de la population totale,Macédoine du Nord,2022,61.8,,
ESTAT:SDG_08_30(1.0),08/01/26 23:00:00,Annuel,Emploi total (population résidente - EFT),Total,De 20 à 64 ans,Pourcentage de la population totale,Macédoine du Nord,2023,61.7,,
ESTAT:SDG_08_30(1.0),08/01/26 23:00:00,Annuel,Emploi total (population résidente - EFT),Total,De 20 à 64 ans,Pourcentage de la population totale,Macédoine du Nord,2024,62.7,,
ESTAT:SDG_08_30(1.0),08/01/26 23:00:00,Annuel,Emploi total (population résidente - EFT),Total,De 20 à 64 ans,Pourcentage de la population totale,Malte,2009,59.0,,
ESTAT:SDG_08_30(1.0),08/01/26 23:00:00,Annuel,Emploi total (population résidente - EFT),Total,De 20 à 64 ans,Pourcentage de la population totale,Malte,2010,60.1,,
ESTAT:SDG_08_30(1.0),08/01/26 23:00:00,Annuel,Emploi total (population résidente - EFT),Total,De 20 à 64 ans,Pourcentage de la population totale,Malte,2011,61.6,,
ESTAT:SDG_08_30(1.0),08/01/26 23:00:00,Annuel,Emploi total (population résidente - EFT),Total,De 20 à 64 ans,Pourcentage de la population totale,Malte,2012,63.9,,
ESTAT:SDG_08_30(1.0),08/01/26 23:00:00,Annuel,Emploi total (population résidente - EFT),Total,De 20 à 64 ans,Pourcentage de la population totale,Malte,2013,66.2,,
ESTAT:SDG_08_30(1.0),08/01/26 23:00:00,Annuel,Emploi total (population résidente - EFT),Total,De 20 à 64 ans,Pourcentage de la population totale,Malte,2014,67.9,,
ESTAT:SDG_08_30(1.0),08/01/26 23:00:00,Annuel,Emploi total (population résidente - EFT),Total,De 20 à 64 ans,Pourcentage de la population totale,Malte,2015,69.0,,
ESTAT:SDG_08_30(1.0),08/01/26 23:00:00,Annuel,Emploi total (population résidente - EFT),Total,De 20 à 64 ans,Pourcentage de la population totale,Malte,2016,71.1,,
ESTAT:SDG_08_30(1.0),08/01/26 23:00:00,Annuel,Emploi total (population résidente - EFT),Total,De 20 à 64 ans,Pourcentage de la population totale,Malte,2017,73.0,,
ESTAT:SDG_08_30(1.0),08/01/26 23:00:00,Annuel,Emploi total (population résidente - EFT),Total,De 20 à 64 ans,Pourcentage de la population totale,Malte,2018,74.9,,
ESTAT:SDG_08_30(1.0),08/01/26 23:00:00,Annuel,Emploi total (population résidente - EFT),Total,De 20 à 64 ans,Pourcentage de la population totale,Malte,2019,75.6,,
ESTAT:SDG_08_30(1.0),08/01/26 23:00:00,Annuel,Emploi total (population résidente - EFT),Total,De 20 à 64 ans,Pourcentage de la population totale,Malte,2020,76.0,,
ESTAT:SDG_08_30(1.0),08/01/26 23:00:00,Annuel,Emploi total (population résidente - EFT),Total,De 20 à 64 ans,Pourcentage de la population totale,Malte,2021,77.8,,
ESTAT:SDG_08_30(1.0),08/01/26 23:00:00,Annuel,Emploi total (population résidente - EFT),Total,De 20 à 64 ans,Pourcentage de la population totale,Malte,2022,80.1,,
ESTAT:SDG_08_30(1.0),08/01/26 23:00:00,Annuel,Emploi total (population résidente - EFT),Total,De 20 à 64 ans,Pourcentage de la population totale,Malte,2023,81.3,,
ESTAT:SDG_08_30(1.0),08/01/26 23:00:00,Annuel,Emploi total (population résidente - EFT),Total,De 20 à 64 ans,Pourcentage de la population totale,Malte,2024,82.7,,
ESTAT:SDG_08_30(1.0),08/01/26 23:00:00,Annuel,Emploi total (population résidente - EFT),Total,De 20 à 64 ans,Pourcentage de la population totale,Pays-Bas,2009,77.6,,
ESTAT:SDG_08_30(1.0),08/01/26 23:00:00,Annuel,Emploi total (population résidente - EFT),Total,De 20 à 64 ans,Pourcentage de la population totale,Pays-Bas,2010,77.0,,
ESTAT:SDG_08_30(1.0),08/01/26 23:00:00,Annuel,Emploi total (population résidente - EFT),Total,De 20 à 64 ans,Pourcentage de la population totale,Pays-Bas,2011,77.2,,
ESTAT:SDG_08_30(1.0),08/01/26 23:00:00,Annuel,Emploi total (population résidente - EFT),Total,De 20 à 64 ans,Pourcentage de la population totale,Pays-Bas,2012,77.5,,
ESTAT:SDG_08_30(1.0),08/01/26 23:00:00,Annuel,Emploi total (population résidente - EFT),Total,De 20 à 64 ans,Pourcentage de la population totale,Pays-Bas,2013,76.7,,
ESTAT:SDG_08_30(1.0),08/01/26 23:00:00,Annuel,Emploi total (population résidente - EFT),Total,De 20 à 64 ans,Pourcentage de la population totale,Pays-Bas,2014,76.3,,
ESTAT:SDG_08_30(1.0),08/01/26 23:00:00,Annuel,Emploi total (population résidente - EFT),Total,De 20 à 64 ans,Pourcentage de la population totale,Pays-Bas,2015,77.2,,
ESTAT:SDG_08_30(1.0),08/01/26 23:00:00,Annuel,Emploi total (population résidente - EFT),Total,De 20 à 64 ans,Pourcentage de la population totale,Pays-Bas,2016,77.9,,
ESTAT:SDG_08_30(1.0),08/01/26 23:00:00,Annuel,Emploi total (population résidente - EFT),Total,De 20 à 64 ans,Pourcentage de la population totale,Pays-Bas,2017,78.9,,
ESTAT:SDG_08_30(1.0),08/01/26 23:00:00,Annuel,Emploi total (population résidente - EFT),Total,De 20 à 64 ans,Pourcentage de la population totale,Pays-Bas,2018,80.0,,
ESTAT:SDG_08_30(1.0),08/01/26 23:00:00,Annuel,Emploi total (population résidente - EFT),Total,De 20 à 64 ans,Pourcentage de la population totale,Pays-Bas,2019,81.0,,
ESTAT:SDG_08_30(1.0),08/01/26 23:00:00,Annuel,Emploi total (population résidente - EFT),Total,De 20 à 64 ans,Pourcentage de la population totale,Pays-Bas,2020,80.8,,
ESTAT:SDG_08_30(1.0),08/01/26 23:00:00,Annuel,Emploi total (population résidente - EFT),Total,De 20 à 64 ans,Pourcentage de la population totale,Pays-Bas,2021,81.7,,
ESTAT:SDG_08_30(1.0),08/01/26 23:00:00,Annuel,Emploi total (population résidente - EFT),Total,De 20 à 64 ans,Pourcentage de la population totale,Pays-Bas,2022,82.9,,
ESTAT:SDG_08_30(1.0),08/01/26 23:00:00,Annuel,Emploi total (population résidente - EFT),Total,De 20 à 64 ans,Pourcentage de la population totale,Pays-Bas,2023,83.5,,
ESTAT:SDG_08_30(1.0),08/01/26 23:00:00,Annuel,Emploi total (population résidente - EFT),Total,De 20 à 64 ans,Pourcentage de la population totale,Pays-Bas,2024,83.5,,
ESTAT:SDG_08_30(1.0),08/01/26 23:00:00,Annuel,Emploi total (population résidente - EFT),Total,De 20 à 64 ans,Pourcentage de la population totale,Norvège,2009,80.9,,
ESTAT:SDG_08_30(1.0),08/01/26 23:00:00,Annuel,Emploi total (population résidente - EFT),Total,De 20 à 64 ans,Pourcentage de la population totale,Norvège,2010,80.0,,
ESTAT:SDG_08_30(1.0),08/01/26 23:00:00,Annuel,Emploi total (population résidente - EFT),Total,De 20 à 64 ans,Pourcentage de la population totale,Norvège,2011,80.4,,
ESTAT:SDG_08_30(1.0),08/01/26 23:00:00,Annuel,Emploi total (population résidente - EFT),Total,De 20 à 64 ans,Pourcentage de la population totale,Norvège,2012,80.4,,
ESTAT:SDG_08_30(1.0),08/01/26 23:00:00,Annuel,Emploi total (population résidente - EFT),Total,De 20 à 64 ans,Pourcentage de la population totale,Norvège,2013,80.2,,
ESTAT:SDG_08_30(1.0),08/01/26 23:00:00,Annuel,Emploi total (population résidente - EFT),Total,De 20 à 64 ans,Pourcentage de la population totale,Norvège,2014,80.1,,
ESTAT:SDG_08_30(1.0),08/01/26 23:00:00,Annuel,Emploi total (population résidente - EFT),Total,De 20 à 64 ans,Pourcentage de la population totale,Norvège,2015,79.7,,
ESTAT:SDG_08_30(1.0),08/01/26 23:00:00,Annuel,Emploi total (population résidente - EFT),Total,De 20 à 64 ans,Pourcentage de la population totale,Norvège,2016,79.4,,
ESTAT:SDG_08_30(1.0),08/01/26 23:00:00,Annuel,Emploi total (population résidente - EFT),Total,De 20 à 64 ans,Pourcentage de la population totale,Norvège,2017,79.2,,
ESTAT:SDG_08_30(1.0),08/01/26 23:00:00,Annuel,Emploi total (population résidente - EFT),Total,De 20 à 64 ans,Pourcentage de la population totale,Norvège,2018,80.0,,
ESTAT:SDG_08_30(1.0),08/01/26 23:00:00,Annuel,Emploi total (population résidente - EFT),Total,De 20 à 64 ans,Pourcentage de la population totale,Norvège,2019,80.2,,
ESTAT:SDG_08_30(1.0),08/01/26 23:00:00,Annuel,Emploi total (population résidente - EFT),Total,De 20 à 64 ans,Pourcentage de la population totale,Norvège,2020,79.7,,
ESTAT:SDG_08_30(1.0),08/01/26 23:00:00,Annuel,Emploi total (population résidente - EFT),Total,De 20 à 64 ans,Pourcentage de la population totale,Norvège,2021,80.0,,
ESTAT:SDG_08_30(1.0),08/01/26 23:00:00,Annuel,Emploi total (population résidente - EFT),Total,De 20 à 64 ans,Pourcentage de la population totale,Norvège,2022,80.9,,
ESTAT:SDG_08_30(1.0),08/01/26 23:00:00,Annuel,Emploi total (population résidente - EFT),Total,De 20 à 64 ans,Pourcentage de la population totale,Norvège,2023,80.4,,
ESTAT:SDG_08_30(1.0),08/01/26 23:00:00,Annuel,Emploi total (population résidente - EFT),Total,De 20 à 64 ans,Pourcentage de la population totale,Norvège,2024,80.0,,
ESTAT:SDG_08_30(1.0),08/01/26 23:00:00,Annuel,Emploi total (population résidente - EFT),Total,De 20 à 64 ans,Pourcentage de la population totale,Pologne,2009,62.6,,
ESTAT:SDG_08_30(1.0),08/01/26 23:00:00,Annuel,Emploi total (population résidente - EFT),Total,De 20 à 64 ans,Pourcentage de la population totale,Pologne,2010,62.2,b,
ESTAT:SDG_08_30(1.0),08/01/26 23:00:00,Annuel,Emploi total (population résidente - EFT),Total,De 20 à 64 ans,Pourcentage de la population totale,Pologne,2011,62.5,,
ESTAT:SDG_08_30(1.0),08/01/26 23:00:00,Annuel,Emploi total (population résidente - EFT),Total,De 20 à 64 ans,Pourcentage de la population totale,Pologne,2012,62.9,,
ESTAT:SDG_08_30(1.0),08/01/26 23:00:00,Annuel,Emploi total (population résidente - EFT),Total,De 20 à 64 ans,Pourcentage de la population totale,Pologne,2013,63.2,,
ESTAT:SDG_08_30(1.0),08/01/26 23:00:00,Annuel,Emploi total (population résidente - EFT),Total,De 20 à 64 ans,Pourcentage de la population totale,Pologne,2014,64.9,,
ESTAT:SDG_08_30(1.0),08/01/26 23:00:00,Annuel,Emploi total (population résidente - EFT),Total,De 20 à 64 ans,Pourcentage de la population totale,Pologne,2015,66.3,,
ESTAT:SDG_08_30(1.0),08/01/26 23:00:00,Annuel,Emploi total (population résidente - EFT),Total,De 20 à 64 ans,Pourcentage de la population totale,Pologne,2016,68.2,,
ESTAT:SDG_08_30(1.0),08/01/26 23:00:00,Annuel,Emploi total (population résidente - EFT),Total,De 20 à 64 ans,Pourcentage de la population totale,Pologne,2017,70.0,,
ESTAT:SDG_08_30(1.0),08/01/26 23:00:00,Annuel,Emploi total (population résidente - EFT),Total,De 20 à 64 ans,Pourcentage de la population totale,Pologne,2018,71.4,,
ESTAT:SDG_08_30(1.0),08/01/26 23:00:00,Annuel,Emploi total (population résidente - EFT),Total,De 20 à 64 ans,Pourcentage de la population totale,Pologne,2019,72.6,b,
ESTAT:SDG_08_30(1.0),08/01/26 23:00:00,Annuel,Emploi total (population résidente - EFT),Total,De 20 à 64 ans,Pourcentage de la population totale,Pologne,2020,72.8,,
ESTAT:SDG_08_30(1.0),08/01/26 23:00:00,Annuel,Emploi total (population résidente - EFT),Total,De 20 à 64 ans,Pourcentage de la population totale,Pologne,2021,75.5,,
ESTAT:SDG_08_30(1.0),08/01/26 23:00:00,Annuel,Emploi total (population résidente - EFT),Total,De 20 à 64 ans,Pourcentage de la population totale,Pologne,2022,76.7,,
ESTAT:SDG_08_30(1.0),08/01/26 23:00:00,Annuel,Emploi total (population résidente - EFT),Total,De 20 à 64 ans,Pourcentage de la population totale,Pologne,2023,77.9,,
ESTAT:SDG_08_30(1.0),08/01/26 23:00:00,Annuel,Emploi total (population résidente - EFT),Total,De 20 à 64 ans,Pourcentage de la population totale,Pologne,2024,78.4,,
ESTAT:SDG_08_30(1.0),08/01/26 23:00:00,Annuel,Emploi total (population résidente - EFT),Total,De 20 à 64 ans,Pourcentage de la population totale,Portugal,2009,67.6,,
ESTAT:SDG_08_30(1.0),08/01/26 23:00:00,Annuel,Emploi total (population résidente - EFT),Total,De 20 à 64 ans,Pourcentage de la population totale,Portugal,2010,66.9,,
ESTAT:SDG_08_30(1.0),08/01/26 23:00:00,Annuel,Emploi total (population résidente - EFT),Total,De 20 à 64 ans,Pourcentage de la population totale,Portugal,2011,66.6,,
ESTAT:SDG_08_30(1.0),08/01/26 23:00:00,Annuel,Emploi total (population résidente - EFT),Total,De 20 à 64 ans,Pourcentage de la population totale,Portugal,2012,64.0,,
ESTAT:SDG_08_30(1.0),08/01/26 23:00:00,Annuel,Emploi total (population résidente - EFT),Total,De 20 à 64 ans,Pourcentage de la population totale,Portugal,2013,63.4,,
ESTAT:SDG_08_30(1.0),08/01/26 23:00:00,Annuel,Emploi total (population résidente - EFT),Total,De 20 à 64 ans,Pourcentage de la population totale,Portugal,2014,66.1,,
ESTAT:SDG_08_30(1.0),08/01/26 23:00:00,Annuel,Emploi total (population résidente - EFT),Total,De 20 à 64 ans,Pourcentage de la population totale,Portugal,2015,67.9,,
ESTAT:SDG_08_30(1.0),08/01/26 23:00:00,Annuel,Emploi total (population résidente - EFT),Total,De 20 à 64 ans,Pourcentage de la population totale,Portugal,2016,69.5,,
ESTAT:SDG_08_30(1.0),08/01/26 23:00:00,Annuel,Emploi total (population résidente - EFT),Total,De 20 à 64 ans,Pourcentage de la population totale,Portugal,2017,72.5,,
ESTAT:SDG_08_30(1.0),08/01/26 23:00:00,Annuel,Emploi total (population résidente - EFT),Total,De 20 à 64 ans,Pourcentage de la population totale,Portugal,2018,74.6,,
ESTAT:SDG_08_30(1.0),08/01/26 23:00:00,Annuel,Emploi total (population résidente - EFT),Total,De 20 à 64 ans,Pourcentage de la population totale,Portugal,2019,75.4,,
ESTAT:SDG_08_30(1.0),08/01/26 23:00:00,Annuel,Emploi total (population résidente - EFT),Total,De 20 à 64 ans,Pourcentage de la population totale,Portugal,2020,73.9,,
ESTAT:SDG_08_30(1.0),08/01/26 23:00:00,Annuel,Emploi total (population résidente - EFT),Total,De 20 à 64 ans,Pourcentage de la population totale,Portugal,2021,75.5,,
ESTAT:SDG_08_30(1.0),08/01/26 23:00:00,Annuel,Emploi total (population résidente - EFT),Total,De 20 à 64 ans,Pourcentage de la population totale,Portugal,2022,77.1,,
ESTAT:SDG_08_30(1.0),08/01/26 23:00:00,Annuel,Emploi total (population résidente - EFT),Total,De 20 à 64 ans,Pourcentage de la population totale,Portugal,2023,78.0,,
ESTAT:SDG_08_30(1.0),08/01/26 23:00:00,Annuel,Emploi total (population résidente - EFT),Total,De 20 à 64 ans,Pourcentage de la population totale,Portugal,2024,78.5,,
ESTAT:SDG_08_30(1.0),08/01/26 23:00:00,Annuel,Emploi total (population résidente - EFT),Total,De 20 à 64 ans,Pourcentage de la population totale,Roumanie,2009,53.9,,
ESTAT:SDG_08_30(1.0),08/01/26 23:00:00,Annuel,Emploi total (population résidente - EFT),Total,De 20 à 64 ans,Pourcentage de la population totale,Roumanie,2010,56.3,,
ESTAT:SDG_08_30(1.0),08/01/26 23:00:00,Annuel,Emploi total (population résidente - EFT),Total,De 20 à 64 ans,Pourcentage de la population totale,Roumanie,2011,56.0,,
ESTAT:SDG_08_30(1.0),08/01/26 23:00:00,Annuel,Emploi total (population résidente - EFT),Total,De 20 à 64 ans,Pourcentage de la population totale,Roumanie,2012,56.8,,
ESTAT:SDG_08_30(1.0),08/01/26 23:00:00,Annuel,Emploi total (population résidente - EFT),Total,De 20 à 64 ans,Pourcentage de la population totale,Roumanie,2013,56.9,,
ESTAT:SDG_08_30(1.0),08/01/26 23:00:00,Annuel,Emploi total (population résidente - EFT),Total,De 20 à 64 ans,Pourcentage de la population totale,Roumanie,2014,58.0,,
ESTAT:SDG_08_30(1.0),08/01/26 23:00:00,Annuel,Emploi total (population résidente - EFT),Total,De 20 à 64 ans,Pourcentage de la population totale,Roumanie,2015,59.2,,
ESTAT:SDG_08_30(1.0),08/01/26 23:00:00,Annuel,Emploi total (population résidente - EFT),Total,De 20 à 64 ans,Pourcentage de la population totale,Roumanie,2016,60.3,,
ESTAT:SDG_08_30(1.0),08/01/26 23:00:00,Annuel,Emploi total (population résidente - EFT),Total,De 20 à 64 ans,Pourcentage de la population totale,Roumanie,2017,62.7,,
ESTAT:SDG_08_30(1.0),08/01/26 23:00:00,Annuel,Emploi total (population résidente - EFT),Total,De 20 à 64 ans,Pourcentage de la population totale,Roumanie,2018,63.9,,
ESTAT:SDG_08_30(1.0),08/01/26 23:00:00,Annuel,Emploi total (population résidente - EFT),Total,De 20 à 64 ans,Pourcentage de la population totale,Roumanie,2019,65.1,,
ESTAT:SDG_08_30(1.0),08/01/26 23:00:00,Annuel,Emploi total (population résidente - EFT),Total,De 20 à 64 ans,Pourcentage de la population totale,Roumanie,2020,65.2,,
ESTAT:SDG_08_30(1.0),08/01/26 23:00:00,Annuel,Emploi total (population résidente - EFT),Total,De 20 à 64 ans,Pourcentage de la population totale,Roumanie,2021,67.1,,
ESTAT:SDG_08_30(1.0),08/01/26 23:00:00,Annuel,Emploi total (population résidente - EFT),Total,De 20 à 64 ans,Pourcentage de la population totale,Roumanie,2022,68.5,,
ESTAT:SDG_08_30(1.0),08/01/26 23:00:00,Annuel,Emploi total (population résidente - EFT),Total,De 20 à 64 ans,Pourcentage de la population totale,Roumanie,2023,68.7,,
ESTAT:SDG_08_30(1.0),08/01/26 23:00:00,Annuel,Emploi total (population résidente - EFT),Total,De 20 à 64 ans,Pourcentage de la population totale,Roumanie,2024,69.5,,
ESTAT:SDG_08_30(1.0),08/01/26 23:00:00,Annuel,Emploi total (population résidente - EFT),Total,De 20 à 64 ans,Pourcentage de la population totale,Serbie,2010,51.8,,
ESTAT:SDG_08_30(1.0),08/01/26 23:00:00,Annuel,Emploi total (population résidente - EFT),Total,De 20 à 64 ans,Pourcentage de la population totale,Serbie,2011,49.6,,
ESTAT:SDG_08_30(1.0),08/01/26 23:00:00,Annuel,Emploi total (population résidente - EFT),Total,De 20 à 64 ans,Pourcentage de la population totale,Serbie,2012,49.4,,
ESTAT:SDG_08_30(1.0),08/01/26 23:00:00,Annuel,Emploi total (population résidente - EFT),Total,De 20 à 64 ans,Pourcentage de la population totale,Serbie,2013,51.2,,
ESTAT:SDG_08_30(1.0),08/01/26 23:00:00,Annuel,Emploi total (population résidente - EFT),Total,De 20 à 64 ans,Pourcentage de la population totale,Serbie,2014,54.2,,
ESTAT:SDG_08_30(1.0),08/01/26 23:00:00,Annuel,Emploi total (population résidente - EFT),Total,De 20 à 64 ans,Pourcentage de la population totale,Serbie,2015,55.4,,
ESTAT:SDG_08_30(1.0),08/01/26 23:00:00,Annuel,Emploi total (population résidente - EFT),Total,De 20 à 64 ans,Pourcentage de la population totale,Serbie,2016,58.5,,
ESTAT:SDG_08_30(1.0),08/01/26 23:00:00,Annuel,Emploi total (population résidente - EFT),Total,De 20 à 64 ans,Pourcentage de la population totale,Serbie,2017,61.0,,
ESTAT:SDG_08_30(1.0),08/01/26 23:00:00,Annuel,Emploi total (population résidente - EFT),Total,De 20 à 64 ans,Pourcentage de la population totale,Serbie,2018,62.9,,
ESTAT:SDG_08_30(1.0),08/01/26 23:00:00,Annuel,Emploi total (population résidente - EFT),Total,De 20 à 64 ans,Pourcentage de la population totale,Serbie,2019,65.1,,
ESTAT:SDG_08_30(1.0),08/01/26 23:00:00,Annuel,Emploi total (population résidente - EFT),Total,De 20 à 64 ans,Pourcentage de la population totale,Serbie,2020,65.9,,
ESTAT:SDG_08_30(1.0),08/01/26 23:00:00,Annuel,Emploi total (population résidente - EFT),Total,De 20 à 64 ans,Pourcentage de la population totale,Serbie,2021,66.2,,
ESTAT:SDG_08_30(1.0),08/01/26 23:00:00,Annuel,Emploi total (population résidente - EFT),Total,De 20 à 64 ans,Pourcentage de la population totale,Serbie,2022,68.8,,
ESTAT:SDG_08_30(1.0),08/01/26 23:00:00,Annuel,Emploi total (population résidente - EFT),Total,De 20 à 64 ans,Pourcentage de la population totale,Serbie,2023,69.6,,
ESTAT:SDG_08_30(1.0),08/01/26 23:00:00,Annuel,Emploi total (population résidente - EFT),Total,De 20 à 64 ans,Pourcentage de la population totale,Serbie,2024,71.3,,
ESTAT:SDG_08_30(1.0),08/01/26 23:00:00,Annuel,Emploi total (population résidente - EFT),Total,De 20 à 64 ans,Pourcentage de la population totale,Suède,2009,77.9,,
ESTAT:SDG_08_30(1.0),08/01/26 23:00:00,Annuel,Emploi total (population résidente - EFT),Total,De 20 à 64 ans,Pourcentage de la population totale,Suède,2010,77.7,,
ESTAT:SDG_08_30(1.0),08/01/26 23:00:00,Annuel,Emploi total (population résidente - EFT),Total,De 20 à 64 ans,Pourcentage de la population totale,Suède,2011,79.0,,
ESTAT:SDG_08_30(1.0),08/01/26 23:00:00,Annuel,Emploi total (population résidente - EFT),Total,De 20 à 64 ans,Pourcentage de la population totale,Suède,2012,79.1,,
ESTAT:SDG_08_30(1.0),08/01/26 23:00:00,Annuel,Emploi total (population résidente - EFT),Total,De 20 à 64 ans,Pourcentage de la population totale,Suède,2013,79.4,,
ESTAT:SDG_08_30(1.0),08/01/26 23:00:00,Annuel,Emploi total (population résidente - EFT),Total,De 20 à 64 ans,Pourcentage de la population totale,Suède,2014,79.6,,
ESTAT:SDG_08_30(1.0),08/01/26 23:00:00,Annuel,Emploi total (population résidente - EFT),Total,De 20 à 64 ans,Pourcentage de la population totale,Suède,2015,80.1,,
ESTAT:SDG_08_30(1.0),08/01/26 23:00:00,Annuel,Emploi total (population résidente - EFT),Total,De 20 à 64 ans,Pourcentage de la population totale,Suède,2016,80.8,,
ESTAT:SDG_08_30(1.0),08/01/26 23:00:00,Annuel,Emploi total (population résidente - EFT),Total,De 20 à 64 ans,Pourcentage de la population totale,Suède,2017,81.4,,
ESTAT:SDG_08_30(1.0),08/01/26 23:00:00,Annuel,Emploi total (population résidente - EFT),Total,De 20 à 64 ans,Pourcentage de la population totale,Suède,2018,82.0,,
ESTAT:SDG_08_30(1.0),08/01/26 23:00:00,Annuel,Emploi total (population résidente - EFT),Total,De 20 à 64 ans,Pourcentage de la population totale,Suède,2019,81.7,,
ESTAT:SDG_08_30(1.0),08/01/26 23:00:00,Annuel,Emploi total (population résidente - EFT),Total,De 20 à 64 ans,Pourcentage de la population totale,Suède,2020,80.2,,
ESTAT:SDG_08_30(1.0),08/01/26 23:00:00,Annuel,Emploi total (population résidente - EFT),Total,De 20 à 64 ans,Pourcentage de la population totale,Suède,2021,80.4,,
ESTAT:SDG_08_30(1.0),08/01/26 23:00:00,Annuel,Emploi total (population résidente - EFT),Total,De 20 à 64 ans,Pourcentage de la population totale,Suède,2022,82.0,,
ESTAT:SDG_08_30(1.0),08/01/26 23:00:00,Annuel,Emploi total (population résidente - EFT),Total,De 20 à 64 ans,Pourcentage de la population totale,Suède,2023,82.6,,
ESTAT:SDG_08_30(1.0),08/01/26 23:00:00,Annuel,Emploi total (population résidente - EFT),Total,De 20 à 64 ans,Pourcentage de la population totale,Suède,2024,81.9,,
ESTAT:SDG_08_30(1.0),08/01/26 23:00:00,Annuel,Emploi total (population résidente - EFT),Total,De 20 à 64 ans,Pourcentage de la population totale,Slovénie,2009,71.4,,
ESTAT:SDG_08_30(1.0),08/01/26 23:00:00,Annuel,Emploi total (population résidente - EFT),Total,De 20 à 64 ans,Pourcentage de la population totale,Slovénie,2010,69.7,,
ESTAT:SDG_08_30(1.0),08/01/26 23:00:00,Annuel,Emploi total (population résidente - EFT),Total,De 20 à 64 ans,Pourcentage de la population totale,Slovénie,2011,67.8,,
ESTAT:SDG_08_30(1.0),08/01/26 23:00:00,Annuel,Emploi total (population résidente - EFT),Total,De 20 à 64 ans,Pourcentage de la population totale,Slovénie,2012,67.8,,
ESTAT:SDG_08_30(1.0),08/01/26 23:00:00,Annuel,Emploi total (population résidente - EFT),Total,De 20 à 64 ans,Pourcentage de la population totale,Slovénie,2013,66.7,,
ESTAT:SDG_08_30(1.0),08/01/26 23:00:00,Annuel,Emploi total (population résidente - EFT),Total,De 20 à 64 ans,Pourcentage de la population totale,Slovénie,2014,67.3,,
ESTAT:SDG_08_30(1.0),08/01/26 23:00:00,Annuel,Emploi total (population résidente - EFT),Total,De 20 à 64 ans,Pourcentage de la population totale,Slovénie,2015,68.6,,
ESTAT:SDG_08_30(1.0),08/01/26 23:00:00,Annuel,Emploi total (population résidente - EFT),Total,De 20 à 64 ans,Pourcentage de la population totale,Slovénie,2016,69.5,,
ESTAT:SDG_08_30(1.0),08/01/26 23:00:00,Annuel,Emploi total (population résidente - EFT),Total,De 20 à 64 ans,Pourcentage de la population totale,Slovénie,2017,72.9,,
ESTAT:SDG_08_30(1.0),08/01/26 23:00:00,Annuel,Emploi total (population résidente - EFT),Total,De 20 à 64 ans,Pourcentage de la population totale,Slovénie,2018,74.9,,
ESTAT:SDG_08_30(1.0),08/01/26 23:00:00,Annuel,Emploi total (population résidente - EFT),Total,De 20 à 64 ans,Pourcentage de la population totale,Slovénie,2019,75.9,,
ESTAT:SDG_08_30(1.0),08/01/26 23:00:00,Annuel,Emploi total (population résidente - EFT),Total,De 20 à 64 ans,Pourcentage de la population totale,Slovénie,2020,74.8,,
ESTAT:SDG_08_30(1.0),08/01/26 23:00:00,Annuel,Emploi total (population résidente - EFT),Total,De 20 à 64 ans,Pourcentage de la population totale,Slovénie,2021,76.1,,
ESTAT:SDG_08_30(1.0),08/01/26 23:00:00,Annuel,Emploi total (population résidente - EFT),Total,De 20 à 64 ans,Pourcentage de la population totale,Slovénie,2022,77.9,,
ESTAT:SDG_08_30(1.0),08/01/26 23:00:00,Annuel,Emploi total (population résidente - EFT),Total,De 20 à 64 ans,Pourcentage de la population totale,Slovénie,2023,77.5,,
ESTAT:SDG_08_30(1.0),08/01/26 23:00:00,Annuel,Emploi total (population résidente - EFT),Total,De 20 à 64 ans,Pourcentage de la population totale,Slovénie,2024,78.3,,
ESTAT:SDG_08_30(1.0),08/01/26 23:00:00,Annuel,Emploi total (population résidente - EFT),Total,De 20 à 64 ans,Pourcentage de la population totale,Slovaquie,2009,68.3,,
ESTAT:SDG_08_30(1.0),08/01/26 23:00:00,Annuel,Emploi total (population résidente - EFT),Total,De 20 à 64 ans,Pourcentage de la population totale,Slovaquie,2010,66.5,,
ESTAT:SDG_08_30(1.0),08/01/26 23:00:00,Annuel,Emploi total (population résidente - EFT),Total,De 20 à 64 ans,Pourcentage de la population totale,Slovaquie,2011,66.8,b,
ESTAT:SDG_08_30(1.0),08/01/26 23:00:00,Annuel,Emploi total (population résidente - EFT),Total,De 20 à 64 ans,Pourcentage de la population totale,Slovaquie,2012,66.9,,
ESTAT:SDG_08_30(1.0),08/01/26 23:00:00,Annuel,Emploi total (population résidente - EFT),Total,De 20 à 64 ans,Pourcentage de la population totale,Slovaquie,2013,66.9,,
ESTAT:SDG_08_30(1.0),08/01/26 23:00:00,Annuel,Emploi total (population résidente - EFT),Total,De 20 à 64 ans,Pourcentage de la population totale,Slovaquie,2014,67.8,,
ESTAT:SDG_08_30(1.0),08/01/26 23:00:00,Annuel,Emploi total (population résidente - EFT),Total,De 20 à 64 ans,Pourcentage de la population totale,Slovaquie,2015,69.6,,
ESTAT:SDG_08_30(1.0),08/01/26 23:00:00,Annuel,Emploi total (population résidente - EFT),Total,De 20 à 64 ans,Pourcentage de la population totale,Slovaquie,2016,71.8,,
ESTAT:SDG_08_30(1.0),08/01/26 23:00:00,Annuel,Emploi total (population résidente - EFT),Total,De 20 à 64 ans,Pourcentage de la population totale,Slovaquie,2017,73.2,,
ESTAT:SDG_08_30(1.0),08/01/26 23:00:00,Annuel,Emploi total (population résidente - EFT),Total,De 20 à 64 ans,Pourcentage de la population totale,Slovaquie,2018,74.5,,
ESTAT:SDG_08_30(1.0),08/01/26 23:00:00,Annuel,Emploi total (population résidente - EFT),Total,De 20 à 64 ans,Pourcentage de la population totale,Slovaquie,2019,75.6,,
ESTAT:SDG_08_30(1.0),08/01/26 23:00:00,Annuel,Emploi total (population résidente - EFT),Total,De 20 à 64 ans,Pourcentage de la population totale,Slovaquie,2020,74.6,,
ESTAT:SDG_08_30(1.0),08/01/26 23:00:00,Annuel,Emploi total (population résidente - EFT),Total,De 20 à 64 ans,Pourcentage de la population totale,Slovaquie,2021,74.6,,
ESTAT:SDG_08_30(1.0),08/01/26 23:00:00,Annuel,Emploi total (population résidente - EFT),Total,De 20 à 64 ans,Pourcentage de la population totale,Slovaquie,2022,76.7,,
ESTAT:SDG_08_30(1.0),08/01/26 23:00:00,Annuel,Emploi total (population résidente - EFT),Total,De 20 à 64 ans,Pourcentage de la population totale,Slovaquie,2023,77.5,,
ESTAT:SDG_08_30(1.0),08/01/26 23:00:00,Annuel,Emploi total (population résidente - EFT),Total,De 20 à 64 ans,Pourcentage de la population totale,Slovaquie,2024,78.1,,
ESTAT:SDG_08_30(1.0),08/01/26 23:00:00,Annuel,Emploi total (population résidente - EFT),Total,De 20 à 64 ans,Pourcentage de la population totale,Turquie,2009,47.8,,
ESTAT:SDG_08_30(1.0),08/01/26 23:00:00,Annuel,Emploi total (population résidente - EFT),Total,De 20 à 64 ans,Pourcentage de la population totale,Turquie,2010,50.0,,
ESTAT:SDG_08_30(1.0),08/01/26 23:00:00,Annuel,Emploi total (population résidente - EFT),Total,De 20 à 64 ans,Pourcentage de la population totale,Turquie,2011,52.2,,
ESTAT:SDG_08_30(1.0),08/01/26 23:00:00,Annuel,Emploi total (population résidente - EFT),Total,De 20 à 64 ans,Pourcentage de la population totale,Turquie,2012,52.8,,
ESTAT:SDG_08_30(1.0),08/01/26 23:00:00,Annuel,Emploi total (population résidente - EFT),Total,De 20 à 64 ans,Pourcentage de la population totale,Turquie,2013,53.4,,
ESTAT:SDG_08_30(1.0),08/01/26 23:00:00,Annuel,Emploi total (population résidente - EFT),Total,De 20 à 64 ans,Pourcentage de la population totale,Turquie,2014,53.2,b,
ESTAT:SDG_08_30(1.0),08/01/26 23:00:00,Annuel,Emploi total (population résidente - EFT),Total,De 20 à 64 ans,Pourcentage de la population totale,Turquie,2015,53.9,,
ESTAT:SDG_08_30(1.0),08/01/26 23:00:00,Annuel,Emploi total (population résidente - EFT),Total,De 20 à 64 ans,Pourcentage de la population totale,Turquie,2016,54.4,,
ESTAT:SDG_08_30(1.0),08/01/26 23:00:00,Annuel,Emploi total (population résidente - EFT),Total,De 20 à 64 ans,Pourcentage de la population totale,Turquie,2017,55.3,,
ESTAT:SDG_08_30(1.0),08/01/26 23:00:00,Annuel,Emploi total (population résidente - EFT),Total,De 20 à 64 ans,Pourcentage de la population totale,Turquie,2018,55.6,,
ESTAT:SDG_08_30(1.0),08/01/26 23:00:00,Annuel,Emploi total (population résidente - EFT),Total,De 20 à 64 ans,Pourcentage de la population totale,Turquie,2019,53.8,,
ESTAT:SDG_08_30(1.0),08/01/26 23:00:00,Annuel,Emploi total (population résidente - EFT),Total,De 20 à 64 ans,Pourcentage de la population totale,Turquie,2020,51.0,,
ESTAT:SDG_08_30(1.0),08/01/26 23:00:00,Annuel,Emploi total (population résidente - EFT),Total,De 20 à 64 ans,Pourcentage de la population totale,Turquie,2021,53.9,b,
ESTAT:SDG_08_30(1.0),08/01/26 23:00:00,Annuel,Emploi total (population résidente - EFT),Total,De 20 à 64 ans,Pourcentage de la population totale,Turquie,2022,56.5,,
ESTAT:SDG_08_30(1.0),08/01/26 23:00:00,Annuel,Emploi total (population résidente - EFT),Total,De 20 à 64 ans,Pourcentage de la population totale,Turquie,2023,57.3,,
ESTAT:SDG_08_30(1.0),08/01/26 23:00:00,Annuel,Emploi total (population résidente - EFT),Total,De 20 à 64 ans,Pourcentage de la population totale,Turquie,2024,58.5,,
