DATAFLOW,LAST UPDATE,freq,unit,sex,age,geo,TIME_PERIOD,OBS_VALUE,OBS_FLAG,CONF_STATUS
ESTAT:TPS00205(1.0),11/09/25 11:00:00,Annuel,Année,Total,Moins de 1 an,Albanie,2013,77.9,,
ESTAT:TPS00205(1.0),11/09/25 11:00:00,Annuel,Année,Total,Moins de 1 an,Albanie,2014,78.2,,
ESTAT:TPS00205(1.0),11/09/25 11:00:00,Annuel,Année,Total,Moins de 1 an,Albanie,2015,77.9,,
ESTAT:TPS00205(1.0),11/09/25 11:00:00,Annuel,Année,Total,Moins de 1 an,Albanie,2016,78.5,,
ESTAT:TPS00205(1.0),11/09/25 11:00:00,Annuel,Année,Total,Moins de 1 an,Albanie,2017,78.5,,
ESTAT:TPS00205(1.0),11/09/25 11:00:00,Annuel,Année,Total,Moins de 1 an,Albanie,2018,78.9,,
ESTAT:TPS00205(1.0),11/09/25 11:00:00,Annuel,Année,Total,Moins de 1 an,Albanie,2019,79.1,,
ESTAT:TPS00205(1.0),11/09/25 11:00:00,Annuel,Année,Total,Moins de 1 an,Albanie,2020,77.4,,
ESTAT:TPS00205(1.0),11/09/25 11:00:00,Annuel,Année,Total,Moins de 1 an,Albanie,2021,75.5,,
ESTAT:TPS00205(1.0),11/09/25 11:00:00,Annuel,Année,Total,Moins de 1 an,Albanie,2022,79.1,,
ESTAT:TPS00205(1.0),11/09/25 11:00:00,Annuel,Année,Total,Moins de 1 an,Arménie,2015,75.1,,
ESTAT:TPS00205(1.0),11/09/25 11:00:00,Annuel,Année,Total,Moins de 1 an,Arménie,2016,75.1,,
ESTAT:TPS00205(1.0),11/09/25 11:00:00,Annuel,Année,Total,Moins de 1 an,Arménie,2017,75.8,,
ESTAT:TPS00205(1.0),11/09/25 11:00:00,Annuel,Année,Total,Moins de 1 an,Arménie,2018,76.7,,
ESTAT:TPS00205(1.0),11/09/25 11:00:00,Annuel,Année,Total,Moins de 1 an,Arménie,2019,76.6,,
ESTAT:TPS00205(1.0),11/09/25 11:00:00,Annuel,Année,Total,Moins de 1 an,Autriche,2013,81.3,,
ESTAT:TPS00205(1.0),11/09/25 11:00:00,Annuel,Année,Total,Moins de 1 an,Autriche,2014,81.6,,
ESTAT:TPS00205(1.0),11/09/25 11:00:00,Annuel,Année,Total,Moins de 1 an,Autriche,2015,81.3,,
ESTAT:TPS00205(1.0),11/09/25 11:00:00,Annuel,Année,Total,Moins de 1 an,Autriche,2016,81.8,,
ESTAT:TPS00205(1.0),11/09/25 11:00:00,Annuel,Année,Total,Moins de 1 an,Autriche,2017,81.7,,
ESTAT:TPS00205(1.0),11/09/25 11:00:00,Annuel,Année,Total,Moins de 1 an,Autriche,2018,81.8,,
ESTAT:TPS00205(1.0),11/09/25 11:00:00,Annuel,Année,Total,Moins de 1 an,Autriche,2019,82.0,,
ESTAT:TPS00205(1.0),11/09/25 11:00:00,Annuel,Année,Total,Moins de 1 an,Autriche,2020,81.3,,
ESTAT:TPS00205(1.0),11/09/25 11:00:00,Annuel,Année,Total,Moins de 1 an,Autriche,2021,81.3,,
ESTAT:TPS00205(1.0),11/09/25 11:00:00,Annuel,Année,Total,Moins de 1 an,Autriche,2022,81.4,,
ESTAT:TPS00205(1.0),11/09/25 11:00:00,Annuel,Année,Total,Moins de 1 an,Autriche,2023,81.9,,
ESTAT:TPS00205(1.0),11/09/25 11:00:00,Annuel,Année,Total,Moins de 1 an,Autriche,2024,82.3,ip,
ESTAT:TPS00205(1.0),11/09/25 11:00:00,Annuel,Année,Total,Moins de 1 an,Azerbaïdjan,2013,74.7,,
ESTAT:TPS00205(1.0),11/09/25 11:00:00,Annuel,Année,Total,Moins de 1 an,Azerbaïdjan,2014,74.8,,
ESTAT:TPS00205(1.0),11/09/25 11:00:00,Annuel,Année,Total,Moins de 1 an,Azerbaïdjan,2015,75.3,,
ESTAT:TPS00205(1.0),11/09/25 11:00:00,Annuel,Année,Total,Moins de 1 an,Azerbaïdjan,2017,75.6,,
ESTAT:TPS00205(1.0),11/09/25 11:00:00,Annuel,Année,Total,Moins de 1 an,Azerbaïdjan,2018,76.0,,
ESTAT:TPS00205(1.0),11/09/25 11:00:00,Annuel,Année,Total,Moins de 1 an,Azerbaïdjan,2019,76.6,,
ESTAT:TPS00205(1.0),11/09/25 11:00:00,Annuel,Année,Total,Moins de 1 an,Belgique,2013,80.7,,
ESTAT:TPS00205(1.0),11/09/25 11:00:00,Annuel,Année,Total,Moins de 1 an,Belgique,2014,81.4,,
ESTAT:TPS00205(1.0),11/09/25 11:00:00,Annuel,Année,Total,Moins de 1 an,Belgique,2015,81.1,,
ESTAT:TPS00205(1.0),11/09/25 11:00:00,Annuel,Année,Total,Moins de 1 an,Belgique,2016,81.5,,
ESTAT:TPS00205(1.0),11/09/25 11:00:00,Annuel,Année,Total,Moins de 1 an,Belgique,2017,81.6,,
ESTAT:TPS00205(1.0),11/09/25 11:00:00,Annuel,Année,Total,Moins de 1 an,Belgique,2018,81.7,,
ESTAT:TPS00205(1.0),11/09/25 11:00:00,Annuel,Année,Total,Moins de 1 an,Belgique,2019,82.1,,
ESTAT:TPS00205(1.0),11/09/25 11:00:00,Annuel,Année,Total,Moins de 1 an,Belgique,2020,80.8,,
ESTAT:TPS00205(1.0),11/09/25 11:00:00,Annuel,Année,Total,Moins de 1 an,Belgique,2021,81.9,,
ESTAT:TPS00205(1.0),11/09/25 11:00:00,Annuel,Année,Total,Moins de 1 an,Belgique,2022,81.8,,
ESTAT:TPS00205(1.0),11/09/25 11:00:00,Annuel,Année,Total,Moins de 1 an,Belgique,2023,82.5,,
ESTAT:TPS00205(1.0),11/09/25 11:00:00,Annuel,Année,Total,Moins de 1 an,Belgique,2024,82.6,ip,
ESTAT:TPS00205(1.0),11/09/25 11:00:00,Annuel,Année,Total,Moins de 1 an,Bulgarie,2013,74.9,,
ESTAT:TPS00205(1.0),11/09/25 11:00:00,Annuel,Année,Total,Moins de 1 an,Bulgarie,2014,74.5,,
ESTAT:TPS00205(1.0),11/09/25 11:00:00,Annuel,Année,Total,Moins de 1 an,Bulgarie,2015,74.7,,
ESTAT:TPS00205(1.0),11/09/25 11:00:00,Annuel,Année,Total,Moins de 1 an,Bulgarie,2016,74.9,,
ESTAT:TPS00205(1.0),11/09/25 11:00:00,Annuel,Année,Total,Moins de 1 an,Bulgarie,2017,74.8,,
ESTAT:TPS00205(1.0),11/09/25 11:00:00,Annuel,Année,Total,Moins de 1 an,Bulgarie,2018,75.0,,
ESTAT:TPS00205(1.0),11/09/25 11:00:00,Annuel,Année,Total,Moins de 1 an,Bulgarie,2019,75.1,,
ESTAT:TPS00205(1.0),11/09/25 11:00:00,Annuel,Année,Total,Moins de 1 an,Bulgarie,2020,73.3,,
ESTAT:TPS00205(1.0),11/09/25 11:00:00,Annuel,Année,Total,Moins de 1 an,Bulgarie,2021,71.2,,
ESTAT:TPS00205(1.0),11/09/25 11:00:00,Annuel,Année,Total,Moins de 1 an,Bulgarie,2022,74.2,b,
ESTAT:TPS00205(1.0),11/09/25 11:00:00,Annuel,Année,Total,Moins de 1 an,Bulgarie,2023,75.8,,
ESTAT:TPS00205(1.0),11/09/25 11:00:00,Annuel,Année,Total,Moins de 1 an,Bulgarie,2024,75.9,ip,
ESTAT:TPS00205(1.0),11/09/25 11:00:00,Annuel,Année,Total,Moins de 1 an,Biélorussie,2013,72.7,,
ESTAT:TPS00205(1.0),11/09/25 11:00:00,Annuel,Année,Total,Moins de 1 an,Biélorussie,2014,73.3,,
ESTAT:TPS00205(1.0),11/09/25 11:00:00,Annuel,Année,Total,Moins de 1 an,Biélorussie,2015,74.0,,
ESTAT:TPS00205(1.0),11/09/25 11:00:00,Annuel,Année,Total,Moins de 1 an,Biélorussie,2016,74.2,,
ESTAT:TPS00205(1.0),11/09/25 11:00:00,Annuel,Année,Total,Moins de 1 an,Biélorussie,2017,74.5,,
ESTAT:TPS00205(1.0),11/09/25 11:00:00,Annuel,Année,Total,Moins de 1 an,Biélorussie,2018,74.5,,
ESTAT:TPS00205(1.0),11/09/25 11:00:00,Annuel,Année,Total,Moins de 1 an,Suisse,2013,82.9,,
ESTAT:TPS00205(1.0),11/09/25 11:00:00,Annuel,Année,Total,Moins de 1 an,Suisse,2014,83.3,,
ESTAT:TPS00205(1.0),11/09/25 11:00:00,Annuel,Année,Total,Moins de 1 an,Suisse,2015,83.0,,
ESTAT:TPS00205(1.0),11/09/25 11:00:00,Annuel,Année,Total,Moins de 1 an,Suisse,2016,83.7,,
ESTAT:TPS00205(1.0),11/09/25 11:00:00,Annuel,Année,Total,Moins de 1 an,Suisse,2017,83.7,,
ESTAT:TPS00205(1.0),11/09/25 11:00:00,Annuel,Année,Total,Moins de 1 an,Suisse,2018,83.8,,
ESTAT:TPS00205(1.0),11/09/25 11:00:00,Annuel,Année,Total,Moins de 1 an,Suisse,2019,84.0,,
ESTAT:TPS00205(1.0),11/09/25 11:00:00,Annuel,Année,Total,Moins de 1 an,Suisse,2020,83.1,,
ESTAT:TPS00205(1.0),11/09/25 11:00:00,Annuel,Année,Total,Moins de 1 an,Suisse,2021,83.9,,
ESTAT:TPS00205(1.0),11/09/25 11:00:00,Annuel,Année,Total,Moins de 1 an,Suisse,2022,83.7,,
ESTAT:TPS00205(1.0),11/09/25 11:00:00,Annuel,Année,Total,Moins de 1 an,Suisse,2023,84.3,,
ESTAT:TPS00205(1.0),11/09/25 11:00:00,Annuel,Année,Total,Moins de 1 an,Suisse,2024,84.5,ip,
ESTAT:TPS00205(1.0),11/09/25 11:00:00,Annuel,Année,Total,Moins de 1 an,Chypre,2013,82.5,,
ESTAT:TPS00205(1.0),11/09/25 11:00:00,Annuel,Année,Total,Moins de 1 an,Chypre,2014,82.3,,
ESTAT:TPS00205(1.0),11/09/25 11:00:00,Annuel,Année,Total,Moins de 1 an,Chypre,2015,81.8,,
ESTAT:TPS00205(1.0),11/09/25 11:00:00,Annuel,Année,Total,Moins de 1 an,Chypre,2016,82.7,,
ESTAT:TPS00205(1.0),11/09/25 11:00:00,Annuel,Année,Total,Moins de 1 an,Chypre,2017,82.2,,
ESTAT:TPS00205(1.0),11/09/25 11:00:00,Annuel,Année,Total,Moins de 1 an,Chypre,2018,82.9,,
ESTAT:TPS00205(1.0),11/09/25 11:00:00,Annuel,Année,Total,Moins de 1 an,Chypre,2019,82.3,,
ESTAT:TPS00205(1.0),11/09/25 11:00:00,Annuel,Année,Total,Moins de 1 an,Chypre,2020,82.4,,
ESTAT:TPS00205(1.0),11/09/25 11:00:00,Annuel,Année,Total,Moins de 1 an,Chypre,2021,81.3,,
ESTAT:TPS00205(1.0),11/09/25 11:00:00,Annuel,Année,Total,Moins de 1 an,Chypre,2022,81.6,,
ESTAT:TPS00205(1.0),11/09/25 11:00:00,Annuel,Année,Total,Moins de 1 an,Chypre,2023,82.9,,
ESTAT:TPS00205(1.0),11/09/25 11:00:00,Annuel,Année,Total,Moins de 1 an,Chypre,2024,83.2,ip,
ESTAT:TPS00205(1.0),11/09/25 11:00:00,Annuel,Année,Total,Moins de 1 an,Tchéquie,2013,78.3,,
ESTAT:TPS00205(1.0),11/09/25 11:00:00,Annuel,Année,Total,Moins de 1 an,Tchéquie,2014,78.9,,
ESTAT:TPS00205(1.0),11/09/25 11:00:00,Annuel,Année,Total,Moins de 1 an,Tchéquie,2015,78.7,,
ESTAT:TPS00205(1.0),11/09/25 11:00:00,Annuel,Année,Total,Moins de 1 an,Tchéquie,2016,79.1,,
ESTAT:TPS00205(1.0),11/09/25 11:00:00,Annuel,Année,Total,Moins de 1 an,Tchéquie,2017,79.1,,
ESTAT:TPS00205(1.0),11/09/25 11:00:00,Annuel,Année,Total,Moins de 1 an,Tchéquie,2018,79.1,,
ESTAT:TPS00205(1.0),11/09/25 11:00:00,Annuel,Année,Total,Moins de 1 an,Tchéquie,2019,79.3,,
ESTAT:TPS00205(1.0),11/09/25 11:00:00,Annuel,Année,Total,Moins de 1 an,Tchéquie,2020,78.3,,
ESTAT:TPS00205(1.0),11/09/25 11:00:00,Annuel,Année,Total,Moins de 1 an,Tchéquie,2021,77.2,b,
ESTAT:TPS00205(1.0),11/09/25 11:00:00,Annuel,Année,Total,Moins de 1 an,Tchéquie,2022,79.0,,
ESTAT:TPS00205(1.0),11/09/25 11:00:00,Annuel,Année,Total,Moins de 1 an,Tchéquie,2023,79.9,,
ESTAT:TPS00205(1.0),11/09/25 11:00:00,Annuel,Année,Total,Moins de 1 an,Tchéquie,2024,80.3,ip,
ESTAT:TPS00205(1.0),11/09/25 11:00:00,Annuel,Année,Total,Moins de 1 an,Allemagne,2013,80.6,,
ESTAT:TPS00205(1.0),11/09/25 11:00:00,Annuel,Année,Total,Moins de 1 an,Allemagne,2014,81.2,,
ESTAT:TPS00205(1.0),11/09/25 11:00:00,Annuel,Année,Total,Moins de 1 an,Allemagne,2015,80.7,,
ESTAT:TPS00205(1.0),11/09/25 11:00:00,Annuel,Année,Total,Moins de 1 an,Allemagne,2016,81.0,,
ESTAT:TPS00205(1.0),11/09/25 11:00:00,Annuel,Année,Total,Moins de 1 an,Allemagne,2017,81.1,,
ESTAT:TPS00205(1.0),11/09/25 11:00:00,Annuel,Année,Total,Moins de 1 an,Allemagne,2018,81.0,,
ESTAT:TPS00205(1.0),11/09/25 11:00:00,Annuel,Année,Total,Moins de 1 an,Allemagne,2019,81.3,,
ESTAT:TPS00205(1.0),11/09/25 11:00:00,Annuel,Année,Total,Moins de 1 an,Allemagne,2020,81.1,,
ESTAT:TPS00205(1.0),11/09/25 11:00:00,Annuel,Année,Total,Moins de 1 an,Allemagne,2021,80.8,,
ESTAT:TPS00205(1.0),11/09/25 11:00:00,Annuel,Année,Total,Moins de 1 an,Allemagne,2022,80.7,,
ESTAT:TPS00205(1.0),11/09/25 11:00:00,Annuel,Année,Total,Moins de 1 an,Allemagne,2023,81.1,b,
ESTAT:TPS00205(1.0),11/09/25 11:00:00,Annuel,Année,Total,Moins de 1 an,Allemagne,2024,81.5,ip,
ESTAT:TPS00205(1.0),11/09/25 11:00:00,Annuel,Année,Total,Moins de 1 an,Danemark,2013,80.4,,
ESTAT:TPS00205(1.0),11/09/25 11:00:00,Annuel,Année,Total,Moins de 1 an,Danemark,2014,80.7,,
ESTAT:TPS00205(1.0),11/09/25 11:00:00,Annuel,Année,Total,Moins de 1 an,Danemark,2015,80.8,,
ESTAT:TPS00205(1.0),11/09/25 11:00:00,Annuel,Année,Total,Moins de 1 an,Danemark,2016,80.9,,
ESTAT:TPS00205(1.0),11/09/25 11:00:00,Annuel,Année,Total,Moins de 1 an,Danemark,2017,81.1,,
ESTAT:TPS00205(1.0),11/09/25 11:00:00,Annuel,Année,Total,Moins de 1 an,Danemark,2018,81.0,,
ESTAT:TPS00205(1.0),11/09/25 11:00:00,Annuel,Année,Total,Moins de 1 an,Danemark,2019,81.5,,
ESTAT:TPS00205(1.0),11/09/25 11:00:00,Annuel,Année,Total,Moins de 1 an,Danemark,2020,81.6,,
ESTAT:TPS00205(1.0),11/09/25 11:00:00,Annuel,Année,Total,Moins de 1 an,Danemark,2021,81.5,,
ESTAT:TPS00205(1.0),11/09/25 11:00:00,Annuel,Année,Total,Moins de 1 an,Danemark,2022,81.3,,
ESTAT:TPS00205(1.0),11/09/25 11:00:00,Annuel,Année,Total,Moins de 1 an,Danemark,2023,81.8,,
ESTAT:TPS00205(1.0),11/09/25 11:00:00,Annuel,Année,Total,Moins de 1 an,Danemark,2024,82.3,ip,
ESTAT:TPS00205(1.0),11/09/25 11:00:00,Annuel,Année,Total,Moins de 1 an,Zone euro - 19 pays (2015-2022),2013,81.6,,
ESTAT:TPS00205(1.0),11/09/25 11:00:00,Annuel,Année,Total,Moins de 1 an,Zone euro - 19 pays (2015-2022),2014,82.0,b,
ESTAT:TPS00205(1.0),11/09/25 11:00:00,Annuel,Année,Total,Moins de 1 an,Zone euro - 19 pays (2015-2022),2015,81.6,b,
ESTAT:TPS00205(1.0),11/09/25 11:00:00,Annuel,Année,Total,Moins de 1 an,Zone euro - 19 pays (2015-2022),2016,82.0,,
ESTAT:TPS00205(1.0),11/09/25 11:00:00,Annuel,Année,Total,Moins de 1 an,Zone euro - 19 pays (2015-2022),2017,82.0,b,
ESTAT:TPS00205(1.0),11/09/25 11:00:00,Annuel,Année,Total,Moins de 1 an,Zone euro - 19 pays (2015-2022),2018,82.1,ep,
ESTAT:TPS00205(1.0),11/09/25 11:00:00,Annuel,Année,Total,Moins de 1 an,Zone euro - 19 pays (2015-2022),2019,82.4,bep,
ESTAT:TPS00205(1.0),11/09/25 11:00:00,Annuel,Année,Total,Moins de 1 an,Zone euro - 19 pays (2015-2022),2020,81.6,bp,
ESTAT:TPS00205(1.0),11/09/25 11:00:00,Annuel,Année,Total,Moins de 1 an,Zone euro - 19 pays (2015-2022),2021,81.6,bp,
ESTAT:TPS00205(1.0),11/09/25 11:00:00,Annuel,Année,Total,Moins de 1 an,Zone euro - 19 pays (2015-2022),2022,81.7,bp,
ESTAT:TPS00205(1.0),11/09/25 11:00:00,Annuel,Année,Total,Moins de 1 an,Zone euro - 19 pays (2015-2022),2023,82.3,bp,
ESTAT:TPS00205(1.0),11/09/25 11:00:00,Annuel,Année,Total,Moins de 1 an,Zone euro - 20 pays (2023-2025),2021,81.6,bp,
ESTAT:TPS00205(1.0),11/09/25 11:00:00,Annuel,Année,Total,Moins de 1 an,Zone euro - 20 pays (2023-2025),2022,81.6,bp,
ESTAT:TPS00205(1.0),11/09/25 11:00:00,Annuel,Année,Total,Moins de 1 an,Zone euro - 20 pays (2023-2025),2023,82.3,bp,
ESTAT:TPS00205(1.0),11/09/25 11:00:00,Annuel,Année,Total,Moins de 1 an,Estonie,2013,77.5,,
ESTAT:TPS00205(1.0),11/09/25 11:00:00,Annuel,Année,Total,Moins de 1 an,Estonie,2014,77.4,,
ESTAT:TPS00205(1.0),11/09/25 11:00:00,Annuel,Année,Total,Moins de 1 an,Estonie,2015,78.0,b,
ESTAT:TPS00205(1.0),11/09/25 11:00:00,Annuel,Année,Total,Moins de 1 an,Estonie,2016,78.0,,
ESTAT:TPS00205(1.0),11/09/25 11:00:00,Annuel,Année,Total,Moins de 1 an,Estonie,2017,78.4,,
ESTAT:TPS00205(1.0),11/09/25 11:00:00,Annuel,Année,Total,Moins de 1 an,Estonie,2018,78.5,,
ESTAT:TPS00205(1.0),11/09/25 11:00:00,Annuel,Année,Total,Moins de 1 an,Estonie,2019,79.0,,
ESTAT:TPS00205(1.0),11/09/25 11:00:00,Annuel,Année,Total,Moins de 1 an,Estonie,2020,78.9,,
ESTAT:TPS00205(1.0),11/09/25 11:00:00,Annuel,Année,Total,Moins de 1 an,Estonie,2021,77.2,,
ESTAT:TPS00205(1.0),11/09/25 11:00:00,Annuel,Année,Total,Moins de 1 an,Estonie,2022,78.1,,
ESTAT:TPS00205(1.0),11/09/25 11:00:00,Annuel,Année,Total,Moins de 1 an,Estonie,2023,79.1,,
ESTAT:TPS00205(1.0),11/09/25 11:00:00,Annuel,Année,Total,Moins de 1 an,Estonie,2024,79.6,ip,
ESTAT:TPS00205(1.0),11/09/25 11:00:00,Annuel,Année,Total,Moins de 1 an,Grèce,2013,81.4,,
ESTAT:TPS00205(1.0),11/09/25 11:00:00,Annuel,Année,Total,Moins de 1 an,Grèce,2014,81.5,,
ESTAT:TPS00205(1.0),11/09/25 11:00:00,Annuel,Année,Total,Moins de 1 an,Grèce,2015,81.1,,
ESTAT:TPS00205(1.0),11/09/25 11:00:00,Annuel,Année,Total,Moins de 1 an,Grèce,2016,81.5,,
ESTAT:TPS00205(1.0),11/09/25 11:00:00,Annuel,Année,Total,Moins de 1 an,Grèce,2017,81.4,,
ESTAT:TPS00205(1.0),11/09/25 11:00:00,Annuel,Année,Total,Moins de 1 an,Grèce,2018,81.9,,
ESTAT:TPS00205(1.0),11/09/25 11:00:00,Annuel,Année,Total,Moins de 1 an,Grèce,2019,81.7,,
ESTAT:TPS00205(1.0),11/09/25 11:00:00,Annuel,Année,Total,Moins de 1 an,Grèce,2020,81.4,,
ESTAT:TPS00205(1.0),11/09/25 11:00:00,Annuel,Année,Total,Moins de 1 an,Grèce,2021,80.2,,
ESTAT:TPS00205(1.0),11/09/25 11:00:00,Annuel,Année,Total,Moins de 1 an,Grèce,2022,80.8,,
ESTAT:TPS00205(1.0),11/09/25 11:00:00,Annuel,Année,Total,Moins de 1 an,Grèce,2023,81.8,,
ESTAT:TPS00205(1.0),11/09/25 11:00:00,Annuel,Année,Total,Moins de 1 an,Grèce,2024,81.9,ip,
ESTAT:TPS00205(1.0),11/09/25 11:00:00,Annuel,Année,Total,Moins de 1 an,Espagne,2013,83.2,,
ESTAT:TPS00205(1.0),11/09/25 11:00:00,Annuel,Année,Total,Moins de 1 an,Espagne,2014,83.3,,
ESTAT:TPS00205(1.0),11/09/25 11:00:00,Annuel,Année,Total,Moins de 1 an,Espagne,2015,83.0,,
ESTAT:TPS00205(1.0),11/09/25 11:00:00,Annuel,Année,Total,Moins de 1 an,Espagne,2016,83.5,,
ESTAT:TPS00205(1.0),11/09/25 11:00:00,Annuel,Année,Total,Moins de 1 an,Espagne,2017,83.4,,
ESTAT:TPS00205(1.0),11/09/25 11:00:00,Annuel,Année,Total,Moins de 1 an,Espagne,2018,83.5,,
ESTAT:TPS00205(1.0),11/09/25 11:00:00,Annuel,Année,Total,Moins de 1 an,Espagne,2019,84.0,,
ESTAT:TPS00205(1.0),11/09/25 11:00:00,Annuel,Année,Total,Moins de 1 an,Espagne,2020,82.3,b,
ESTAT:TPS00205(1.0),11/09/25 11:00:00,Annuel,Année,Total,Moins de 1 an,Espagne,2021,83.3,,
ESTAT:TPS00205(1.0),11/09/25 11:00:00,Annuel,Année,Total,Moins de 1 an,Espagne,2022,83.2,,
ESTAT:TPS00205(1.0),11/09/25 11:00:00,Annuel,Année,Total,Moins de 1 an,Espagne,2023,84.0,,
ESTAT:TPS00205(1.0),11/09/25 11:00:00,Annuel,Année,Total,Moins de 1 an,Espagne,2024,84.0,ip,
ESTAT:TPS00205(1.0),11/09/25 11:00:00,Annuel,Année,Total,Moins de 1 an,Union européenne - 27 pays (à partir de 2020),2013,80.5,,
ESTAT:TPS00205(1.0),11/09/25 11:00:00,Annuel,Année,Total,Moins de 1 an,Union européenne - 27 pays (à partir de 2020),2014,80.8,b,
ESTAT:TPS00205(1.0),11/09/25 11:00:00,Annuel,Année,Total,Moins de 1 an,Union européenne - 27 pays (à partir de 2020),2015,80.5,b,
ESTAT:TPS00205(1.0),11/09/25 11:00:00,Annuel,Année,Total,Moins de 1 an,Union européenne - 27 pays (à partir de 2020),2016,80.9,,
ESTAT:TPS00205(1.0),11/09/25 11:00:00,Annuel,Année,Total,Moins de 1 an,Union européenne - 27 pays (à partir de 2020),2017,80.9,b,
ESTAT:TPS00205(1.0),11/09/25 11:00:00,Annuel,Année,Total,Moins de 1 an,Union européenne - 27 pays (à partir de 2020),2018,81.0,ep,
ESTAT:TPS00205(1.0),11/09/25 11:00:00,Annuel,Année,Total,Moins de 1 an,Union européenne - 27 pays (à partir de 2020),2019,81.3,bep,
ESTAT:TPS00205(1.0),11/09/25 11:00:00,Annuel,Année,Total,Moins de 1 an,Union européenne - 27 pays (à partir de 2020),2020,80.4,bep,
ESTAT:TPS00205(1.0),11/09/25 11:00:00,Annuel,Année,Total,Moins de 1 an,Union européenne - 27 pays (à partir de 2020),2021,80.1,bep,
ESTAT:TPS00205(1.0),11/09/25 11:00:00,Annuel,Année,Total,Moins de 1 an,Union européenne - 27 pays (à partir de 2020),2022,80.6,bep,
ESTAT:TPS00205(1.0),11/09/25 11:00:00,Annuel,Année,Total,Moins de 1 an,Union européenne - 27 pays (à partir de 2020),2023,81.4,bep,
ESTAT:TPS00205(1.0),11/09/25 11:00:00,Annuel,Année,Total,Moins de 1 an,Union européenne - 27 pays (à partir de 2020),2024,81.7,ip,
ESTAT:TPS00205(1.0),11/09/25 11:00:00,Annuel,Année,Total,Moins de 1 an,Finlande,2013,81.1,,
ESTAT:TPS00205(1.0),11/09/25 11:00:00,Annuel,Année,Total,Moins de 1 an,Finlande,2014,81.3,,
ESTAT:TPS00205(1.0),11/09/25 11:00:00,Annuel,Année,Total,Moins de 1 an,Finlande,2015,81.6,,
ESTAT:TPS00205(1.0),11/09/25 11:00:00,Annuel,Année,Total,Moins de 1 an,Finlande,2016,81.5,,
ESTAT:TPS00205(1.0),11/09/25 11:00:00,Annuel,Année,Total,Moins de 1 an,Finlande,2017,81.7,,
ESTAT:TPS00205(1.0),11/09/25 11:00:00,Annuel,Année,Total,Moins de 1 an,Finlande,2018,81.8,,
ESTAT:TPS00205(1.0),11/09/25 11:00:00,Annuel,Année,Total,Moins de 1 an,Finlande,2019,82.1,,
ESTAT:TPS00205(1.0),11/09/25 11:00:00,Annuel,Année,Total,Moins de 1 an,Finlande,2020,82.0,,
ESTAT:TPS00205(1.0),11/09/25 11:00:00,Annuel,Année,Total,Moins de 1 an,Finlande,2021,81.9,,
ESTAT:TPS00205(1.0),11/09/25 11:00:00,Annuel,Année,Total,Moins de 1 an,Finlande,2022,81.2,,
ESTAT:TPS00205(1.0),11/09/25 11:00:00,Annuel,Année,Total,Moins de 1 an,Finlande,2023,81.6,,
ESTAT:TPS00205(1.0),11/09/25 11:00:00,Annuel,Année,Total,Moins de 1 an,Finlande,2024,82.4,ip,
ESTAT:TPS00205(1.0),11/09/25 11:00:00,Annuel,Année,Total,Moins de 1 an,France,2013,82.4,,
ESTAT:TPS00205(1.0),11/09/25 11:00:00,Annuel,Année,Total,Moins de 1 an,France,2014,82.9,b,
ESTAT:TPS00205(1.0),11/09/25 11:00:00,Annuel,Année,Total,Moins de 1 an,France,2015,82.4,,
ESTAT:TPS00205(1.0),11/09/25 11:00:00,Annuel,Année,Total,Moins de 1 an,France,2016,82.7,,
ESTAT:TPS00205(1.0),11/09/25 11:00:00,Annuel,Année,Total,Moins de 1 an,France,2017,82.7,,
ESTAT:TPS00205(1.0),11/09/25 11:00:00,Annuel,Année,Total,Moins de 1 an,France,2018,82.8,p,
ESTAT:TPS00205(1.0),11/09/25 11:00:00,Annuel,Année,Total,Moins de 1 an,France,2019,83.0,p,
ESTAT:TPS00205(1.0),11/09/25 11:00:00,Annuel,Année,Total,Moins de 1 an,France,2020,82.3,p,
ESTAT:TPS00205(1.0),11/09/25 11:00:00,Annuel,Année,Total,Moins de 1 an,France,2021,82.4,p,
ESTAT:TPS00205(1.0),11/09/25 11:00:00,Annuel,Année,Total,Moins de 1 an,France,2022,82.3,p,
ESTAT:TPS00205(1.0),11/09/25 11:00:00,Annuel,Année,Total,Moins de 1 an,France,2023,83.0,p,
ESTAT:TPS00205(1.0),11/09/25 11:00:00,Annuel,Année,Total,Moins de 1 an,France,2024,83.1,ip,
ESTAT:TPS00205(1.0),11/09/25 11:00:00,Annuel,Année,Total,Moins de 1 an,Géorgie,2014,74.1,,
ESTAT:TPS00205(1.0),11/09/25 11:00:00,Annuel,Année,Total,Moins de 1 an,Géorgie,2015,73.0,,
ESTAT:TPS00205(1.0),11/09/25 11:00:00,Annuel,Année,Total,Moins de 1 an,Géorgie,2016,72.7,,
ESTAT:TPS00205(1.0),11/09/25 11:00:00,Annuel,Année,Total,Moins de 1 an,Géorgie,2017,73.5,,
ESTAT:TPS00205(1.0),11/09/25 11:00:00,Annuel,Année,Total,Moins de 1 an,Géorgie,2018,74.0,,
ESTAT:TPS00205(1.0),11/09/25 11:00:00,Annuel,Année,Total,Moins de 1 an,Géorgie,2019,74.1,,
ESTAT:TPS00205(1.0),11/09/25 11:00:00,Annuel,Année,Total,Moins de 1 an,Géorgie,2022,73.7,,
ESTAT:TPS00205(1.0),11/09/25 11:00:00,Annuel,Année,Total,Moins de 1 an,Géorgie,2023,73.7,,
ESTAT:TPS00205(1.0),11/09/25 11:00:00,Annuel,Année,Total,Moins de 1 an,Croatie,2013,77.8,,
ESTAT:TPS00205(1.0),11/09/25 11:00:00,Annuel,Année,Total,Moins de 1 an,Croatie,2014,77.9,,
ESTAT:TPS00205(1.0),11/09/25 11:00:00,Annuel,Année,Total,Moins de 1 an,Croatie,2015,77.5,,
ESTAT:TPS00205(1.0),11/09/25 11:00:00,Annuel,Année,Total,Moins de 1 an,Croatie,2016,78.2,,
ESTAT:TPS00205(1.0),11/09/25 11:00:00,Annuel,Année,Total,Moins de 1 an,Croatie,2017,78.0,,
ESTAT:TPS00205(1.0),11/09/25 11:00:00,Annuel,Année,Total,Moins de 1 an,Croatie,2018,78.2,,
ESTAT:TPS00205(1.0),11/09/25 11:00:00,Annuel,Année,Total,Moins de 1 an,Croatie,2019,78.6,,
ESTAT:TPS00205(1.0),11/09/25 11:00:00,Annuel,Année,Total,Moins de 1 an,Croatie,2020,77.6,,
ESTAT:TPS00205(1.0),11/09/25 11:00:00,Annuel,Année,Total,Moins de 1 an,Croatie,2021,76.6,,
ESTAT:TPS00205(1.0),11/09/25 11:00:00,Annuel,Année,Total,Moins de 1 an,Croatie,2022,77.7,b,
ESTAT:TPS00205(1.0),11/09/25 11:00:00,Annuel,Année,Total,Moins de 1 an,Croatie,2023,78.6,,
ESTAT:TPS00205(1.0),11/09/25 11:00:00,Annuel,Année,Total,Moins de 1 an,Croatie,2024,79.1,ip,
ESTAT:TPS00205(1.0),11/09/25 11:00:00,Annuel,Année,Total,Moins de 1 an,Hongrie,2013,75.8,,
ESTAT:TPS00205(1.0),11/09/25 11:00:00,Annuel,Année,Total,Moins de 1 an,Hongrie,2014,76.0,,
ESTAT:TPS00205(1.0),11/09/25 11:00:00,Annuel,Année,Total,Moins de 1 an,Hongrie,2015,75.7,,
ESTAT:TPS00205(1.0),11/09/25 11:00:00,Annuel,Année,Total,Moins de 1 an,Hongrie,2016,76.2,,
ESTAT:TPS00205(1.0),11/09/25 11:00:00,Annuel,Année,Total,Moins de 1 an,Hongrie,2017,76.0,,
ESTAT:TPS00205(1.0),11/09/25 11:00:00,Annuel,Année,Total,Moins de 1 an,Hongrie,2018,76.2,,
ESTAT:TPS00205(1.0),11/09/25 11:00:00,Annuel,Année,Total,Moins de 1 an,Hongrie,2019,76.5,,
ESTAT:TPS00205(1.0),11/09/25 11:00:00,Annuel,Année,Total,Moins de 1 an,Hongrie,2020,75.5,b,
ESTAT:TPS00205(1.0),11/09/25 11:00:00,Annuel,Année,Total,Moins de 1 an,Hongrie,2021,74.1,,
ESTAT:TPS00205(1.0),11/09/25 11:00:00,Annuel,Année,Total,Moins de 1 an,Hongrie,2022,76.0,b,
ESTAT:TPS00205(1.0),11/09/25 11:00:00,Annuel,Année,Total,Moins de 1 an,Hongrie,2023,76.7,,
ESTAT:TPS00205(1.0),11/09/25 11:00:00,Annuel,Année,Total,Moins de 1 an,Hongrie,2024,77.0,ip,
ESTAT:TPS00205(1.0),11/09/25 11:00:00,Annuel,Année,Total,Moins de 1 an,Irlande,2013,81.0,,
ESTAT:TPS00205(1.0),11/09/25 11:00:00,Annuel,Année,Total,Moins de 1 an,Irlande,2014,81.4,,
ESTAT:TPS00205(1.0),11/09/25 11:00:00,Annuel,Année,Total,Moins de 1 an,Irlande,2015,81.5,,
ESTAT:TPS00205(1.0),11/09/25 11:00:00,Annuel,Année,Total,Moins de 1 an,Irlande,2016,81.7,,
ESTAT:TPS00205(1.0),11/09/25 11:00:00,Annuel,Année,Total,Moins de 1 an,Irlande,2017,82.2,,
ESTAT:TPS00205(1.0),11/09/25 11:00:00,Annuel,Année,Total,Moins de 1 an,Irlande,2018,82.2,e,
ESTAT:TPS00205(1.0),11/09/25 11:00:00,Annuel,Année,Total,Moins de 1 an,Irlande,2019,82.8,e,
ESTAT:TPS00205(1.0),11/09/25 11:00:00,Annuel,Année,Total,Moins de 1 an,Irlande,2020,82.5,b,
ESTAT:TPS00205(1.0),11/09/25 11:00:00,Annuel,Année,Total,Moins de 1 an,Irlande,2021,82.3,,
ESTAT:TPS00205(1.0),11/09/25 11:00:00,Annuel,Année,Total,Moins de 1 an,Irlande,2022,82.6,,
ESTAT:TPS00205(1.0),11/09/25 11:00:00,Annuel,Année,Total,Moins de 1 an,Irlande,2023,82.9,,
ESTAT:TPS00205(1.0),11/09/25 11:00:00,Annuel,Année,Total,Moins de 1 an,Islande,2013,82.1,,
ESTAT:TPS00205(1.0),11/09/25 11:00:00,Annuel,Année,Total,Moins de 1 an,Islande,2014,82.9,,
ESTAT:TPS00205(1.0),11/09/25 11:00:00,Annuel,Année,Total,Moins de 1 an,Islande,2015,82.5,,
ESTAT:TPS00205(1.0),11/09/25 11:00:00,Annuel,Année,Total,Moins de 1 an,Islande,2016,82.2,,
ESTAT:TPS00205(1.0),11/09/25 11:00:00,Annuel,Année,Total,Moins de 1 an,Islande,2017,82.6,,
ESTAT:TPS00205(1.0),11/09/25 11:00:00,Annuel,Année,Total,Moins de 1 an,Islande,2018,82.9,,
ESTAT:TPS00205(1.0),11/09/25 11:00:00,Annuel,Année,Total,Moins de 1 an,Islande,2019,83.2,,
ESTAT:TPS00205(1.0),11/09/25 11:00:00,Annuel,Année,Total,Moins de 1 an,Islande,2020,83.1,,
ESTAT:TPS00205(1.0),11/09/25 11:00:00,Annuel,Année,Total,Moins de 1 an,Islande,2021,83.2,,
ESTAT:TPS00205(1.0),11/09/25 11:00:00,Annuel,Année,Total,Moins de 1 an,Islande,2022,82.1,,
ESTAT:TPS00205(1.0),11/09/25 11:00:00,Annuel,Année,Total,Moins de 1 an,Islande,2023,82.4,,
ESTAT:TPS00205(1.0),11/09/25 11:00:00,Annuel,Année,Total,Moins de 1 an,Islande,2024,82.8,ip,
ESTAT:TPS00205(1.0),11/09/25 11:00:00,Annuel,Année,Total,Moins de 1 an,Italie,2013,82.9,,
ESTAT:TPS00205(1.0),11/09/25 11:00:00,Annuel,Année,Total,Moins de 1 an,Italie,2014,83.2,,
ESTAT:TPS00205(1.0),11/09/25 11:00:00,Annuel,Année,Total,Moins de 1 an,Italie,2015,82.7,,
ESTAT:TPS00205(1.0),11/09/25 11:00:00,Annuel,Année,Total,Moins de 1 an,Italie,2016,83.4,,
ESTAT:TPS00205(1.0),11/09/25 11:00:00,Annuel,Année,Total,Moins de 1 an,Italie,2017,83.1,,
ESTAT:TPS00205(1.0),11/09/25 11:00:00,Annuel,Année,Total,Moins de 1 an,Italie,2018,83.4,,
ESTAT:TPS00205(1.0),11/09/25 11:00:00,Annuel,Année,Total,Moins de 1 an,Italie,2019,83.6,b,
ESTAT:TPS00205(1.0),11/09/25 11:00:00,Annuel,Année,Total,Moins de 1 an,Italie,2020,82.3,,
ESTAT:TPS00205(1.0),11/09/25 11:00:00,Annuel,Année,Total,Moins de 1 an,Italie,2021,82.7,,
ESTAT:TPS00205(1.0),11/09/25 11:00:00,Annuel,Année,Total,Moins de 1 an,Italie,2022,82.8,,
ESTAT:TPS00205(1.0),11/09/25 11:00:00,Annuel,Année,Total,Moins de 1 an,Italie,2023,83.5,,
ESTAT:TPS00205(1.0),11/09/25 11:00:00,Annuel,Année,Total,Moins de 1 an,Italie,2024,84.1,ip,
ESTAT:TPS00205(1.0),11/09/25 11:00:00,Annuel,Année,Total,Moins de 1 an,Liechtenstein,2013,82.5,,
ESTAT:TPS00205(1.0),11/09/25 11:00:00,Annuel,Année,Total,Moins de 1 an,Liechtenstein,2014,82.1,,
ESTAT:TPS00205(1.0),11/09/25 11:00:00,Annuel,Année,Total,Moins de 1 an,Liechtenstein,2015,82.7,,
ESTAT:TPS00205(1.0),11/09/25 11:00:00,Annuel,Année,Total,Moins de 1 an,Liechtenstein,2016,82.3,,
ESTAT:TPS00205(1.0),11/09/25 11:00:00,Annuel,Année,Total,Moins de 1 an,Liechtenstein,2017,83.7,,
ESTAT:TPS00205(1.0),11/09/25 11:00:00,Annuel,Année,Total,Moins de 1 an,Liechtenstein,2018,83.1,,
ESTAT:TPS00205(1.0),11/09/25 11:00:00,Annuel,Année,Total,Moins de 1 an,Liechtenstein,2019,84.3,,
ESTAT:TPS00205(1.0),11/09/25 11:00:00,Annuel,Année,Total,Moins de 1 an,Liechtenstein,2020,81.8,,
ESTAT:TPS00205(1.0),11/09/25 11:00:00,Annuel,Année,Total,Moins de 1 an,Liechtenstein,2021,84.4,e,
ESTAT:TPS00205(1.0),11/09/25 11:00:00,Annuel,Année,Total,Moins de 1 an,Liechtenstein,2022,83.9,,
ESTAT:TPS00205(1.0),11/09/25 11:00:00,Annuel,Année,Total,Moins de 1 an,Liechtenstein,2023,84.6,,
ESTAT:TPS00205(1.0),11/09/25 11:00:00,Annuel,Année,Total,Moins de 1 an,Liechtenstein,2024,84.7,ip,
ESTAT:TPS00205(1.0),11/09/25 11:00:00,Annuel,Année,Total,Moins de 1 an,Lituanie,2013,74.1,,
ESTAT:TPS00205(1.0),11/09/25 11:00:00,Annuel,Année,Total,Moins de 1 an,Lituanie,2014,74.7,,
ESTAT:TPS00205(1.0),11/09/25 11:00:00,Annuel,Année,Total,Moins de 1 an,Lituanie,2015,74.6,,
ESTAT:TPS00205(1.0),11/09/25 11:00:00,Annuel,Année,Total,Moins de 1 an,Lituanie,2016,74.9,,
ESTAT:TPS00205(1.0),11/09/25 11:00:00,Annuel,Année,Total,Moins de 1 an,Lituanie,2017,75.8,,
ESTAT:TPS00205(1.0),11/09/25 11:00:00,Annuel,Année,Total,Moins de 1 an,Lituanie,2018,76.0,,
ESTAT:TPS00205(1.0),11/09/25 11:00:00,Annuel,Année,Total,Moins de 1 an,Lituanie,2019,76.5,,
ESTAT:TPS00205(1.0),11/09/25 11:00:00,Annuel,Année,Total,Moins de 1 an,Lituanie,2020,75.2,b,
ESTAT:TPS00205(1.0),11/09/25 11:00:00,Annuel,Année,Total,Moins de 1 an,Lituanie,2021,74.2,,
ESTAT:TPS00205(1.0),11/09/25 11:00:00,Annuel,Année,Total,Moins de 1 an,Lituanie,2022,75.8,,
ESTAT:TPS00205(1.0),11/09/25 11:00:00,Annuel,Année,Total,Moins de 1 an,Lituanie,2023,77.6,,
ESTAT:TPS00205(1.0),11/09/25 11:00:00,Annuel,Année,Total,Moins de 1 an,Lituanie,2024,77.6,ip,
ESTAT:TPS00205(1.0),11/09/25 11:00:00,Annuel,Année,Total,Moins de 1 an,Luxembourg,2013,81.9,,
ESTAT:TPS00205(1.0),11/09/25 11:00:00,Annuel,Année,Total,Moins de 1 an,Luxembourg,2014,82.3,,
ESTAT:TPS00205(1.0),11/09/25 11:00:00,Annuel,Année,Total,Moins de 1 an,Luxembourg,2015,82.4,,
ESTAT:TPS00205(1.0),11/09/25 11:00:00,Annuel,Année,Total,Moins de 1 an,Luxembourg,2016,82.7,,
ESTAT:TPS00205(1.0),11/09/25 11:00:00,Annuel,Année,Total,Moins de 1 an,Luxembourg,2017,82.1,b,
ESTAT:TPS00205(1.0),11/09/25 11:00:00,Annuel,Année,Total,Moins de 1 an,Luxembourg,2018,82.3,,
ESTAT:TPS00205(1.0),11/09/25 11:00:00,Annuel,Année,Total,Moins de 1 an,Luxembourg,2019,82.7,,
ESTAT:TPS00205(1.0),11/09/25 11:00:00,Annuel,Année,Total,Moins de 1 an,Luxembourg,2020,82.2,,
ESTAT:TPS00205(1.0),11/09/25 11:00:00,Annuel,Année,Total,Moins de 1 an,Luxembourg,2021,82.7,,
ESTAT:TPS00205(1.0),11/09/25 11:00:00,Annuel,Année,Total,Moins de 1 an,Luxembourg,2022,83.0,,
ESTAT:TPS00205(1.0),11/09/25 11:00:00,Annuel,Année,Total,Moins de 1 an,Luxembourg,2023,83.4,,
ESTAT:TPS00205(1.0),11/09/25 11:00:00,Annuel,Année,Total,Moins de 1 an,Luxembourg,2024,83.5,ip,
ESTAT:TPS00205(1.0),11/09/25 11:00:00,Annuel,Année,Total,Moins de 1 an,Lettonie,2013,74.3,,
ESTAT:TPS00205(1.0),11/09/25 11:00:00,Annuel,Année,Total,Moins de 1 an,Lettonie,2014,74.5,,
ESTAT:TPS00205(1.0),11/09/25 11:00:00,Annuel,Année,Total,Moins de 1 an,Lettonie,2015,74.8,,
ESTAT:TPS00205(1.0),11/09/25 11:00:00,Annuel,Année,Total,Moins de 1 an,Lettonie,2016,74.9,,
ESTAT:TPS00205(1.0),11/09/25 11:00:00,Annuel,Année,Total,Moins de 1 an,Lettonie,2017,74.9,,
ESTAT:TPS00205(1.0),11/09/25 11:00:00,Annuel,Année,Total,Moins de 1 an,Lettonie,2018,75.1,,
ESTAT:TPS00205(1.0),11/09/25 11:00:00,Annuel,Année,Total,Moins de 1 an,Lettonie,2019,75.7,,
ESTAT:TPS00205(1.0),11/09/25 11:00:00,Annuel,Année,Total,Moins de 1 an,Lettonie,2020,75.5,,
ESTAT:TPS00205(1.0),11/09/25 11:00:00,Annuel,Année,Total,Moins de 1 an,Lettonie,2021,73.1,,
ESTAT:TPS00205(1.0),11/09/25 11:00:00,Annuel,Année,Total,Moins de 1 an,Lettonie,2022,74.5,,
ESTAT:TPS00205(1.0),11/09/25 11:00:00,Annuel,Année,Total,Moins de 1 an,Lettonie,2023,75.6,,
ESTAT:TPS00205(1.0),11/09/25 11:00:00,Annuel,Année,Total,Moins de 1 an,Lettonie,2024,76.7,ip,
ESTAT:TPS00205(1.0),11/09/25 11:00:00,Annuel,Année,Total,Moins de 1 an,Moldavie,2023,71.9,ep,
ESTAT:TPS00205(1.0),11/09/25 11:00:00,Annuel,Année,Total,Moins de 1 an,Monténégro,2013,76.5,,
ESTAT:TPS00205(1.0),11/09/25 11:00:00,Annuel,Année,Total,Moins de 1 an,Monténégro,2014,76.5,,
ESTAT:TPS00205(1.0),11/09/25 11:00:00,Annuel,Année,Total,Moins de 1 an,Monténégro,2015,76.5,,
ESTAT:TPS00205(1.0),11/09/25 11:00:00,Annuel,Année,Total,Moins de 1 an,Monténégro,2016,76.5,,
ESTAT:TPS00205(1.0),11/09/25 11:00:00,Annuel,Année,Total,Moins de 1 an,Monténégro,2017,76.6,,
ESTAT:TPS00205(1.0),11/09/25 11:00:00,Annuel,Année,Total,Moins de 1 an,Monténégro,2018,76.9,,
ESTAT:TPS00205(1.0),11/09/25 11:00:00,Annuel,Année,Total,Moins de 1 an,Monténégro,2019,76.7,,
ESTAT:TPS00205(1.0),11/09/25 11:00:00,Annuel,Année,Total,Moins de 1 an,Monténégro,2020,75.9,,
ESTAT:TPS00205(1.0),11/09/25 11:00:00,Annuel,Année,Total,Moins de 1 an,Monténégro,2021,73.8,,
ESTAT:TPS00205(1.0),11/09/25 11:00:00,Annuel,Année,Total,Moins de 1 an,Monténégro,2023,77.6,,
ESTAT:TPS00205(1.0),11/09/25 11:00:00,Annuel,Année,Total,Moins de 1 an,Macédoine du Nord,2013,75.5,,
ESTAT:TPS00205(1.0),11/09/25 11:00:00,Annuel,Année,Total,Moins de 1 an,Macédoine du Nord,2014,75.5,,
ESTAT:TPS00205(1.0),11/09/25 11:00:00,Annuel,Année,Total,Moins de 1 an,Macédoine du Nord,2015,75.5,,
ESTAT:TPS00205(1.0),11/09/25 11:00:00,Annuel,Année,Total,Moins de 1 an,Macédoine du Nord,2016,75.4,,
ESTAT:TPS00205(1.0),11/09/25 11:00:00,Annuel,Année,Total,Moins de 1 an,Macédoine du Nord,2017,76.0,,
ESTAT:TPS00205(1.0),11/09/25 11:00:00,Annuel,Année,Total,Moins de 1 an,Macédoine du Nord,2018,76.7,,
ESTAT:TPS00205(1.0),11/09/25 11:00:00,Annuel,Année,Total,Moins de 1 an,Macédoine du Nord,2019,76.6,,
ESTAT:TPS00205(1.0),11/09/25 11:00:00,Annuel,Année,Total,Moins de 1 an,Macédoine du Nord,2020,74.4,,
ESTAT:TPS00205(1.0),11/09/25 11:00:00,Annuel,Année,Total,Moins de 1 an,Macédoine du Nord,2021,73.2,b,
ESTAT:TPS00205(1.0),11/09/25 11:00:00,Annuel,Année,Total,Moins de 1 an,Malte,2013,81.8,,
ESTAT:TPS00205(1.0),11/09/25 11:00:00,Annuel,Année,Total,Moins de 1 an,Malte,2014,82.0,,
ESTAT:TPS00205(1.0),11/09/25 11:00:00,Annuel,Année,Total,Moins de 1 an,Malte,2015,81.9,,
ESTAT:TPS00205(1.0),11/09/25 11:00:00,Annuel,Année,Total,Moins de 1 an,Malte,2016,82.4,,
ESTAT:TPS00205(1.0),11/09/25 11:00:00,Annuel,Année,Total,Moins de 1 an,Malte,2017,82.3,,
ESTAT:TPS00205(1.0),11/09/25 11:00:00,Annuel,Année,Total,Moins de 1 an,Malte,2018,82.3,,
ESTAT:TPS00205(1.0),11/09/25 11:00:00,Annuel,Année,Total,Moins de 1 an,Malte,2019,82.7,,
ESTAT:TPS00205(1.0),11/09/25 11:00:00,Annuel,Année,Total,Moins de 1 an,Malte,2020,82.1,,
ESTAT:TPS00205(1.0),11/09/25 11:00:00,Annuel,Année,Total,Moins de 1 an,Malte,2021,82.3,,
ESTAT:TPS00205(1.0),11/09/25 11:00:00,Annuel,Année,Total,Moins de 1 an,Malte,2022,82.3,,
ESTAT:TPS00205(1.0),11/09/25 11:00:00,Annuel,Année,Total,Moins de 1 an,Malte,2023,83.4,,
ESTAT:TPS00205(1.0),11/09/25 11:00:00,Annuel,Année,Total,Moins de 1 an,Malte,2024,83.3,ip,
ESTAT:TPS00205(1.0),11/09/25 11:00:00,Annuel,Année,Total,Moins de 1 an,Pays-Bas,2013,81.4,,
ESTAT:TPS00205(1.0),11/09/25 11:00:00,Annuel,Année,Total,Moins de 1 an,Pays-Bas,2014,81.8,,
ESTAT:TPS00205(1.0),11/09/25 11:00:00,Annuel,Année,Total,Moins de 1 an,Pays-Bas,2015,81.6,,
ESTAT:TPS00205(1.0),11/09/25 11:00:00,Annuel,Année,Total,Moins de 1 an,Pays-Bas,2016,81.7,,
ESTAT:TPS00205(1.0),11/09/25 11:00:00,Annuel,Année,Total,Moins de 1 an,Pays-Bas,2017,81.8,,
ESTAT:TPS00205(1.0),11/09/25 11:00:00,Annuel,Année,Total,Moins de 1 an,Pays-Bas,2018,81.9,,
ESTAT:TPS00205(1.0),11/09/25 11:00:00,Annuel,Année,Total,Moins de 1 an,Pays-Bas,2019,82.2,,
ESTAT:TPS00205(1.0),11/09/25 11:00:00,Annuel,Année,Total,Moins de 1 an,Pays-Bas,2020,81.4,,
ESTAT:TPS00205(1.0),11/09/25 11:00:00,Annuel,Année,Total,Moins de 1 an,Pays-Bas,2021,81.4,,
ESTAT:TPS00205(1.0),11/09/25 11:00:00,Annuel,Année,Total,Moins de 1 an,Pays-Bas,2022,81.7,,
ESTAT:TPS00205(1.0),11/09/25 11:00:00,Annuel,Année,Total,Moins de 1 an,Pays-Bas,2023,81.9,,
ESTAT:TPS00205(1.0),11/09/25 11:00:00,Annuel,Année,Total,Moins de 1 an,Pays-Bas,2024,82.0,ip,
ESTAT:TPS00205(1.0),11/09/25 11:00:00,Annuel,Année,Total,Moins de 1 an,Norvège,2013,81.8,,
ESTAT:TPS00205(1.0),11/09/25 11:00:00,Annuel,Année,Total,Moins de 1 an,Norvège,2014,82.2,,
ESTAT:TPS00205(1.0),11/09/25 11:00:00,Annuel,Année,Total,Moins de 1 an,Norvège,2015,82.4,,
ESTAT:TPS00205(1.0),11/09/25 11:00:00,Annuel,Année,Total,Moins de 1 an,Norvège,2016,82.5,,
ESTAT:TPS00205(1.0),11/09/25 11:00:00,Annuel,Année,Total,Moins de 1 an,Norvège,2017,82.7,,
ESTAT:TPS00205(1.0),11/09/25 11:00:00,Annuel,Année,Total,Moins de 1 an,Norvège,2018,82.8,,
ESTAT:TPS00205(1.0),11/09/25 11:00:00,Annuel,Année,Total,Moins de 1 an,Norvège,2019,83.0,,
ESTAT:TPS00205(1.0),11/09/25 11:00:00,Annuel,Année,Total,Moins de 1 an,Norvège,2020,83.3,,
ESTAT:TPS00205(1.0),11/09/25 11:00:00,Annuel,Année,Total,Moins de 1 an,Norvège,2021,83.2,,
ESTAT:TPS00205(1.0),11/09/25 11:00:00,Annuel,Année,Total,Moins de 1 an,Norvège,2022,82.5,,
ESTAT:TPS00205(1.0),11/09/25 11:00:00,Annuel,Année,Total,Moins de 1 an,Norvège,2023,83.1,,
ESTAT:TPS00205(1.0),11/09/25 11:00:00,Annuel,Année,Total,Moins de 1 an,Norvège,2024,83.3,ip,
ESTAT:TPS00205(1.0),11/09/25 11:00:00,Annuel,Année,Total,Moins de 1 an,Pologne,2013,77.1,,
ESTAT:TPS00205(1.0),11/09/25 11:00:00,Annuel,Année,Total,Moins de 1 an,Pologne,2014,77.8,,
ESTAT:TPS00205(1.0),11/09/25 11:00:00,Annuel,Année,Total,Moins de 1 an,Pologne,2015,77.5,,
ESTAT:TPS00205(1.0),11/09/25 11:00:00,Annuel,Année,Total,Moins de 1 an,Pologne,2016,78.0,,
ESTAT:TPS00205(1.0),11/09/25 11:00:00,Annuel,Année,Total,Moins de 1 an,Pologne,2017,77.8,,
ESTAT:TPS00205(1.0),11/09/25 11:00:00,Annuel,Année,Total,Moins de 1 an,Pologne,2018,77.7,,
ESTAT:TPS00205(1.0),11/09/25 11:00:00,Annuel,Année,Total,Moins de 1 an,Pologne,2019,78.0,,
ESTAT:TPS00205(1.0),11/09/25 11:00:00,Annuel,Année,Total,Moins de 1 an,Pologne,2020,76.4,bep,
ESTAT:TPS00205(1.0),11/09/25 11:00:00,Annuel,Année,Total,Moins de 1 an,Pologne,2021,75.4,bep,
ESTAT:TPS00205(1.0),11/09/25 11:00:00,Annuel,Année,Total,Moins de 1 an,Pologne,2022,77.2,b,
ESTAT:TPS00205(1.0),11/09/25 11:00:00,Annuel,Année,Total,Moins de 1 an,Pologne,2023,78.4,ep,
ESTAT:TPS00205(1.0),11/09/25 11:00:00,Annuel,Année,Total,Moins de 1 an,Pologne,2024,78.7,ip,
ESTAT:TPS00205(1.0),11/09/25 11:00:00,Annuel,Année,Total,Moins de 1 an,Portugal,2013,80.9,,
ESTAT:TPS00205(1.0),11/09/25 11:00:00,Annuel,Année,Total,Moins de 1 an,Portugal,2014,81.3,,
ESTAT:TPS00205(1.0),11/09/25 11:00:00,Annuel,Année,Total,Moins de 1 an,Portugal,2015,81.3,,
ESTAT:TPS00205(1.0),11/09/25 11:00:00,Annuel,Année,Total,Moins de 1 an,Portugal,2016,81.3,,
ESTAT:TPS00205(1.0),11/09/25 11:00:00,Annuel,Année,Total,Moins de 1 an,Portugal,2017,81.6,,
ESTAT:TPS00205(1.0),11/09/25 11:00:00,Annuel,Année,Total,Moins de 1 an,Portugal,2018,81.5,,
ESTAT:TPS00205(1.0),11/09/25 11:00:00,Annuel,Année,Total,Moins de 1 an,Portugal,2019,81.9,,
ESTAT:TPS00205(1.0),11/09/25 11:00:00,Annuel,Année,Total,Moins de 1 an,Portugal,2020,81.5,b,
ESTAT:TPS00205(1.0),11/09/25 11:00:00,Annuel,Année,Total,Moins de 1 an,Portugal,2021,81.5,,
ESTAT:TPS00205(1.0),11/09/25 11:00:00,Annuel,Année,Total,Moins de 1 an,Portugal,2022,81.8,bp,
ESTAT:TPS00205(1.0),11/09/25 11:00:00,Annuel,Année,Total,Moins de 1 an,Portugal,2023,82.5,,
ESTAT:TPS00205(1.0),11/09/25 11:00:00,Annuel,Année,Total,Moins de 1 an,Portugal,2024,82.7,ip,
ESTAT:TPS00205(1.0),11/09/25 11:00:00,Annuel,Année,Total,Moins de 1 an,Roumanie,2013,75.1,,
ESTAT:TPS00205(1.0),11/09/25 11:00:00,Annuel,Année,Total,Moins de 1 an,Roumanie,2014,75.0,,
ESTAT:TPS00205(1.0),11/09/25 11:00:00,Annuel,Année,Total,Moins de 1 an,Roumanie,2015,74.9,,
ESTAT:TPS00205(1.0),11/09/25 11:00:00,Annuel,Année,Total,Moins de 1 an,Roumanie,2016,75.2,,
ESTAT:TPS00205(1.0),11/09/25 11:00:00,Annuel,Année,Total,Moins de 1 an,Roumanie,2017,75.2,,
ESTAT:TPS00205(1.0),11/09/25 11:00:00,Annuel,Année,Total,Moins de 1 an,Roumanie,2018,75.3,,
ESTAT:TPS00205(1.0),11/09/25 11:00:00,Annuel,Année,Total,Moins de 1 an,Roumanie,2019,75.6,e,
ESTAT:TPS00205(1.0),11/09/25 11:00:00,Annuel,Année,Total,Moins de 1 an,Roumanie,2020,74.2,e,
ESTAT:TPS00205(1.0),11/09/25 11:00:00,Annuel,Année,Total,Moins de 1 an,Roumanie,2021,72.8,e,
ESTAT:TPS00205(1.0),11/09/25 11:00:00,Annuel,Année,Total,Moins de 1 an,Roumanie,2022,75.1,e,
ESTAT:TPS00205(1.0),11/09/25 11:00:00,Annuel,Année,Total,Moins de 1 an,Roumanie,2023,76.4,e,
ESTAT:TPS00205(1.0),11/09/25 11:00:00,Annuel,Année,Total,Moins de 1 an,Roumanie,2024,76.6,ip,
ESTAT:TPS00205(1.0),11/09/25 11:00:00,Annuel,Année,Total,Moins de 1 an,Serbie,2013,75.3,,
ESTAT:TPS00205(1.0),11/09/25 11:00:00,Annuel,Année,Total,Moins de 1 an,Serbie,2014,75.4,,
ESTAT:TPS00205(1.0),11/09/25 11:00:00,Annuel,Année,Total,Moins de 1 an,Serbie,2015,75.3,,
ESTAT:TPS00205(1.0),11/09/25 11:00:00,Annuel,Année,Total,Moins de 1 an,Serbie,2016,75.7,,
ESTAT:TPS00205(1.0),11/09/25 11:00:00,Annuel,Année,Total,Moins de 1 an,Serbie,2017,75.6,,
ESTAT:TPS00205(1.0),11/09/25 11:00:00,Annuel,Année,Total,Moins de 1 an,Serbie,2018,75.9,,
ESTAT:TPS00205(1.0),11/09/25 11:00:00,Annuel,Année,Total,Moins de 1 an,Serbie,2019,76.0,,
ESTAT:TPS00205(1.0),11/09/25 11:00:00,Annuel,Année,Total,Moins de 1 an,Serbie,2020,74.5,,
ESTAT:TPS00205(1.0),11/09/25 11:00:00,Annuel,Année,Total,Moins de 1 an,Serbie,2021,72.8,,
ESTAT:TPS00205(1.0),11/09/25 11:00:00,Annuel,Année,Total,Moins de 1 an,Serbie,2022,75.2,b,
ESTAT:TPS00205(1.0),11/09/25 11:00:00,Annuel,Année,Total,Moins de 1 an,Serbie,2023,76.2,b,
ESTAT:TPS00205(1.0),11/09/25 11:00:00,Annuel,Année,Total,Moins de 1 an,Suède,2013,82.0,,
ESTAT:TPS00205(1.0),11/09/25 11:00:00,Annuel,Année,Total,Moins de 1 an,Suède,2014,82.3,,
ESTAT:TPS00205(1.0),11/09/25 11:00:00,Annuel,Année,Total,Moins de 1 an,Suède,2015,82.2,,
ESTAT:TPS00205(1.0),11/09/25 11:00:00,Annuel,Année,Total,Moins de 1 an,Suède,2016,82.4,,
ESTAT:TPS00205(1.0),11/09/25 11:00:00,Annuel,Année,Total,Moins de 1 an,Suède,2017,82.5,,
ESTAT:TPS00205(1.0),11/09/25 11:00:00,Annuel,Année,Total,Moins de 1 an,Suède,2018,82.6,,
ESTAT:TPS00205(1.0),11/09/25 11:00:00,Annuel,Année,Total,Moins de 1 an,Suède,2019,83.2,,
ESTAT:TPS00205(1.0),11/09/25 11:00:00,Annuel,Année,Total,Moins de 1 an,Suède,2020,82.4,,
ESTAT:TPS00205(1.0),11/09/25 11:00:00,Annuel,Année,Total,Moins de 1 an,Suède,2021,83.1,,
ESTAT:TPS00205(1.0),11/09/25 11:00:00,Annuel,Année,Total,Moins de 1 an,Suède,2022,83.1,,
ESTAT:TPS00205(1.0),11/09/25 11:00:00,Annuel,Année,Total,Moins de 1 an,Suède,2023,83.4,,
ESTAT:TPS00205(1.0),11/09/25 11:00:00,Annuel,Année,Total,Moins de 1 an,Suède,2024,84.1,ip,
ESTAT:TPS00205(1.0),11/09/25 11:00:00,Annuel,Année,Total,Moins de 1 an,Slovénie,2013,80.5,,
ESTAT:TPS00205(1.0),11/09/25 11:00:00,Annuel,Année,Total,Moins de 1 an,Slovénie,2014,81.2,,
ESTAT:TPS00205(1.0),11/09/25 11:00:00,Annuel,Année,Total,Moins de 1 an,Slovénie,2015,80.9,,
ESTAT:TPS00205(1.0),11/09/25 11:00:00,Annuel,Année,Total,Moins de 1 an,Slovénie,2016,81.2,,
ESTAT:TPS00205(1.0),11/09/25 11:00:00,Annuel,Année,Total,Moins de 1 an,Slovénie,2017,81.2,,
ESTAT:TPS00205(1.0),11/09/25 11:00:00,Annuel,Année,Total,Moins de 1 an,Slovénie,2018,81.5,,
ESTAT:TPS00205(1.0),11/09/25 11:00:00,Annuel,Année,Total,Moins de 1 an,Slovénie,2019,81.6,,
ESTAT:TPS00205(1.0),11/09/25 11:00:00,Annuel,Année,Total,Moins de 1 an,Slovénie,2020,80.6,,
ESTAT:TPS00205(1.0),11/09/25 11:00:00,Annuel,Année,Total,Moins de 1 an,Slovénie,2021,80.7,,
ESTAT:TPS00205(1.0),11/09/25 11:00:00,Annuel,Année,Total,Moins de 1 an,Slovénie,2022,81.3,,
ESTAT:TPS00205(1.0),11/09/25 11:00:00,Annuel,Année,Total,Moins de 1 an,Slovénie,2023,82.0,,
ESTAT:TPS00205(1.0),11/09/25 11:00:00,Annuel,Année,Total,Moins de 1 an,Slovénie,2024,82.3,ip,
ESTAT:TPS00205(1.0),11/09/25 11:00:00,Annuel,Année,Total,Moins de 1 an,Slovaquie,2013,76.6,,
ESTAT:TPS00205(1.0),11/09/25 11:00:00,Annuel,Année,Total,Moins de 1 an,Slovaquie,2014,77.0,,
ESTAT:TPS00205(1.0),11/09/25 11:00:00,Annuel,Année,Total,Moins de 1 an,Slovaquie,2015,76.7,,
ESTAT:TPS00205(1.0),11/09/25 11:00:00,Annuel,Année,Total,Moins de 1 an,Slovaquie,2016,77.3,,
ESTAT:TPS00205(1.0),11/09/25 11:00:00,Annuel,Année,Total,Moins de 1 an,Slovaquie,2017,77.3,,
ESTAT:TPS00205(1.0),11/09/25 11:00:00,Annuel,Année,Total,Moins de 1 an,Slovaquie,2018,77.4,,
ESTAT:TPS00205(1.0),11/09/25 11:00:00,Annuel,Année,Total,Moins de 1 an,Slovaquie,2019,77.8,,
ESTAT:TPS00205(1.0),11/09/25 11:00:00,Annuel,Année,Total,Moins de 1 an,Slovaquie,2020,77.0,,
ESTAT:TPS00205(1.0),11/09/25 11:00:00,Annuel,Année,Total,Moins de 1 an,Slovaquie,2021,74.6,,
ESTAT:TPS00205(1.0),11/09/25 11:00:00,Annuel,Année,Total,Moins de 1 an,Slovaquie,2022,77.0,,
ESTAT:TPS00205(1.0),11/09/25 11:00:00,Annuel,Année,Total,Moins de 1 an,Slovaquie,2023,78.2,,
ESTAT:TPS00205(1.0),11/09/25 11:00:00,Annuel,Année,Total,Moins de 1 an,Slovaquie,2024,78.6,ip,
ESTAT:TPS00205(1.0),11/09/25 11:00:00,Annuel,Année,Total,Moins de 1 an,Turquie,2013,78.2,,
ESTAT:TPS00205(1.0),11/09/25 11:00:00,Annuel,Année,Total,Moins de 1 an,Turquie,2014,78.1,,
ESTAT:TPS00205(1.0),11/09/25 11:00:00,Annuel,Année,Total,Moins de 1 an,Turquie,2015,78.2,,
ESTAT:TPS00205(1.0),11/09/25 11:00:00,Annuel,Année,Total,Moins de 1 an,Turquie,2016,78.1,,
ESTAT:TPS00205(1.0),11/09/25 11:00:00,Annuel,Année,Total,Moins de 1 an,Turquie,2017,78.5,,
ESTAT:TPS00205(1.0),11/09/25 11:00:00,Annuel,Année,Total,Moins de 1 an,Turquie,2018,78.9,,
ESTAT:TPS00205(1.0),11/09/25 11:00:00,Annuel,Année,Total,Moins de 1 an,Turquie,2019,79.1,,
ESTAT:TPS00205(1.0),11/09/25 11:00:00,Annuel,Année,Total,Moins de 1 an,Turquie,2022,76.3,,
ESTAT:TPS00205(1.0),11/09/25 11:00:00,Annuel,Année,Total,Moins de 1 an,Turquie,2023,77.3,,
ESTAT:TPS00205(1.0),11/09/25 11:00:00,Annuel,Année,Total,Moins de 1 an,Ukraine,2014,71.8,,
ESTAT:TPS00205(1.0),11/09/25 11:00:00,Annuel,Année,Total,Moins de 1 an,Ukraine,2015,72.5,,
ESTAT:TPS00205(1.0),11/09/25 11:00:00,Annuel,Année,Total,Moins de 1 an,Ukraine,2016,72.9,,
ESTAT:TPS00205(1.0),11/09/25 11:00:00,Annuel,Année,Total,Moins de 1 an,Ukraine,2017,73.3,,
ESTAT:TPS00205(1.0),11/09/25 11:00:00,Annuel,Année,Total,Moins de 1 an,Ukraine,2018,73.2,,
ESTAT:TPS00205(1.0),11/09/25 11:00:00,Annuel,Année,Total,Moins de 1 an,Ukraine,2019,73.4,,
ESTAT:TPS00205(1.0),11/09/25 11:00:00,Annuel,Année,Total,Moins de 1 an,United Kingdom,2013,81.1,,
ESTAT:TPS00205(1.0),11/09/25 11:00:00,Annuel,Année,Total,Moins de 1 an,United Kingdom,2014,81.4,,
ESTAT:TPS00205(1.0),11/09/25 11:00:00,Annuel,Année,Total,Moins de 1 an,United Kingdom,2015,81.0,,
ESTAT:TPS00205(1.0),11/09/25 11:00:00,Annuel,Année,Total,Moins de 1 an,United Kingdom,2016,81.2,,
ESTAT:TPS00205(1.0),11/09/25 11:00:00,Annuel,Année,Total,Moins de 1 an,United Kingdom,2017,81.3,,
ESTAT:TPS00205(1.0),11/09/25 11:00:00,Annuel,Année,Total,Moins de 1 an,United Kingdom,2018,81.3,,
ESTAT:TPS00205(1.0),11/09/25 11:00:00,Annuel,Année,Total,Moins de 1 an,Kosovo*,2016,78.6,p,
