DATAFLOW,LAST UPDATE,freq,na_item,unit,geo,TIME_PERIOD,OBS_VALUE,OBS_FLAG,CONF_STATUS
ESTAT:TEC00011(1.0),08/01/26 23:00:00,Annuel,Formation brute de capital fixe,Pourcentage du produit intérieur brut (PIB),Albanie,2013,27.8,,
ESTAT:TEC00011(1.0),08/01/26 23:00:00,Annuel,Formation brute de capital fixe,Pourcentage du produit intérieur brut (PIB),Albanie,2014,26.5,,
ESTAT:TEC00011(1.0),08/01/26 23:00:00,Annuel,Formation brute de capital fixe,Pourcentage du produit intérieur brut (PIB),Albanie,2015,26.1,,
ESTAT:TEC00011(1.0),08/01/26 23:00:00,Annuel,Formation brute de capital fixe,Pourcentage du produit intérieur brut (PIB),Albanie,2016,25.6,,
ESTAT:TEC00011(1.0),08/01/26 23:00:00,Annuel,Formation brute de capital fixe,Pourcentage du produit intérieur brut (PIB),Albanie,2017,26.3,,
ESTAT:TEC00011(1.0),08/01/26 23:00:00,Annuel,Formation brute de capital fixe,Pourcentage du produit intérieur brut (PIB),Albanie,2018,25.9,,
ESTAT:TEC00011(1.0),08/01/26 23:00:00,Annuel,Formation brute de capital fixe,Pourcentage du produit intérieur brut (PIB),Albanie,2019,24.6,,
ESTAT:TEC00011(1.0),08/01/26 23:00:00,Annuel,Formation brute de capital fixe,Pourcentage du produit intérieur brut (PIB),Albanie,2020,25.2,,
ESTAT:TEC00011(1.0),08/01/26 23:00:00,Annuel,Formation brute de capital fixe,Pourcentage du produit intérieur brut (PIB),Albanie,2021,27.2,,
ESTAT:TEC00011(1.0),08/01/26 23:00:00,Annuel,Formation brute de capital fixe,Pourcentage du produit intérieur brut (PIB),Albanie,2022,25.7,,
ESTAT:TEC00011(1.0),08/01/26 23:00:00,Annuel,Formation brute de capital fixe,Pourcentage du produit intérieur brut (PIB),Albanie,2023,24.3,,
ESTAT:TEC00011(1.0),08/01/26 23:00:00,Annuel,Formation brute de capital fixe,Pourcentage du produit intérieur brut (PIB),Albanie,2024,24.4,p,
ESTAT:TEC00011(1.0),08/01/26 23:00:00,Annuel,Formation brute de capital fixe,Pourcentage du produit intérieur brut (PIB),Autriche,2013,23.3,,
ESTAT:TEC00011(1.0),08/01/26 23:00:00,Annuel,Formation brute de capital fixe,Pourcentage du produit intérieur brut (PIB),Autriche,2014,23.0,,
ESTAT:TEC00011(1.0),08/01/26 23:00:00,Annuel,Formation brute de capital fixe,Pourcentage du produit intérieur brut (PIB),Autriche,2015,22.9,,
ESTAT:TEC00011(1.0),08/01/26 23:00:00,Annuel,Formation brute de capital fixe,Pourcentage du produit intérieur brut (PIB),Autriche,2016,23.3,,
ESTAT:TEC00011(1.0),08/01/26 23:00:00,Annuel,Formation brute de capital fixe,Pourcentage du produit intérieur brut (PIB),Autriche,2017,23.8,,
ESTAT:TEC00011(1.0),08/01/26 23:00:00,Annuel,Formation brute de capital fixe,Pourcentage du produit intérieur brut (PIB),Autriche,2018,24.3,,
ESTAT:TEC00011(1.0),08/01/26 23:00:00,Annuel,Formation brute de capital fixe,Pourcentage du produit intérieur brut (PIB),Autriche,2019,25.1,,
ESTAT:TEC00011(1.0),08/01/26 23:00:00,Annuel,Formation brute de capital fixe,Pourcentage du produit intérieur brut (PIB),Autriche,2020,25.1,,
ESTAT:TEC00011(1.0),08/01/26 23:00:00,Annuel,Formation brute de capital fixe,Pourcentage du produit intérieur brut (PIB),Autriche,2021,25.9,,
ESTAT:TEC00011(1.0),08/01/26 23:00:00,Annuel,Formation brute de capital fixe,Pourcentage du produit intérieur brut (PIB),Autriche,2022,25.2,,
ESTAT:TEC00011(1.0),08/01/26 23:00:00,Annuel,Formation brute de capital fixe,Pourcentage du produit intérieur brut (PIB),Autriche,2023,24.7,,
ESTAT:TEC00011(1.0),08/01/26 23:00:00,Annuel,Formation brute de capital fixe,Pourcentage du produit intérieur brut (PIB),Autriche,2024,23.5,,
ESTAT:TEC00011(1.0),08/01/26 23:00:00,Annuel,Formation brute de capital fixe,Pourcentage du produit intérieur brut (PIB),Bosnie-Herzégovine,2013,21.0,,
ESTAT:TEC00011(1.0),08/01/26 23:00:00,Annuel,Formation brute de capital fixe,Pourcentage du produit intérieur brut (PIB),Bosnie-Herzégovine,2014,22.9,,
ESTAT:TEC00011(1.0),08/01/26 23:00:00,Annuel,Formation brute de capital fixe,Pourcentage du produit intérieur brut (PIB),Bosnie-Herzégovine,2015,20.9,b,
ESTAT:TEC00011(1.0),08/01/26 23:00:00,Annuel,Formation brute de capital fixe,Pourcentage du produit intérieur brut (PIB),Bosnie-Herzégovine,2016,20.5,,
ESTAT:TEC00011(1.0),08/01/26 23:00:00,Annuel,Formation brute de capital fixe,Pourcentage du produit intérieur brut (PIB),Bosnie-Herzégovine,2017,21.7,,
ESTAT:TEC00011(1.0),08/01/26 23:00:00,Annuel,Formation brute de capital fixe,Pourcentage du produit intérieur brut (PIB),Bosnie-Herzégovine,2018,22.4,,
ESTAT:TEC00011(1.0),08/01/26 23:00:00,Annuel,Formation brute de capital fixe,Pourcentage du produit intérieur brut (PIB),Bosnie-Herzégovine,2019,22.7,,
ESTAT:TEC00011(1.0),08/01/26 23:00:00,Annuel,Formation brute de capital fixe,Pourcentage du produit intérieur brut (PIB),Bosnie-Herzégovine,2020,22.1,,
ESTAT:TEC00011(1.0),08/01/26 23:00:00,Annuel,Formation brute de capital fixe,Pourcentage du produit intérieur brut (PIB),Bosnie-Herzégovine,2021,21.5,,
ESTAT:TEC00011(1.0),08/01/26 23:00:00,Annuel,Formation brute de capital fixe,Pourcentage du produit intérieur brut (PIB),Bosnie-Herzégovine,2022,22.1,,
ESTAT:TEC00011(1.0),08/01/26 23:00:00,Annuel,Formation brute de capital fixe,Pourcentage du produit intérieur brut (PIB),Bosnie-Herzégovine,2023,23.1,,
ESTAT:TEC00011(1.0),08/01/26 23:00:00,Annuel,Formation brute de capital fixe,Pourcentage du produit intérieur brut (PIB),Bosnie-Herzégovine,2024,24.7,,
ESTAT:TEC00011(1.0),08/01/26 23:00:00,Annuel,Formation brute de capital fixe,Pourcentage du produit intérieur brut (PIB),Belgique,2013,22.2,,
ESTAT:TEC00011(1.0),08/01/26 23:00:00,Annuel,Formation brute de capital fixe,Pourcentage du produit intérieur brut (PIB),Belgique,2014,22.8,,
ESTAT:TEC00011(1.0),08/01/26 23:00:00,Annuel,Formation brute de capital fixe,Pourcentage du produit intérieur brut (PIB),Belgique,2015,23.2,,
ESTAT:TEC00011(1.0),08/01/26 23:00:00,Annuel,Formation brute de capital fixe,Pourcentage du produit intérieur brut (PIB),Belgique,2016,23.5,,
ESTAT:TEC00011(1.0),08/01/26 23:00:00,Annuel,Formation brute de capital fixe,Pourcentage du produit intérieur brut (PIB),Belgique,2017,23.5,,
ESTAT:TEC00011(1.0),08/01/26 23:00:00,Annuel,Formation brute de capital fixe,Pourcentage du produit intérieur brut (PIB),Belgique,2018,23.8,,
ESTAT:TEC00011(1.0),08/01/26 23:00:00,Annuel,Formation brute de capital fixe,Pourcentage du produit intérieur brut (PIB),Belgique,2019,24.2,,
ESTAT:TEC00011(1.0),08/01/26 23:00:00,Annuel,Formation brute de capital fixe,Pourcentage du produit intérieur brut (PIB),Belgique,2020,24.0,,
ESTAT:TEC00011(1.0),08/01/26 23:00:00,Annuel,Formation brute de capital fixe,Pourcentage du produit intérieur brut (PIB),Belgique,2021,23.9,,
ESTAT:TEC00011(1.0),08/01/26 23:00:00,Annuel,Formation brute de capital fixe,Pourcentage du produit intérieur brut (PIB),Belgique,2022,23.9,,
ESTAT:TEC00011(1.0),08/01/26 23:00:00,Annuel,Formation brute de capital fixe,Pourcentage du produit intérieur brut (PIB),Belgique,2023,24.2,,
ESTAT:TEC00011(1.0),08/01/26 23:00:00,Annuel,Formation brute de capital fixe,Pourcentage du produit intérieur brut (PIB),Belgique,2024,24.2,p,
ESTAT:TEC00011(1.0),08/01/26 23:00:00,Annuel,Formation brute de capital fixe,Pourcentage du produit intérieur brut (PIB),Bulgarie,2013,21.2,,
ESTAT:TEC00011(1.0),08/01/26 23:00:00,Annuel,Formation brute de capital fixe,Pourcentage du produit intérieur brut (PIB),Bulgarie,2014,21.1,,
ESTAT:TEC00011(1.0),08/01/26 23:00:00,Annuel,Formation brute de capital fixe,Pourcentage du produit intérieur brut (PIB),Bulgarie,2015,20.9,,
ESTAT:TEC00011(1.0),08/01/26 23:00:00,Annuel,Formation brute de capital fixe,Pourcentage du produit intérieur brut (PIB),Bulgarie,2016,18.4,,
ESTAT:TEC00011(1.0),08/01/26 23:00:00,Annuel,Formation brute de capital fixe,Pourcentage du produit intérieur brut (PIB),Bulgarie,2017,18.3,,
ESTAT:TEC00011(1.0),08/01/26 23:00:00,Annuel,Formation brute de capital fixe,Pourcentage du produit intérieur brut (PIB),Bulgarie,2018,18.8,,
ESTAT:TEC00011(1.0),08/01/26 23:00:00,Annuel,Formation brute de capital fixe,Pourcentage du produit intérieur brut (PIB),Bulgarie,2019,18.7,,
ESTAT:TEC00011(1.0),08/01/26 23:00:00,Annuel,Formation brute de capital fixe,Pourcentage du produit intérieur brut (PIB),Bulgarie,2020,19.0,,
ESTAT:TEC00011(1.0),08/01/26 23:00:00,Annuel,Formation brute de capital fixe,Pourcentage du produit intérieur brut (PIB),Bulgarie,2021,16.3,,
ESTAT:TEC00011(1.0),08/01/26 23:00:00,Annuel,Formation brute de capital fixe,Pourcentage du produit intérieur brut (PIB),Bulgarie,2022,17.0,,
ESTAT:TEC00011(1.0),08/01/26 23:00:00,Annuel,Formation brute de capital fixe,Pourcentage du produit intérieur brut (PIB),Bulgarie,2023,18.7,,
ESTAT:TEC00011(1.0),08/01/26 23:00:00,Annuel,Formation brute de capital fixe,Pourcentage du produit intérieur brut (PIB),Bulgarie,2024,18.3,,
ESTAT:TEC00011(1.0),08/01/26 23:00:00,Annuel,Formation brute de capital fixe,Pourcentage du produit intérieur brut (PIB),Suisse,2013,26.2,,
ESTAT:TEC00011(1.0),08/01/26 23:00:00,Annuel,Formation brute de capital fixe,Pourcentage du produit intérieur brut (PIB),Suisse,2014,26.3,,
ESTAT:TEC00011(1.0),08/01/26 23:00:00,Annuel,Formation brute de capital fixe,Pourcentage du produit intérieur brut (PIB),Suisse,2015,26.5,,
ESTAT:TEC00011(1.0),08/01/26 23:00:00,Annuel,Formation brute de capital fixe,Pourcentage du produit intérieur brut (PIB),Suisse,2016,26.7,,
ESTAT:TEC00011(1.0),08/01/26 23:00:00,Annuel,Formation brute de capital fixe,Pourcentage du produit intérieur brut (PIB),Suisse,2017,27.5,,
ESTAT:TEC00011(1.0),08/01/26 23:00:00,Annuel,Formation brute de capital fixe,Pourcentage du produit intérieur brut (PIB),Suisse,2018,27.0,,
ESTAT:TEC00011(1.0),08/01/26 23:00:00,Annuel,Formation brute de capital fixe,Pourcentage du produit intérieur brut (PIB),Suisse,2019,27.0,,
ESTAT:TEC00011(1.0),08/01/26 23:00:00,Annuel,Formation brute de capital fixe,Pourcentage du produit intérieur brut (PIB),Suisse,2020,27.6,,
ESTAT:TEC00011(1.0),08/01/26 23:00:00,Annuel,Formation brute de capital fixe,Pourcentage du produit intérieur brut (PIB),Suisse,2021,26.8,,
ESTAT:TEC00011(1.0),08/01/26 23:00:00,Annuel,Formation brute de capital fixe,Pourcentage du produit intérieur brut (PIB),Suisse,2022,26.3,,
ESTAT:TEC00011(1.0),08/01/26 23:00:00,Annuel,Formation brute de capital fixe,Pourcentage du produit intérieur brut (PIB),Suisse,2023,26.9,p,
ESTAT:TEC00011(1.0),08/01/26 23:00:00,Annuel,Formation brute de capital fixe,Pourcentage du produit intérieur brut (PIB),Suisse,2024,26.5,p,
ESTAT:TEC00011(1.0),08/01/26 23:00:00,Annuel,Formation brute de capital fixe,Pourcentage du produit intérieur brut (PIB),Chypre,2013,14.1,,
ESTAT:TEC00011(1.0),08/01/26 23:00:00,Annuel,Formation brute de capital fixe,Pourcentage du produit intérieur brut (PIB),Chypre,2014,13.3,,
ESTAT:TEC00011(1.0),08/01/26 23:00:00,Annuel,Formation brute de capital fixe,Pourcentage du produit intérieur brut (PIB),Chypre,2015,12.8,,
ESTAT:TEC00011(1.0),08/01/26 23:00:00,Annuel,Formation brute de capital fixe,Pourcentage du produit intérieur brut (PIB),Chypre,2016,18.0,,
ESTAT:TEC00011(1.0),08/01/26 23:00:00,Annuel,Formation brute de capital fixe,Pourcentage du produit intérieur brut (PIB),Chypre,2017,20.8,,
ESTAT:TEC00011(1.0),08/01/26 23:00:00,Annuel,Formation brute de capital fixe,Pourcentage du produit intérieur brut (PIB),Chypre,2018,18.6,,
ESTAT:TEC00011(1.0),08/01/26 23:00:00,Annuel,Formation brute de capital fixe,Pourcentage du produit intérieur brut (PIB),Chypre,2019,18.7,,
ESTAT:TEC00011(1.0),08/01/26 23:00:00,Annuel,Formation brute de capital fixe,Pourcentage du produit intérieur brut (PIB),Chypre,2020,20.8,,
ESTAT:TEC00011(1.0),08/01/26 23:00:00,Annuel,Formation brute de capital fixe,Pourcentage du produit intérieur brut (PIB),Chypre,2021,19.2,,
ESTAT:TEC00011(1.0),08/01/26 23:00:00,Annuel,Formation brute de capital fixe,Pourcentage du produit intérieur brut (PIB),Chypre,2022,20.4,,
ESTAT:TEC00011(1.0),08/01/26 23:00:00,Annuel,Formation brute de capital fixe,Pourcentage du produit intérieur brut (PIB),Chypre,2023,22.0,,
ESTAT:TEC00011(1.0),08/01/26 23:00:00,Annuel,Formation brute de capital fixe,Pourcentage du produit intérieur brut (PIB),Chypre,2024,20.5,p,
ESTAT:TEC00011(1.0),08/01/26 23:00:00,Annuel,Formation brute de capital fixe,Pourcentage du produit intérieur brut (PIB),Tchéquie,2013,24.8,,
ESTAT:TEC00011(1.0),08/01/26 23:00:00,Annuel,Formation brute de capital fixe,Pourcentage du produit intérieur brut (PIB),Tchéquie,2014,24.7,,
ESTAT:TEC00011(1.0),08/01/26 23:00:00,Annuel,Formation brute de capital fixe,Pourcentage du produit intérieur brut (PIB),Tchéquie,2015,25.7,,
ESTAT:TEC00011(1.0),08/01/26 23:00:00,Annuel,Formation brute de capital fixe,Pourcentage du produit intérieur brut (PIB),Tchéquie,2016,24.3,,
ESTAT:TEC00011(1.0),08/01/26 23:00:00,Annuel,Formation brute de capital fixe,Pourcentage du produit intérieur brut (PIB),Tchéquie,2017,23.7,,
ESTAT:TEC00011(1.0),08/01/26 23:00:00,Annuel,Formation brute de capital fixe,Pourcentage du produit intérieur brut (PIB),Tchéquie,2018,24.8,,
ESTAT:TEC00011(1.0),08/01/26 23:00:00,Annuel,Formation brute de capital fixe,Pourcentage du produit intérieur brut (PIB),Tchéquie,2019,25.8,,
ESTAT:TEC00011(1.0),08/01/26 23:00:00,Annuel,Formation brute de capital fixe,Pourcentage du produit intérieur brut (PIB),Tchéquie,2020,25.5,,
ESTAT:TEC00011(1.0),08/01/26 23:00:00,Annuel,Formation brute de capital fixe,Pourcentage du produit intérieur brut (PIB),Tchéquie,2021,26.2,,
ESTAT:TEC00011(1.0),08/01/26 23:00:00,Annuel,Formation brute de capital fixe,Pourcentage du produit intérieur brut (PIB),Tchéquie,2022,27.7,,
ESTAT:TEC00011(1.0),08/01/26 23:00:00,Annuel,Formation brute de capital fixe,Pourcentage du produit intérieur brut (PIB),Tchéquie,2023,27.9,,
ESTAT:TEC00011(1.0),08/01/26 23:00:00,Annuel,Formation brute de capital fixe,Pourcentage du produit intérieur brut (PIB),Tchéquie,2024,26.5,,
ESTAT:TEC00011(1.0),08/01/26 23:00:00,Annuel,Formation brute de capital fixe,Pourcentage du produit intérieur brut (PIB),Allemagne,2013,19.6,,
ESTAT:TEC00011(1.0),08/01/26 23:00:00,Annuel,Formation brute de capital fixe,Pourcentage du produit intérieur brut (PIB),Allemagne,2014,19.8,,
ESTAT:TEC00011(1.0),08/01/26 23:00:00,Annuel,Formation brute de capital fixe,Pourcentage du produit intérieur brut (PIB),Allemagne,2015,19.7,,
ESTAT:TEC00011(1.0),08/01/26 23:00:00,Annuel,Formation brute de capital fixe,Pourcentage du produit intérieur brut (PIB),Allemagne,2016,20.0,,
ESTAT:TEC00011(1.0),08/01/26 23:00:00,Annuel,Formation brute de capital fixe,Pourcentage du produit intérieur brut (PIB),Allemagne,2017,20.1,,
ESTAT:TEC00011(1.0),08/01/26 23:00:00,Annuel,Formation brute de capital fixe,Pourcentage du produit intérieur brut (PIB),Allemagne,2018,20.8,,
ESTAT:TEC00011(1.0),08/01/26 23:00:00,Annuel,Formation brute de capital fixe,Pourcentage du produit intérieur brut (PIB),Allemagne,2019,21.2,,
ESTAT:TEC00011(1.0),08/01/26 23:00:00,Annuel,Formation brute de capital fixe,Pourcentage du produit intérieur brut (PIB),Allemagne,2020,21.3,,
ESTAT:TEC00011(1.0),08/01/26 23:00:00,Annuel,Formation brute de capital fixe,Pourcentage du produit intérieur brut (PIB),Allemagne,2021,21.2,,
ESTAT:TEC00011(1.0),08/01/26 23:00:00,Annuel,Formation brute de capital fixe,Pourcentage du produit intérieur brut (PIB),Allemagne,2022,21.6,p,
ESTAT:TEC00011(1.0),08/01/26 23:00:00,Annuel,Formation brute de capital fixe,Pourcentage du produit intérieur brut (PIB),Allemagne,2023,21.2,p,
ESTAT:TEC00011(1.0),08/01/26 23:00:00,Annuel,Formation brute de capital fixe,Pourcentage du produit intérieur brut (PIB),Allemagne,2024,20.5,p,
ESTAT:TEC00011(1.0),08/01/26 23:00:00,Annuel,Formation brute de capital fixe,Pourcentage du produit intérieur brut (PIB),Danemark,2013,18.8,,
ESTAT:TEC00011(1.0),08/01/26 23:00:00,Annuel,Formation brute de capital fixe,Pourcentage du produit intérieur brut (PIB),Danemark,2014,19.3,,
ESTAT:TEC00011(1.0),08/01/26 23:00:00,Annuel,Formation brute de capital fixe,Pourcentage du produit intérieur brut (PIB),Danemark,2015,19.8,,
ESTAT:TEC00011(1.0),08/01/26 23:00:00,Annuel,Formation brute de capital fixe,Pourcentage du produit intérieur brut (PIB),Danemark,2016,21.0,,
ESTAT:TEC00011(1.0),08/01/26 23:00:00,Annuel,Formation brute de capital fixe,Pourcentage du produit intérieur brut (PIB),Danemark,2017,21.2,,
ESTAT:TEC00011(1.0),08/01/26 23:00:00,Annuel,Formation brute de capital fixe,Pourcentage du produit intérieur brut (PIB),Danemark,2018,21.8,,
ESTAT:TEC00011(1.0),08/01/26 23:00:00,Annuel,Formation brute de capital fixe,Pourcentage du produit intérieur brut (PIB),Danemark,2019,21.4,,
ESTAT:TEC00011(1.0),08/01/26 23:00:00,Annuel,Formation brute de capital fixe,Pourcentage du produit intérieur brut (PIB),Danemark,2020,22.2,,
ESTAT:TEC00011(1.0),08/01/26 23:00:00,Annuel,Formation brute de capital fixe,Pourcentage du produit intérieur brut (PIB),Danemark,2021,23.2,,
ESTAT:TEC00011(1.0),08/01/26 23:00:00,Annuel,Formation brute de capital fixe,Pourcentage du produit intérieur brut (PIB),Danemark,2022,23.1,,
ESTAT:TEC00011(1.0),08/01/26 23:00:00,Annuel,Formation brute de capital fixe,Pourcentage du produit intérieur brut (PIB),Danemark,2023,23.5,,
ESTAT:TEC00011(1.0),08/01/26 23:00:00,Annuel,Formation brute de capital fixe,Pourcentage du produit intérieur brut (PIB),Danemark,2024,23.3,,
ESTAT:TEC00011(1.0),08/01/26 23:00:00,Annuel,Formation brute de capital fixe,Pourcentage du produit intérieur brut (PIB),Zone euro - 19 pays (2015-2022),2013,19.3,,
ESTAT:TEC00011(1.0),08/01/26 23:00:00,Annuel,Formation brute de capital fixe,Pourcentage du produit intérieur brut (PIB),Zone euro - 19 pays (2015-2022),2014,19.3,,
ESTAT:TEC00011(1.0),08/01/26 23:00:00,Annuel,Formation brute de capital fixe,Pourcentage du produit intérieur brut (PIB),Zone euro - 19 pays (2015-2022),2015,19.7,,
ESTAT:TEC00011(1.0),08/01/26 23:00:00,Annuel,Formation brute de capital fixe,Pourcentage du produit intérieur brut (PIB),Zone euro - 19 pays (2015-2022),2016,20.0,,
ESTAT:TEC00011(1.0),08/01/26 23:00:00,Annuel,Formation brute de capital fixe,Pourcentage du produit intérieur brut (PIB),Zone euro - 19 pays (2015-2022),2017,20.3,,
ESTAT:TEC00011(1.0),08/01/26 23:00:00,Annuel,Formation brute de capital fixe,Pourcentage du produit intérieur brut (PIB),Zone euro - 19 pays (2015-2022),2018,20.7,,
ESTAT:TEC00011(1.0),08/01/26 23:00:00,Annuel,Formation brute de capital fixe,Pourcentage du produit intérieur brut (PIB),Zone euro - 19 pays (2015-2022),2019,21.9,,
ESTAT:TEC00011(1.0),08/01/26 23:00:00,Annuel,Formation brute de capital fixe,Pourcentage du produit intérieur brut (PIB),Zone euro - 19 pays (2015-2022),2020,21.8,,
ESTAT:TEC00011(1.0),08/01/26 23:00:00,Annuel,Formation brute de capital fixe,Pourcentage du produit intérieur brut (PIB),Zone euro - 19 pays (2015-2022),2021,21.7,,
ESTAT:TEC00011(1.0),08/01/26 23:00:00,Annuel,Formation brute de capital fixe,Pourcentage du produit intérieur brut (PIB),Zone euro - 19 pays (2015-2022),2022,21.9,,
ESTAT:TEC00011(1.0),08/01/26 23:00:00,Annuel,Formation brute de capital fixe,Pourcentage du produit intérieur brut (PIB),Zone euro - 19 pays (2015-2022),2023,21.9,,
ESTAT:TEC00011(1.0),08/01/26 23:00:00,Annuel,Formation brute de capital fixe,Pourcentage du produit intérieur brut (PIB),Zone euro - 19 pays (2015-2022),2024,21.1,,
ESTAT:TEC00011(1.0),08/01/26 23:00:00,Annuel,Formation brute de capital fixe,Pourcentage du produit intérieur brut (PIB),Zone euro - 20 pays (2023-2025),2013,19.3,,
ESTAT:TEC00011(1.0),08/01/26 23:00:00,Annuel,Formation brute de capital fixe,Pourcentage du produit intérieur brut (PIB),Zone euro - 20 pays (2023-2025),2014,19.3,,
ESTAT:TEC00011(1.0),08/01/26 23:00:00,Annuel,Formation brute de capital fixe,Pourcentage du produit intérieur brut (PIB),Zone euro - 20 pays (2023-2025),2015,19.7,,
ESTAT:TEC00011(1.0),08/01/26 23:00:00,Annuel,Formation brute de capital fixe,Pourcentage du produit intérieur brut (PIB),Zone euro - 20 pays (2023-2025),2016,20.0,,
ESTAT:TEC00011(1.0),08/01/26 23:00:00,Annuel,Formation brute de capital fixe,Pourcentage du produit intérieur brut (PIB),Zone euro - 20 pays (2023-2025),2017,20.3,,
ESTAT:TEC00011(1.0),08/01/26 23:00:00,Annuel,Formation brute de capital fixe,Pourcentage du produit intérieur brut (PIB),Zone euro - 20 pays (2023-2025),2018,20.7,,
ESTAT:TEC00011(1.0),08/01/26 23:00:00,Annuel,Formation brute de capital fixe,Pourcentage du produit intérieur brut (PIB),Zone euro - 20 pays (2023-2025),2019,21.9,,
ESTAT:TEC00011(1.0),08/01/26 23:00:00,Annuel,Formation brute de capital fixe,Pourcentage du produit intérieur brut (PIB),Zone euro - 20 pays (2023-2025),2020,21.8,,
ESTAT:TEC00011(1.0),08/01/26 23:00:00,Annuel,Formation brute de capital fixe,Pourcentage du produit intérieur brut (PIB),Zone euro - 20 pays (2023-2025),2021,21.7,,
ESTAT:TEC00011(1.0),08/01/26 23:00:00,Annuel,Formation brute de capital fixe,Pourcentage du produit intérieur brut (PIB),Zone euro - 20 pays (2023-2025),2022,21.9,,
ESTAT:TEC00011(1.0),08/01/26 23:00:00,Annuel,Formation brute de capital fixe,Pourcentage du produit intérieur brut (PIB),Zone euro - 20 pays (2023-2025),2023,21.9,,
ESTAT:TEC00011(1.0),08/01/26 23:00:00,Annuel,Formation brute de capital fixe,Pourcentage du produit intérieur brut (PIB),Zone euro - 20 pays (2023-2025),2024,21.1,,
ESTAT:TEC00011(1.0),08/01/26 23:00:00,Annuel,Formation brute de capital fixe,Pourcentage du produit intérieur brut (PIB),Estonie,2013,27.5,,
ESTAT:TEC00011(1.0),08/01/26 23:00:00,Annuel,Formation brute de capital fixe,Pourcentage du produit intérieur brut (PIB),Estonie,2014,25.3,,
ESTAT:TEC00011(1.0),08/01/26 23:00:00,Annuel,Formation brute de capital fixe,Pourcentage du produit intérieur brut (PIB),Estonie,2015,24.1,,
ESTAT:TEC00011(1.0),08/01/26 23:00:00,Annuel,Formation brute de capital fixe,Pourcentage du produit intérieur brut (PIB),Estonie,2016,23.9,,
ESTAT:TEC00011(1.0),08/01/26 23:00:00,Annuel,Formation brute de capital fixe,Pourcentage du produit intérieur brut (PIB),Estonie,2017,25.4,,
ESTAT:TEC00011(1.0),08/01/26 23:00:00,Annuel,Formation brute de capital fixe,Pourcentage du produit intérieur brut (PIB),Estonie,2018,26.6,,
ESTAT:TEC00011(1.0),08/01/26 23:00:00,Annuel,Formation brute de capital fixe,Pourcentage du produit intérieur brut (PIB),Estonie,2019,26.6,,
ESTAT:TEC00011(1.0),08/01/26 23:00:00,Annuel,Formation brute de capital fixe,Pourcentage du produit intérieur brut (PIB),Estonie,2020,31.2,,
ESTAT:TEC00011(1.0),08/01/26 23:00:00,Annuel,Formation brute de capital fixe,Pourcentage du produit intérieur brut (PIB),Estonie,2021,30.0,,
ESTAT:TEC00011(1.0),08/01/26 23:00:00,Annuel,Formation brute de capital fixe,Pourcentage du produit intérieur brut (PIB),Estonie,2022,25.2,,
ESTAT:TEC00011(1.0),08/01/26 23:00:00,Annuel,Formation brute de capital fixe,Pourcentage du produit intérieur brut (PIB),Estonie,2023,25.4,,
ESTAT:TEC00011(1.0),08/01/26 23:00:00,Annuel,Formation brute de capital fixe,Pourcentage du produit intérieur brut (PIB),Estonie,2024,23.9,,
ESTAT:TEC00011(1.0),08/01/26 23:00:00,Annuel,Formation brute de capital fixe,Pourcentage du produit intérieur brut (PIB),Grèce,2013,11.5,,
ESTAT:TEC00011(1.0),08/01/26 23:00:00,Annuel,Formation brute de capital fixe,Pourcentage du produit intérieur brut (PIB),Grèce,2014,11.2,,
ESTAT:TEC00011(1.0),08/01/26 23:00:00,Annuel,Formation brute de capital fixe,Pourcentage du produit intérieur brut (PIB),Grèce,2015,11.2,,
ESTAT:TEC00011(1.0),08/01/26 23:00:00,Annuel,Formation brute de capital fixe,Pourcentage du produit intérieur brut (PIB),Grèce,2016,11.4,,
ESTAT:TEC00011(1.0),08/01/26 23:00:00,Annuel,Formation brute de capital fixe,Pourcentage du produit intérieur brut (PIB),Grèce,2017,12.0,,
ESTAT:TEC00011(1.0),08/01/26 23:00:00,Annuel,Formation brute de capital fixe,Pourcentage du produit intérieur brut (PIB),Grèce,2018,11.3,,
ESTAT:TEC00011(1.0),08/01/26 23:00:00,Annuel,Formation brute de capital fixe,Pourcentage du produit intérieur brut (PIB),Grèce,2019,11.0,,
ESTAT:TEC00011(1.0),08/01/26 23:00:00,Annuel,Formation brute de capital fixe,Pourcentage du produit intérieur brut (PIB),Grèce,2020,12.3,,
ESTAT:TEC00011(1.0),08/01/26 23:00:00,Annuel,Formation brute de capital fixe,Pourcentage du produit intérieur brut (PIB),Grèce,2021,13.8,,
ESTAT:TEC00011(1.0),08/01/26 23:00:00,Annuel,Formation brute de capital fixe,Pourcentage du produit intérieur brut (PIB),Grèce,2022,15.7,,
ESTAT:TEC00011(1.0),08/01/26 23:00:00,Annuel,Formation brute de capital fixe,Pourcentage du produit intérieur brut (PIB),Grèce,2023,15.9,p,
ESTAT:TEC00011(1.0),08/01/26 23:00:00,Annuel,Formation brute de capital fixe,Pourcentage du produit intérieur brut (PIB),Grèce,2024,16.0,p,
ESTAT:TEC00011(1.0),08/01/26 23:00:00,Annuel,Formation brute de capital fixe,Pourcentage du produit intérieur brut (PIB),Espagne,2013,17.6,,
ESTAT:TEC00011(1.0),08/01/26 23:00:00,Annuel,Formation brute de capital fixe,Pourcentage du produit intérieur brut (PIB),Espagne,2014,18.0,,
ESTAT:TEC00011(1.0),08/01/26 23:00:00,Annuel,Formation brute de capital fixe,Pourcentage du produit intérieur brut (PIB),Espagne,2015,18.3,,
ESTAT:TEC00011(1.0),08/01/26 23:00:00,Annuel,Formation brute de capital fixe,Pourcentage du produit intérieur brut (PIB),Espagne,2016,18.2,,
ESTAT:TEC00011(1.0),08/01/26 23:00:00,Annuel,Formation brute de capital fixe,Pourcentage du produit intérieur brut (PIB),Espagne,2017,18.9,,
ESTAT:TEC00011(1.0),08/01/26 23:00:00,Annuel,Formation brute de capital fixe,Pourcentage du produit intérieur brut (PIB),Espagne,2018,19.7,,
ESTAT:TEC00011(1.0),08/01/26 23:00:00,Annuel,Formation brute de capital fixe,Pourcentage du produit intérieur brut (PIB),Espagne,2019,20.3,,
ESTAT:TEC00011(1.0),08/01/26 23:00:00,Annuel,Formation brute de capital fixe,Pourcentage du produit intérieur brut (PIB),Espagne,2020,20.6,,
ESTAT:TEC00011(1.0),08/01/26 23:00:00,Annuel,Formation brute de capital fixe,Pourcentage du produit intérieur brut (PIB),Espagne,2021,20.2,,
ESTAT:TEC00011(1.0),08/01/26 23:00:00,Annuel,Formation brute de capital fixe,Pourcentage du produit intérieur brut (PIB),Espagne,2022,20.5,,
ESTAT:TEC00011(1.0),08/01/26 23:00:00,Annuel,Formation brute de capital fixe,Pourcentage du produit intérieur brut (PIB),Espagne,2023,20.5,p,
ESTAT:TEC00011(1.0),08/01/26 23:00:00,Annuel,Formation brute de capital fixe,Pourcentage du produit intérieur brut (PIB),Espagne,2024,20.3,p,
ESTAT:TEC00011(1.0),08/01/26 23:00:00,Annuel,Formation brute de capital fixe,Pourcentage du produit intérieur brut (PIB),Union européenne - 27 pays (à partir de 2020),2013,19.6,,
ESTAT:TEC00011(1.0),08/01/26 23:00:00,Annuel,Formation brute de capital fixe,Pourcentage du produit intérieur brut (PIB),Union européenne - 27 pays (à partir de 2020),2014,19.6,,
ESTAT:TEC00011(1.0),08/01/26 23:00:00,Annuel,Formation brute de capital fixe,Pourcentage du produit intérieur brut (PIB),Union européenne - 27 pays (à partir de 2020),2015,20.0,,
ESTAT:TEC00011(1.0),08/01/26 23:00:00,Annuel,Formation brute de capital fixe,Pourcentage du produit intérieur brut (PIB),Union européenne - 27 pays (à partir de 2020),2016,20.2,,
ESTAT:TEC00011(1.0),08/01/26 23:00:00,Annuel,Formation brute de capital fixe,Pourcentage du produit intérieur brut (PIB),Union européenne - 27 pays (à partir de 2020),2017,20.5,,
ESTAT:TEC00011(1.0),08/01/26 23:00:00,Annuel,Formation brute de capital fixe,Pourcentage du produit intérieur brut (PIB),Union européenne - 27 pays (à partir de 2020),2018,20.9,,
ESTAT:TEC00011(1.0),08/01/26 23:00:00,Annuel,Formation brute de capital fixe,Pourcentage du produit intérieur brut (PIB),Union européenne - 27 pays (à partir de 2020),2019,22.0,,
ESTAT:TEC00011(1.0),08/01/26 23:00:00,Annuel,Formation brute de capital fixe,Pourcentage du produit intérieur brut (PIB),Union européenne - 27 pays (à partir de 2020),2020,21.9,,
ESTAT:TEC00011(1.0),08/01/26 23:00:00,Annuel,Formation brute de capital fixe,Pourcentage du produit intérieur brut (PIB),Union européenne - 27 pays (à partir de 2020),2021,21.8,,
ESTAT:TEC00011(1.0),08/01/26 23:00:00,Annuel,Formation brute de capital fixe,Pourcentage du produit intérieur brut (PIB),Union européenne - 27 pays (à partir de 2020),2022,22.0,,
ESTAT:TEC00011(1.0),08/01/26 23:00:00,Annuel,Formation brute de capital fixe,Pourcentage du produit intérieur brut (PIB),Union européenne - 27 pays (à partir de 2020),2023,22.1,,
ESTAT:TEC00011(1.0),08/01/26 23:00:00,Annuel,Formation brute de capital fixe,Pourcentage du produit intérieur brut (PIB),Union européenne - 27 pays (à partir de 2020),2024,21.2,,
ESTAT:TEC00011(1.0),08/01/26 23:00:00,Annuel,Formation brute de capital fixe,Pourcentage du produit intérieur brut (PIB),Finlande,2013,22.3,,
ESTAT:TEC00011(1.0),08/01/26 23:00:00,Annuel,Formation brute de capital fixe,Pourcentage du produit intérieur brut (PIB),Finlande,2014,21.7,,
ESTAT:TEC00011(1.0),08/01/26 23:00:00,Annuel,Formation brute de capital fixe,Pourcentage du produit intérieur brut (PIB),Finlande,2015,21.4,,
ESTAT:TEC00011(1.0),08/01/26 23:00:00,Annuel,Formation brute de capital fixe,Pourcentage du produit intérieur brut (PIB),Finlande,2016,23.1,,
ESTAT:TEC00011(1.0),08/01/26 23:00:00,Annuel,Formation brute de capital fixe,Pourcentage du produit intérieur brut (PIB),Finlande,2017,23.7,,
ESTAT:TEC00011(1.0),08/01/26 23:00:00,Annuel,Formation brute de capital fixe,Pourcentage du produit intérieur brut (PIB),Finlande,2018,24.6,,
ESTAT:TEC00011(1.0),08/01/26 23:00:00,Annuel,Formation brute de capital fixe,Pourcentage du produit intérieur brut (PIB),Finlande,2019,24.4,,
ESTAT:TEC00011(1.0),08/01/26 23:00:00,Annuel,Formation brute de capital fixe,Pourcentage du produit intérieur brut (PIB),Finlande,2020,24.7,,
ESTAT:TEC00011(1.0),08/01/26 23:00:00,Annuel,Formation brute de capital fixe,Pourcentage du produit intérieur brut (PIB),Finlande,2021,24.4,,
ESTAT:TEC00011(1.0),08/01/26 23:00:00,Annuel,Formation brute de capital fixe,Pourcentage du produit intérieur brut (PIB),Finlande,2022,24.7,,
ESTAT:TEC00011(1.0),08/01/26 23:00:00,Annuel,Formation brute de capital fixe,Pourcentage du produit intérieur brut (PIB),Finlande,2023,23.4,,
ESTAT:TEC00011(1.0),08/01/26 23:00:00,Annuel,Formation brute de capital fixe,Pourcentage du produit intérieur brut (PIB),Finlande,2024,22.1,,
ESTAT:TEC00011(1.0),08/01/26 23:00:00,Annuel,Formation brute de capital fixe,Pourcentage du produit intérieur brut (PIB),France,2013,21.3,,
ESTAT:TEC00011(1.0),08/01/26 23:00:00,Annuel,Formation brute de capital fixe,Pourcentage du produit intérieur brut (PIB),France,2014,21.0,,
ESTAT:TEC00011(1.0),08/01/26 23:00:00,Annuel,Formation brute de capital fixe,Pourcentage du produit intérieur brut (PIB),France,2015,20.6,,
ESTAT:TEC00011(1.0),08/01/26 23:00:00,Annuel,Formation brute de capital fixe,Pourcentage du produit intérieur brut (PIB),France,2016,20.9,,
ESTAT:TEC00011(1.0),08/01/26 23:00:00,Annuel,Formation brute de capital fixe,Pourcentage du produit intérieur brut (PIB),France,2017,21.4,,
ESTAT:TEC00011(1.0),08/01/26 23:00:00,Annuel,Formation brute de capital fixe,Pourcentage du produit intérieur brut (PIB),France,2018,21.9,,
ESTAT:TEC00011(1.0),08/01/26 23:00:00,Annuel,Formation brute de capital fixe,Pourcentage du produit intérieur brut (PIB),France,2019,22.4,,
ESTAT:TEC00011(1.0),08/01/26 23:00:00,Annuel,Formation brute de capital fixe,Pourcentage du produit intérieur brut (PIB),France,2020,22.4,,
ESTAT:TEC00011(1.0),08/01/26 23:00:00,Annuel,Formation brute de capital fixe,Pourcentage du produit intérieur brut (PIB),France,2021,23.5,,
ESTAT:TEC00011(1.0),08/01/26 23:00:00,Annuel,Formation brute de capital fixe,Pourcentage du produit intérieur brut (PIB),France,2022,23.5,,
ESTAT:TEC00011(1.0),08/01/26 23:00:00,Annuel,Formation brute de capital fixe,Pourcentage du produit intérieur brut (PIB),France,2023,22.8,p,
ESTAT:TEC00011(1.0),08/01/26 23:00:00,Annuel,Formation brute de capital fixe,Pourcentage du produit intérieur brut (PIB),France,2024,22.1,p,
ESTAT:TEC00011(1.0),08/01/26 23:00:00,Annuel,Formation brute de capital fixe,Pourcentage du produit intérieur brut (PIB),Croatie,2013,19.2,,
ESTAT:TEC00011(1.0),08/01/26 23:00:00,Annuel,Formation brute de capital fixe,Pourcentage du produit intérieur brut (PIB),Croatie,2014,18.8,,
ESTAT:TEC00011(1.0),08/01/26 23:00:00,Annuel,Formation brute de capital fixe,Pourcentage du produit intérieur brut (PIB),Croatie,2015,19.1,,
ESTAT:TEC00011(1.0),08/01/26 23:00:00,Annuel,Formation brute de capital fixe,Pourcentage du produit intérieur brut (PIB),Croatie,2016,19.6,,
ESTAT:TEC00011(1.0),08/01/26 23:00:00,Annuel,Formation brute de capital fixe,Pourcentage du produit intérieur brut (PIB),Croatie,2017,19.5,,
ESTAT:TEC00011(1.0),08/01/26 23:00:00,Annuel,Formation brute de capital fixe,Pourcentage du produit intérieur brut (PIB),Croatie,2018,20.0,,
ESTAT:TEC00011(1.0),08/01/26 23:00:00,Annuel,Formation brute de capital fixe,Pourcentage du produit intérieur brut (PIB),Croatie,2019,21.9,,
ESTAT:TEC00011(1.0),08/01/26 23:00:00,Annuel,Formation brute de capital fixe,Pourcentage du produit intérieur brut (PIB),Croatie,2020,22.4,,
ESTAT:TEC00011(1.0),08/01/26 23:00:00,Annuel,Formation brute de capital fixe,Pourcentage du produit intérieur brut (PIB),Croatie,2021,20.9,,
ESTAT:TEC00011(1.0),08/01/26 23:00:00,Annuel,Formation brute de capital fixe,Pourcentage du produit intérieur brut (PIB),Croatie,2022,21.7,,
ESTAT:TEC00011(1.0),08/01/26 23:00:00,Annuel,Formation brute de capital fixe,Pourcentage du produit intérieur brut (PIB),Croatie,2023,24.7,,
ESTAT:TEC00011(1.0),08/01/26 23:00:00,Annuel,Formation brute de capital fixe,Pourcentage du produit intérieur brut (PIB),Croatie,2024,25.2,p,
ESTAT:TEC00011(1.0),08/01/26 23:00:00,Annuel,Formation brute de capital fixe,Pourcentage du produit intérieur brut (PIB),Hongrie,2013,20.9,,
ESTAT:TEC00011(1.0),08/01/26 23:00:00,Annuel,Formation brute de capital fixe,Pourcentage du produit intérieur brut (PIB),Hongrie,2014,22.1,,
ESTAT:TEC00011(1.0),08/01/26 23:00:00,Annuel,Formation brute de capital fixe,Pourcentage du produit intérieur brut (PIB),Hongrie,2015,22.3,,
ESTAT:TEC00011(1.0),08/01/26 23:00:00,Annuel,Formation brute de capital fixe,Pourcentage du produit intérieur brut (PIB),Hongrie,2016,19.6,,
ESTAT:TEC00011(1.0),08/01/26 23:00:00,Annuel,Formation brute de capital fixe,Pourcentage du produit intérieur brut (PIB),Hongrie,2017,22.3,,
ESTAT:TEC00011(1.0),08/01/26 23:00:00,Annuel,Formation brute de capital fixe,Pourcentage du produit intérieur brut (PIB),Hongrie,2018,24.9,,
ESTAT:TEC00011(1.0),08/01/26 23:00:00,Annuel,Formation brute de capital fixe,Pourcentage du produit intérieur brut (PIB),Hongrie,2019,27.1,,
ESTAT:TEC00011(1.0),08/01/26 23:00:00,Annuel,Formation brute de capital fixe,Pourcentage du produit intérieur brut (PIB),Hongrie,2020,26.4,,
ESTAT:TEC00011(1.0),08/01/26 23:00:00,Annuel,Formation brute de capital fixe,Pourcentage du produit intérieur brut (PIB),Hongrie,2021,27.3,,
ESTAT:TEC00011(1.0),08/01/26 23:00:00,Annuel,Formation brute de capital fixe,Pourcentage du produit intérieur brut (PIB),Hongrie,2022,27.5,,
ESTAT:TEC00011(1.0),08/01/26 23:00:00,Annuel,Formation brute de capital fixe,Pourcentage du produit intérieur brut (PIB),Hongrie,2023,25.4,,
ESTAT:TEC00011(1.0),08/01/26 23:00:00,Annuel,Formation brute de capital fixe,Pourcentage du produit intérieur brut (PIB),Hongrie,2024,23.1,p,
ESTAT:TEC00011(1.0),08/01/26 23:00:00,Annuel,Formation brute de capital fixe,Pourcentage du produit intérieur brut (PIB),Irlande,2013,18.3,,
ESTAT:TEC00011(1.0),08/01/26 23:00:00,Annuel,Formation brute de capital fixe,Pourcentage du produit intérieur brut (PIB),Irlande,2014,20.2,,
ESTAT:TEC00011(1.0),08/01/26 23:00:00,Annuel,Formation brute de capital fixe,Pourcentage du produit intérieur brut (PIB),Irlande,2015,24.3,,
ESTAT:TEC00011(1.0),08/01/26 23:00:00,Annuel,Formation brute de capital fixe,Pourcentage du produit intérieur brut (PIB),Irlande,2016,34.1,,
ESTAT:TEC00011(1.0),08/01/26 23:00:00,Annuel,Formation brute de capital fixe,Pourcentage du produit intérieur brut (PIB),Irlande,2017,32.5,,
ESTAT:TEC00011(1.0),08/01/26 23:00:00,Annuel,Formation brute de capital fixe,Pourcentage du produit intérieur brut (PIB),Irlande,2018,27.9,,
ESTAT:TEC00011(1.0),08/01/26 23:00:00,Annuel,Formation brute de capital fixe,Pourcentage du produit intérieur brut (PIB),Irlande,2019,53.2,,
ESTAT:TEC00011(1.0),08/01/26 23:00:00,Annuel,Formation brute de capital fixe,Pourcentage du produit intérieur brut (PIB),Irlande,2020,41.4,,
ESTAT:TEC00011(1.0),08/01/26 23:00:00,Annuel,Formation brute de capital fixe,Pourcentage du produit intérieur brut (PIB),Irlande,2021,22.1,,
ESTAT:TEC00011(1.0),08/01/26 23:00:00,Annuel,Formation brute de capital fixe,Pourcentage du produit intérieur brut (PIB),Irlande,2022,21.1,,
ESTAT:TEC00011(1.0),08/01/26 23:00:00,Annuel,Formation brute de capital fixe,Pourcentage du produit intérieur brut (PIB),Irlande,2023,24.9,,
ESTAT:TEC00011(1.0),08/01/26 23:00:00,Annuel,Formation brute de capital fixe,Pourcentage du produit intérieur brut (PIB),Irlande,2024,17.3,,
ESTAT:TEC00011(1.0),08/01/26 23:00:00,Annuel,Formation brute de capital fixe,Pourcentage du produit intérieur brut (PIB),Islande,2013,15.4,,
ESTAT:TEC00011(1.0),08/01/26 23:00:00,Annuel,Formation brute de capital fixe,Pourcentage du produit intérieur brut (PIB),Islande,2014,17.0,,
ESTAT:TEC00011(1.0),08/01/26 23:00:00,Annuel,Formation brute de capital fixe,Pourcentage du produit intérieur brut (PIB),Islande,2015,19.1,,
ESTAT:TEC00011(1.0),08/01/26 23:00:00,Annuel,Formation brute de capital fixe,Pourcentage du produit intérieur brut (PIB),Islande,2016,20.7,,
ESTAT:TEC00011(1.0),08/01/26 23:00:00,Annuel,Formation brute de capital fixe,Pourcentage du produit intérieur brut (PIB),Islande,2017,21.5,,
ESTAT:TEC00011(1.0),08/01/26 23:00:00,Annuel,Formation brute de capital fixe,Pourcentage du produit intérieur brut (PIB),Islande,2018,21.7,,
ESTAT:TEC00011(1.0),08/01/26 23:00:00,Annuel,Formation brute de capital fixe,Pourcentage du produit intérieur brut (PIB),Islande,2019,20.6,,
ESTAT:TEC00011(1.0),08/01/26 23:00:00,Annuel,Formation brute de capital fixe,Pourcentage du produit intérieur brut (PIB),Islande,2020,21.0,,
ESTAT:TEC00011(1.0),08/01/26 23:00:00,Annuel,Formation brute de capital fixe,Pourcentage du produit intérieur brut (PIB),Islande,2021,22.5,,
ESTAT:TEC00011(1.0),08/01/26 23:00:00,Annuel,Formation brute de capital fixe,Pourcentage du produit intérieur brut (PIB),Islande,2022,23.8,,
ESTAT:TEC00011(1.0),08/01/26 23:00:00,Annuel,Formation brute de capital fixe,Pourcentage du produit intérieur brut (PIB),Islande,2023,24.9,,
ESTAT:TEC00011(1.0),08/01/26 23:00:00,Annuel,Formation brute de capital fixe,Pourcentage du produit intérieur brut (PIB),Islande,2024,26.8,,
ESTAT:TEC00011(1.0),08/01/26 23:00:00,Annuel,Formation brute de capital fixe,Pourcentage du produit intérieur brut (PIB),Italie,2013,17.3,,
ESTAT:TEC00011(1.0),08/01/26 23:00:00,Annuel,Formation brute de capital fixe,Pourcentage du produit intérieur brut (PIB),Italie,2014,16.8,,
ESTAT:TEC00011(1.0),08/01/26 23:00:00,Annuel,Formation brute de capital fixe,Pourcentage du produit intérieur brut (PIB),Italie,2015,17.1,,
ESTAT:TEC00011(1.0),08/01/26 23:00:00,Annuel,Formation brute de capital fixe,Pourcentage du produit intérieur brut (PIB),Italie,2016,17.3,,
ESTAT:TEC00011(1.0),08/01/26 23:00:00,Annuel,Formation brute de capital fixe,Pourcentage du produit intérieur brut (PIB),Italie,2017,17.6,,
ESTAT:TEC00011(1.0),08/01/26 23:00:00,Annuel,Formation brute de capital fixe,Pourcentage du produit intérieur brut (PIB),Italie,2018,18.0,,
ESTAT:TEC00011(1.0),08/01/26 23:00:00,Annuel,Formation brute de capital fixe,Pourcentage du produit intérieur brut (PIB),Italie,2019,18.1,,
ESTAT:TEC00011(1.0),08/01/26 23:00:00,Annuel,Formation brute de capital fixe,Pourcentage du produit intérieur brut (PIB),Italie,2020,18.2,,
ESTAT:TEC00011(1.0),08/01/26 23:00:00,Annuel,Formation brute de capital fixe,Pourcentage du produit intérieur brut (PIB),Italie,2021,20.8,,
ESTAT:TEC00011(1.0),08/01/26 23:00:00,Annuel,Formation brute de capital fixe,Pourcentage du produit intérieur brut (PIB),Italie,2022,21.8,,
ESTAT:TEC00011(1.0),08/01/26 23:00:00,Annuel,Formation brute de capital fixe,Pourcentage du produit intérieur brut (PIB),Italie,2023,22.7,,
ESTAT:TEC00011(1.0),08/01/26 23:00:00,Annuel,Formation brute de capital fixe,Pourcentage du produit intérieur brut (PIB),Italie,2024,22.2,,
ESTAT:TEC00011(1.0),08/01/26 23:00:00,Annuel,Formation brute de capital fixe,Pourcentage du produit intérieur brut (PIB),Lituanie,2013,18.7,,
ESTAT:TEC00011(1.0),08/01/26 23:00:00,Annuel,Formation brute de capital fixe,Pourcentage du produit intérieur brut (PIB),Lituanie,2014,19.1,,
ESTAT:TEC00011(1.0),08/01/26 23:00:00,Annuel,Formation brute de capital fixe,Pourcentage du produit intérieur brut (PIB),Lituanie,2015,19.6,,
ESTAT:TEC00011(1.0),08/01/26 23:00:00,Annuel,Formation brute de capital fixe,Pourcentage du produit intérieur brut (PIB),Lituanie,2016,19.9,,
ESTAT:TEC00011(1.0),08/01/26 23:00:00,Annuel,Formation brute de capital fixe,Pourcentage du produit intérieur brut (PIB),Lituanie,2017,20.1,,
ESTAT:TEC00011(1.0),08/01/26 23:00:00,Annuel,Formation brute de capital fixe,Pourcentage du produit intérieur brut (PIB),Lituanie,2018,20.7,,
ESTAT:TEC00011(1.0),08/01/26 23:00:00,Annuel,Formation brute de capital fixe,Pourcentage du produit intérieur brut (PIB),Lituanie,2019,21.2,,
ESTAT:TEC00011(1.0),08/01/26 23:00:00,Annuel,Formation brute de capital fixe,Pourcentage du produit intérieur brut (PIB),Lituanie,2020,21.4,,
ESTAT:TEC00011(1.0),08/01/26 23:00:00,Annuel,Formation brute de capital fixe,Pourcentage du produit intérieur brut (PIB),Lituanie,2021,22.5,,
ESTAT:TEC00011(1.0),08/01/26 23:00:00,Annuel,Formation brute de capital fixe,Pourcentage du produit intérieur brut (PIB),Lituanie,2022,22.4,,
ESTAT:TEC00011(1.0),08/01/26 23:00:00,Annuel,Formation brute de capital fixe,Pourcentage du produit intérieur brut (PIB),Lituanie,2023,23.8,,
ESTAT:TEC00011(1.0),08/01/26 23:00:00,Annuel,Formation brute de capital fixe,Pourcentage du produit intérieur brut (PIB),Lituanie,2024,22.4,,
ESTAT:TEC00011(1.0),08/01/26 23:00:00,Annuel,Formation brute de capital fixe,Pourcentage du produit intérieur brut (PIB),Luxembourg,2013,18.5,,
ESTAT:TEC00011(1.0),08/01/26 23:00:00,Annuel,Formation brute de capital fixe,Pourcentage du produit intérieur brut (PIB),Luxembourg,2014,19.2,,
ESTAT:TEC00011(1.0),08/01/26 23:00:00,Annuel,Formation brute de capital fixe,Pourcentage du produit intérieur brut (PIB),Luxembourg,2015,17.3,,
ESTAT:TEC00011(1.0),08/01/26 23:00:00,Annuel,Formation brute de capital fixe,Pourcentage du produit intérieur brut (PIB),Luxembourg,2016,17.3,,
ESTAT:TEC00011(1.0),08/01/26 23:00:00,Annuel,Formation brute de capital fixe,Pourcentage du produit intérieur brut (PIB),Luxembourg,2017,17.8,,
ESTAT:TEC00011(1.0),08/01/26 23:00:00,Annuel,Formation brute de capital fixe,Pourcentage du produit intérieur brut (PIB),Luxembourg,2018,16.2,,
ESTAT:TEC00011(1.0),08/01/26 23:00:00,Annuel,Formation brute de capital fixe,Pourcentage du produit intérieur brut (PIB),Luxembourg,2019,18.0,,
ESTAT:TEC00011(1.0),08/01/26 23:00:00,Annuel,Formation brute de capital fixe,Pourcentage du produit intérieur brut (PIB),Luxembourg,2020,17.2,,
ESTAT:TEC00011(1.0),08/01/26 23:00:00,Annuel,Formation brute de capital fixe,Pourcentage du produit intérieur brut (PIB),Luxembourg,2021,18.1,,
ESTAT:TEC00011(1.0),08/01/26 23:00:00,Annuel,Formation brute de capital fixe,Pourcentage du produit intérieur brut (PIB),Luxembourg,2022,16.6,,
ESTAT:TEC00011(1.0),08/01/26 23:00:00,Annuel,Formation brute de capital fixe,Pourcentage du produit intérieur brut (PIB),Luxembourg,2023,16.1,,
ESTAT:TEC00011(1.0),08/01/26 23:00:00,Annuel,Formation brute de capital fixe,Pourcentage du produit intérieur brut (PIB),Luxembourg,2024,15.4,,
ESTAT:TEC00011(1.0),08/01/26 23:00:00,Annuel,Formation brute de capital fixe,Pourcentage du produit intérieur brut (PIB),Lettonie,2013,25.0,,
ESTAT:TEC00011(1.0),08/01/26 23:00:00,Annuel,Formation brute de capital fixe,Pourcentage du produit intérieur brut (PIB),Lettonie,2014,23.6,,
ESTAT:TEC00011(1.0),08/01/26 23:00:00,Annuel,Formation brute de capital fixe,Pourcentage du produit intérieur brut (PIB),Lettonie,2015,22.3,,
ESTAT:TEC00011(1.0),08/01/26 23:00:00,Annuel,Formation brute de capital fixe,Pourcentage du produit intérieur brut (PIB),Lettonie,2016,20.2,,
ESTAT:TEC00011(1.0),08/01/26 23:00:00,Annuel,Formation brute de capital fixe,Pourcentage du produit intérieur brut (PIB),Lettonie,2017,21.5,,
ESTAT:TEC00011(1.0),08/01/26 23:00:00,Annuel,Formation brute de capital fixe,Pourcentage du produit intérieur brut (PIB),Lettonie,2018,22.9,,
ESTAT:TEC00011(1.0),08/01/26 23:00:00,Annuel,Formation brute de capital fixe,Pourcentage du produit intérieur brut (PIB),Lettonie,2019,22.7,,
ESTAT:TEC00011(1.0),08/01/26 23:00:00,Annuel,Formation brute de capital fixe,Pourcentage du produit intérieur brut (PIB),Lettonie,2020,23.0,,
ESTAT:TEC00011(1.0),08/01/26 23:00:00,Annuel,Formation brute de capital fixe,Pourcentage du produit intérieur brut (PIB),Lettonie,2021,22.9,,
ESTAT:TEC00011(1.0),08/01/26 23:00:00,Annuel,Formation brute de capital fixe,Pourcentage du produit intérieur brut (PIB),Lettonie,2022,23.3,,
ESTAT:TEC00011(1.0),08/01/26 23:00:00,Annuel,Formation brute de capital fixe,Pourcentage du produit intérieur brut (PIB),Lettonie,2023,24.0,,
ESTAT:TEC00011(1.0),08/01/26 23:00:00,Annuel,Formation brute de capital fixe,Pourcentage du produit intérieur brut (PIB),Lettonie,2024,22.4,,
ESTAT:TEC00011(1.0),08/01/26 23:00:00,Annuel,Formation brute de capital fixe,Pourcentage du produit intérieur brut (PIB),Monténégro,2013,20.4,,
ESTAT:TEC00011(1.0),08/01/26 23:00:00,Annuel,Formation brute de capital fixe,Pourcentage du produit intérieur brut (PIB),Monténégro,2014,19.4,,
ESTAT:TEC00011(1.0),08/01/26 23:00:00,Annuel,Formation brute de capital fixe,Pourcentage du produit intérieur brut (PIB),Monténégro,2015,20.7,,
ESTAT:TEC00011(1.0),08/01/26 23:00:00,Annuel,Formation brute de capital fixe,Pourcentage du produit intérieur brut (PIB),Monténégro,2016,24.9,,
ESTAT:TEC00011(1.0),08/01/26 23:00:00,Annuel,Formation brute de capital fixe,Pourcentage du produit intérieur brut (PIB),Monténégro,2017,27.2,,
ESTAT:TEC00011(1.0),08/01/26 23:00:00,Annuel,Formation brute de capital fixe,Pourcentage du produit intérieur brut (PIB),Monténégro,2018,29.8,,
ESTAT:TEC00011(1.0),08/01/26 23:00:00,Annuel,Formation brute de capital fixe,Pourcentage du produit intérieur brut (PIB),Monténégro,2019,27.6,,
ESTAT:TEC00011(1.0),08/01/26 23:00:00,Annuel,Formation brute de capital fixe,Pourcentage du produit intérieur brut (PIB),Monténégro,2020,28.2,,
ESTAT:TEC00011(1.0),08/01/26 23:00:00,Annuel,Formation brute de capital fixe,Pourcentage du produit intérieur brut (PIB),Monténégro,2021,22.2,,
ESTAT:TEC00011(1.0),08/01/26 23:00:00,Annuel,Formation brute de capital fixe,Pourcentage du produit intérieur brut (PIB),Monténégro,2022,21.7,,
ESTAT:TEC00011(1.0),08/01/26 23:00:00,Annuel,Formation brute de capital fixe,Pourcentage du produit intérieur brut (PIB),Monténégro,2023,20.4,,
ESTAT:TEC00011(1.0),08/01/26 23:00:00,Annuel,Formation brute de capital fixe,Pourcentage du produit intérieur brut (PIB),Monténégro,2024,21.1,,
ESTAT:TEC00011(1.0),08/01/26 23:00:00,Annuel,Formation brute de capital fixe,Pourcentage du produit intérieur brut (PIB),Macédoine du Nord,2013,23.7,,
ESTAT:TEC00011(1.0),08/01/26 23:00:00,Annuel,Formation brute de capital fixe,Pourcentage du produit intérieur brut (PIB),Macédoine du Nord,2014,23.4,,
ESTAT:TEC00011(1.0),08/01/26 23:00:00,Annuel,Formation brute de capital fixe,Pourcentage du produit intérieur brut (PIB),Macédoine du Nord,2015,23.8,,
ESTAT:TEC00011(1.0),08/01/26 23:00:00,Annuel,Formation brute de capital fixe,Pourcentage du produit intérieur brut (PIB),Macédoine du Nord,2016,24.4,,
ESTAT:TEC00011(1.0),08/01/26 23:00:00,Annuel,Formation brute de capital fixe,Pourcentage du produit intérieur brut (PIB),Macédoine du Nord,2017,22.5,,
ESTAT:TEC00011(1.0),08/01/26 23:00:00,Annuel,Formation brute de capital fixe,Pourcentage du produit intérieur brut (PIB),Macédoine du Nord,2018,20.0,,
ESTAT:TEC00011(1.0),08/01/26 23:00:00,Annuel,Formation brute de capital fixe,Pourcentage du produit intérieur brut (PIB),Macédoine du Nord,2019,21.0,,
ESTAT:TEC00011(1.0),08/01/26 23:00:00,Annuel,Formation brute de capital fixe,Pourcentage du produit intérieur brut (PIB),Macédoine du Nord,2020,21.6,,
ESTAT:TEC00011(1.0),08/01/26 23:00:00,Annuel,Formation brute de capital fixe,Pourcentage du produit intérieur brut (PIB),Macédoine du Nord,2021,23.5,,
ESTAT:TEC00011(1.0),08/01/26 23:00:00,Annuel,Formation brute de capital fixe,Pourcentage du produit intérieur brut (PIB),Macédoine du Nord,2022,24.0,,
ESTAT:TEC00011(1.0),08/01/26 23:00:00,Annuel,Formation brute de capital fixe,Pourcentage du produit intérieur brut (PIB),Macédoine du Nord,2023,24.7,,
ESTAT:TEC00011(1.0),08/01/26 23:00:00,Annuel,Formation brute de capital fixe,Pourcentage du produit intérieur brut (PIB),Macédoine du Nord,2024,23.5,p,
ESTAT:TEC00011(1.0),08/01/26 23:00:00,Annuel,Formation brute de capital fixe,Pourcentage du produit intérieur brut (PIB),Malte,2013,17.3,,
ESTAT:TEC00011(1.0),08/01/26 23:00:00,Annuel,Formation brute de capital fixe,Pourcentage du produit intérieur brut (PIB),Malte,2014,16.8,,
ESTAT:TEC00011(1.0),08/01/26 23:00:00,Annuel,Formation brute de capital fixe,Pourcentage du produit intérieur brut (PIB),Malte,2015,23.7,,
ESTAT:TEC00011(1.0),08/01/26 23:00:00,Annuel,Formation brute de capital fixe,Pourcentage du produit intérieur brut (PIB),Malte,2016,21.3,,
ESTAT:TEC00011(1.0),08/01/26 23:00:00,Annuel,Formation brute de capital fixe,Pourcentage du produit intérieur brut (PIB),Malte,2017,18.7,,
ESTAT:TEC00011(1.0),08/01/26 23:00:00,Annuel,Formation brute de capital fixe,Pourcentage du produit intérieur brut (PIB),Malte,2018,19.1,,
ESTAT:TEC00011(1.0),08/01/26 23:00:00,Annuel,Formation brute de capital fixe,Pourcentage du produit intérieur brut (PIB),Malte,2019,20.1,,
ESTAT:TEC00011(1.0),08/01/26 23:00:00,Annuel,Formation brute de capital fixe,Pourcentage du produit intérieur brut (PIB),Malte,2020,19.9,,
ESTAT:TEC00011(1.0),08/01/26 23:00:00,Annuel,Formation brute de capital fixe,Pourcentage du produit intérieur brut (PIB),Malte,2021,22.3,,
ESTAT:TEC00011(1.0),08/01/26 23:00:00,Annuel,Formation brute de capital fixe,Pourcentage du produit intérieur brut (PIB),Malte,2022,24.9,,
ESTAT:TEC00011(1.0),08/01/26 23:00:00,Annuel,Formation brute de capital fixe,Pourcentage du produit intérieur brut (PIB),Malte,2023,19.1,,
ESTAT:TEC00011(1.0),08/01/26 23:00:00,Annuel,Formation brute de capital fixe,Pourcentage du produit intérieur brut (PIB),Malte,2024,18.5,,
ESTAT:TEC00011(1.0),08/01/26 23:00:00,Annuel,Formation brute de capital fixe,Pourcentage du produit intérieur brut (PIB),Pays-Bas,2013,18.2,,
ESTAT:TEC00011(1.0),08/01/26 23:00:00,Annuel,Formation brute de capital fixe,Pourcentage du produit intérieur brut (PIB),Pays-Bas,2014,17.4,,
ESTAT:TEC00011(1.0),08/01/26 23:00:00,Annuel,Formation brute de capital fixe,Pourcentage du produit intérieur brut (PIB),Pays-Bas,2015,21.8,,
ESTAT:TEC00011(1.0),08/01/26 23:00:00,Annuel,Formation brute de capital fixe,Pourcentage du produit intérieur brut (PIB),Pays-Bas,2016,19.3,,
ESTAT:TEC00011(1.0),08/01/26 23:00:00,Annuel,Formation brute de capital fixe,Pourcentage du produit intérieur brut (PIB),Pays-Bas,2017,19.8,,
ESTAT:TEC00011(1.0),08/01/26 23:00:00,Annuel,Formation brute de capital fixe,Pourcentage du produit intérieur brut (PIB),Pays-Bas,2018,20.0,,
ESTAT:TEC00011(1.0),08/01/26 23:00:00,Annuel,Formation brute de capital fixe,Pourcentage du produit intérieur brut (PIB),Pays-Bas,2019,20.9,,
ESTAT:TEC00011(1.0),08/01/26 23:00:00,Annuel,Formation brute de capital fixe,Pourcentage du produit intérieur brut (PIB),Pays-Bas,2020,21.3,,
ESTAT:TEC00011(1.0),08/01/26 23:00:00,Annuel,Formation brute de capital fixe,Pourcentage du produit intérieur brut (PIB),Pays-Bas,2021,20.7,,
ESTAT:TEC00011(1.0),08/01/26 23:00:00,Annuel,Formation brute de capital fixe,Pourcentage du produit intérieur brut (PIB),Pays-Bas,2022,20.5,,
ESTAT:TEC00011(1.0),08/01/26 23:00:00,Annuel,Formation brute de capital fixe,Pourcentage du produit intérieur brut (PIB),Pays-Bas,2023,20.3,,
ESTAT:TEC00011(1.0),08/01/26 23:00:00,Annuel,Formation brute de capital fixe,Pourcentage du produit intérieur brut (PIB),Pays-Bas,2024,19.8,,
ESTAT:TEC00011(1.0),08/01/26 23:00:00,Annuel,Formation brute de capital fixe,Pourcentage du produit intérieur brut (PIB),Norvège,2013,23.4,,
ESTAT:TEC00011(1.0),08/01/26 23:00:00,Annuel,Formation brute de capital fixe,Pourcentage du produit intérieur brut (PIB),Norvège,2014,23.7,,
ESTAT:TEC00011(1.0),08/01/26 23:00:00,Annuel,Formation brute de capital fixe,Pourcentage du produit intérieur brut (PIB),Norvège,2015,23.7,,
ESTAT:TEC00011(1.0),08/01/26 23:00:00,Annuel,Formation brute de capital fixe,Pourcentage du produit intérieur brut (PIB),Norvège,2016,25.1,,
ESTAT:TEC00011(1.0),08/01/26 23:00:00,Annuel,Formation brute de capital fixe,Pourcentage du produit intérieur brut (PIB),Norvège,2017,24.4,,
ESTAT:TEC00011(1.0),08/01/26 23:00:00,Annuel,Formation brute de capital fixe,Pourcentage du produit intérieur brut (PIB),Norvège,2018,23.8,,
ESTAT:TEC00011(1.0),08/01/26 23:00:00,Annuel,Formation brute de capital fixe,Pourcentage du produit intérieur brut (PIB),Norvège,2019,26.6,,
ESTAT:TEC00011(1.0),08/01/26 23:00:00,Annuel,Formation brute de capital fixe,Pourcentage du produit intérieur brut (PIB),Norvège,2020,27.4,,
ESTAT:TEC00011(1.0),08/01/26 23:00:00,Annuel,Formation brute de capital fixe,Pourcentage du produit intérieur brut (PIB),Norvège,2021,22.9,,
ESTAT:TEC00011(1.0),08/01/26 23:00:00,Annuel,Formation brute de capital fixe,Pourcentage du produit intérieur brut (PIB),Norvège,2022,18.4,,
ESTAT:TEC00011(1.0),08/01/26 23:00:00,Annuel,Formation brute de capital fixe,Pourcentage du produit intérieur brut (PIB),Norvège,2023,21.7,,
ESTAT:TEC00011(1.0),08/01/26 23:00:00,Annuel,Formation brute de capital fixe,Pourcentage du produit intérieur brut (PIB),Norvège,2024,22.0,,
ESTAT:TEC00011(1.0),08/01/26 23:00:00,Annuel,Formation brute de capital fixe,Pourcentage du produit intérieur brut (PIB),Pologne,2013,18.8,,
ESTAT:TEC00011(1.0),08/01/26 23:00:00,Annuel,Formation brute de capital fixe,Pourcentage du produit intérieur brut (PIB),Pologne,2014,20.0,,
ESTAT:TEC00011(1.0),08/01/26 23:00:00,Annuel,Formation brute de capital fixe,Pourcentage du produit intérieur brut (PIB),Pologne,2015,20.2,,
ESTAT:TEC00011(1.0),08/01/26 23:00:00,Annuel,Formation brute de capital fixe,Pourcentage du produit intérieur brut (PIB),Pologne,2016,18.3,,
ESTAT:TEC00011(1.0),08/01/26 23:00:00,Annuel,Formation brute de capital fixe,Pourcentage du produit intérieur brut (PIB),Pologne,2017,17.5,,
ESTAT:TEC00011(1.0),08/01/26 23:00:00,Annuel,Formation brute de capital fixe,Pourcentage du produit intérieur brut (PIB),Pologne,2018,18.8,,
ESTAT:TEC00011(1.0),08/01/26 23:00:00,Annuel,Formation brute de capital fixe,Pourcentage du produit intérieur brut (PIB),Pologne,2019,19.1,,
ESTAT:TEC00011(1.0),08/01/26 23:00:00,Annuel,Formation brute de capital fixe,Pourcentage du produit intérieur brut (PIB),Pologne,2020,18.4,,
ESTAT:TEC00011(1.0),08/01/26 23:00:00,Annuel,Formation brute de capital fixe,Pourcentage du produit intérieur brut (PIB),Pologne,2021,16.9,,
ESTAT:TEC00011(1.0),08/01/26 23:00:00,Annuel,Formation brute de capital fixe,Pourcentage du produit intérieur brut (PIB),Pologne,2022,16.4,,
ESTAT:TEC00011(1.0),08/01/26 23:00:00,Annuel,Formation brute de capital fixe,Pourcentage du produit intérieur brut (PIB),Pologne,2023,17.9,,
ESTAT:TEC00011(1.0),08/01/26 23:00:00,Annuel,Formation brute de capital fixe,Pourcentage du produit intérieur brut (PIB),Pologne,2024,17.0,,
ESTAT:TEC00011(1.0),08/01/26 23:00:00,Annuel,Formation brute de capital fixe,Pourcentage du produit intérieur brut (PIB),Portugal,2013,14.8,,
ESTAT:TEC00011(1.0),08/01/26 23:00:00,Annuel,Formation brute de capital fixe,Pourcentage du produit intérieur brut (PIB),Portugal,2014,15.1,,
ESTAT:TEC00011(1.0),08/01/26 23:00:00,Annuel,Formation brute de capital fixe,Pourcentage du produit intérieur brut (PIB),Portugal,2015,15.7,,
ESTAT:TEC00011(1.0),08/01/26 23:00:00,Annuel,Formation brute de capital fixe,Pourcentage du produit intérieur brut (PIB),Portugal,2016,15.7,,
ESTAT:TEC00011(1.0),08/01/26 23:00:00,Annuel,Formation brute de capital fixe,Pourcentage du produit intérieur brut (PIB),Portugal,2017,17.1,,
ESTAT:TEC00011(1.0),08/01/26 23:00:00,Annuel,Formation brute de capital fixe,Pourcentage du produit intérieur brut (PIB),Portugal,2018,17.8,,
ESTAT:TEC00011(1.0),08/01/26 23:00:00,Annuel,Formation brute de capital fixe,Pourcentage du produit intérieur brut (PIB),Portugal,2019,18.4,,
ESTAT:TEC00011(1.0),08/01/26 23:00:00,Annuel,Formation brute de capital fixe,Pourcentage du produit intérieur brut (PIB),Portugal,2020,19.5,,
ESTAT:TEC00011(1.0),08/01/26 23:00:00,Annuel,Formation brute de capital fixe,Pourcentage du produit intérieur brut (PIB),Portugal,2021,20.5,,
ESTAT:TEC00011(1.0),08/01/26 23:00:00,Annuel,Formation brute de capital fixe,Pourcentage du produit intérieur brut (PIB),Portugal,2022,20.6,,
ESTAT:TEC00011(1.0),08/01/26 23:00:00,Annuel,Formation brute de capital fixe,Pourcentage du produit intérieur brut (PIB),Portugal,2023,20.5,,
ESTAT:TEC00011(1.0),08/01/26 23:00:00,Annuel,Formation brute de capital fixe,Pourcentage du produit intérieur brut (PIB),Portugal,2024,20.4,p,
ESTAT:TEC00011(1.0),08/01/26 23:00:00,Annuel,Formation brute de capital fixe,Pourcentage du produit intérieur brut (PIB),Roumanie,2013,24.4,,
ESTAT:TEC00011(1.0),08/01/26 23:00:00,Annuel,Formation brute de capital fixe,Pourcentage du produit intérieur brut (PIB),Roumanie,2014,24.6,,
ESTAT:TEC00011(1.0),08/01/26 23:00:00,Annuel,Formation brute de capital fixe,Pourcentage du produit intérieur brut (PIB),Roumanie,2015,24.9,,
ESTAT:TEC00011(1.0),08/01/26 23:00:00,Annuel,Formation brute de capital fixe,Pourcentage du produit intérieur brut (PIB),Roumanie,2016,23.0,,
ESTAT:TEC00011(1.0),08/01/26 23:00:00,Annuel,Formation brute de capital fixe,Pourcentage du produit intérieur brut (PIB),Roumanie,2017,22.9,,
ESTAT:TEC00011(1.0),08/01/26 23:00:00,Annuel,Formation brute de capital fixe,Pourcentage du produit intérieur brut (PIB),Roumanie,2018,21.2,,
ESTAT:TEC00011(1.0),08/01/26 23:00:00,Annuel,Formation brute de capital fixe,Pourcentage du produit intérieur brut (PIB),Roumanie,2019,23.3,,
ESTAT:TEC00011(1.0),08/01/26 23:00:00,Annuel,Formation brute de capital fixe,Pourcentage du produit intérieur brut (PIB),Roumanie,2020,23.5,,
ESTAT:TEC00011(1.0),08/01/26 23:00:00,Annuel,Formation brute de capital fixe,Pourcentage du produit intérieur brut (PIB),Roumanie,2021,24.5,,
ESTAT:TEC00011(1.0),08/01/26 23:00:00,Annuel,Formation brute de capital fixe,Pourcentage du produit intérieur brut (PIB),Roumanie,2022,25.1,,
ESTAT:TEC00011(1.0),08/01/26 23:00:00,Annuel,Formation brute de capital fixe,Pourcentage du produit intérieur brut (PIB),Roumanie,2023,26.5,,
ESTAT:TEC00011(1.0),08/01/26 23:00:00,Annuel,Formation brute de capital fixe,Pourcentage du produit intérieur brut (PIB),Roumanie,2024,25.3,p,
ESTAT:TEC00011(1.0),08/01/26 23:00:00,Annuel,Formation brute de capital fixe,Pourcentage du produit intérieur brut (PIB),Serbie,2013,16.4,,
ESTAT:TEC00011(1.0),08/01/26 23:00:00,Annuel,Formation brute de capital fixe,Pourcentage du produit intérieur brut (PIB),Serbie,2014,15.9,,
ESTAT:TEC00011(1.0),08/01/26 23:00:00,Annuel,Formation brute de capital fixe,Pourcentage du produit intérieur brut (PIB),Serbie,2015,16.8,,
ESTAT:TEC00011(1.0),08/01/26 23:00:00,Annuel,Formation brute de capital fixe,Pourcentage du produit intérieur brut (PIB),Serbie,2016,17.0,,
ESTAT:TEC00011(1.0),08/01/26 23:00:00,Annuel,Formation brute de capital fixe,Pourcentage du produit intérieur brut (PIB),Serbie,2017,17.8,,
ESTAT:TEC00011(1.0),08/01/26 23:00:00,Annuel,Formation brute de capital fixe,Pourcentage du produit intérieur brut (PIB),Serbie,2018,19.9,,
ESTAT:TEC00011(1.0),08/01/26 23:00:00,Annuel,Formation brute de capital fixe,Pourcentage du produit intérieur brut (PIB),Serbie,2019,22.3,,
ESTAT:TEC00011(1.0),08/01/26 23:00:00,Annuel,Formation brute de capital fixe,Pourcentage du produit intérieur brut (PIB),Serbie,2020,21.4,,
ESTAT:TEC00011(1.0),08/01/26 23:00:00,Annuel,Formation brute de capital fixe,Pourcentage du produit intérieur brut (PIB),Serbie,2021,23.1,,
ESTAT:TEC00011(1.0),08/01/26 23:00:00,Annuel,Formation brute de capital fixe,Pourcentage du produit intérieur brut (PIB),Serbie,2022,23.9,,
ESTAT:TEC00011(1.0),08/01/26 23:00:00,Annuel,Formation brute de capital fixe,Pourcentage du produit intérieur brut (PIB),Serbie,2023,23.4,p,
ESTAT:TEC00011(1.0),08/01/26 23:00:00,Annuel,Formation brute de capital fixe,Pourcentage du produit intérieur brut (PIB),Serbie,2024,23.8,p,
ESTAT:TEC00011(1.0),08/01/26 23:00:00,Annuel,Formation brute de capital fixe,Pourcentage du produit intérieur brut (PIB),Suède,2013,22.0,,
ESTAT:TEC00011(1.0),08/01/26 23:00:00,Annuel,Formation brute de capital fixe,Pourcentage du produit intérieur brut (PIB),Suède,2014,22.7,,
ESTAT:TEC00011(1.0),08/01/26 23:00:00,Annuel,Formation brute de capital fixe,Pourcentage du produit intérieur brut (PIB),Suède,2015,23.2,,
ESTAT:TEC00011(1.0),08/01/26 23:00:00,Annuel,Formation brute de capital fixe,Pourcentage du produit intérieur brut (PIB),Suède,2016,23.9,,
ESTAT:TEC00011(1.0),08/01/26 23:00:00,Annuel,Formation brute de capital fixe,Pourcentage du produit intérieur brut (PIB),Suède,2017,24.6,,
ESTAT:TEC00011(1.0),08/01/26 23:00:00,Annuel,Formation brute de capital fixe,Pourcentage du produit intérieur brut (PIB),Suède,2018,24.6,,
ESTAT:TEC00011(1.0),08/01/26 23:00:00,Annuel,Formation brute de capital fixe,Pourcentage du produit intérieur brut (PIB),Suède,2019,23.8,,
ESTAT:TEC00011(1.0),08/01/26 23:00:00,Annuel,Formation brute de capital fixe,Pourcentage du produit intérieur brut (PIB),Suède,2020,24.5,,
ESTAT:TEC00011(1.0),08/01/26 23:00:00,Annuel,Formation brute de capital fixe,Pourcentage du produit intérieur brut (PIB),Suède,2021,25.1,,
ESTAT:TEC00011(1.0),08/01/26 23:00:00,Annuel,Formation brute de capital fixe,Pourcentage du produit intérieur brut (PIB),Suède,2022,25.6,,
ESTAT:TEC00011(1.0),08/01/26 23:00:00,Annuel,Formation brute de capital fixe,Pourcentage du produit intérieur brut (PIB),Suède,2023,25.4,,
ESTAT:TEC00011(1.0),08/01/26 23:00:00,Annuel,Formation brute de capital fixe,Pourcentage du produit intérieur brut (PIB),Suède,2024,25.1,,
ESTAT:TEC00011(1.0),08/01/26 23:00:00,Annuel,Formation brute de capital fixe,Pourcentage du produit intérieur brut (PIB),Slovénie,2013,19.8,,
ESTAT:TEC00011(1.0),08/01/26 23:00:00,Annuel,Formation brute de capital fixe,Pourcentage du produit intérieur brut (PIB),Slovénie,2014,19.4,,
ESTAT:TEC00011(1.0),08/01/26 23:00:00,Annuel,Formation brute de capital fixe,Pourcentage du produit intérieur brut (PIB),Slovénie,2015,18.9,,
ESTAT:TEC00011(1.0),08/01/26 23:00:00,Annuel,Formation brute de capital fixe,Pourcentage du produit intérieur brut (PIB),Slovénie,2016,17.8,,
ESTAT:TEC00011(1.0),08/01/26 23:00:00,Annuel,Formation brute de capital fixe,Pourcentage du produit intérieur brut (PIB),Slovénie,2017,18.5,,
ESTAT:TEC00011(1.0),08/01/26 23:00:00,Annuel,Formation brute de capital fixe,Pourcentage du produit intérieur brut (PIB),Slovénie,2018,19.5,,
ESTAT:TEC00011(1.0),08/01/26 23:00:00,Annuel,Formation brute de capital fixe,Pourcentage du produit intérieur brut (PIB),Slovénie,2019,19.8,,
ESTAT:TEC00011(1.0),08/01/26 23:00:00,Annuel,Formation brute de capital fixe,Pourcentage du produit intérieur brut (PIB),Slovénie,2020,19.0,,
ESTAT:TEC00011(1.0),08/01/26 23:00:00,Annuel,Formation brute de capital fixe,Pourcentage du produit intérieur brut (PIB),Slovénie,2021,20.2,,
ESTAT:TEC00011(1.0),08/01/26 23:00:00,Annuel,Formation brute de capital fixe,Pourcentage du produit intérieur brut (PIB),Slovénie,2022,22.0,,
ESTAT:TEC00011(1.0),08/01/26 23:00:00,Annuel,Formation brute de capital fixe,Pourcentage du produit intérieur brut (PIB),Slovénie,2023,21.6,,
ESTAT:TEC00011(1.0),08/01/26 23:00:00,Annuel,Formation brute de capital fixe,Pourcentage du produit intérieur brut (PIB),Slovénie,2024,20.9,,
ESTAT:TEC00011(1.0),08/01/26 23:00:00,Annuel,Formation brute de capital fixe,Pourcentage du produit intérieur brut (PIB),Slovaquie,2013,21.2,,
ESTAT:TEC00011(1.0),08/01/26 23:00:00,Annuel,Formation brute de capital fixe,Pourcentage du produit intérieur brut (PIB),Slovaquie,2014,21.2,,
ESTAT:TEC00011(1.0),08/01/26 23:00:00,Annuel,Formation brute de capital fixe,Pourcentage du produit intérieur brut (PIB),Slovaquie,2015,24.3,,
ESTAT:TEC00011(1.0),08/01/26 23:00:00,Annuel,Formation brute de capital fixe,Pourcentage du produit intérieur brut (PIB),Slovaquie,2016,21.7,,
ESTAT:TEC00011(1.0),08/01/26 23:00:00,Annuel,Formation brute de capital fixe,Pourcentage du produit intérieur brut (PIB),Slovaquie,2017,21.3,,
ESTAT:TEC00011(1.0),08/01/26 23:00:00,Annuel,Formation brute de capital fixe,Pourcentage du produit intérieur brut (PIB),Slovaquie,2018,21.3,,
ESTAT:TEC00011(1.0),08/01/26 23:00:00,Annuel,Formation brute de capital fixe,Pourcentage du produit intérieur brut (PIB),Slovaquie,2019,21.7,,
ESTAT:TEC00011(1.0),08/01/26 23:00:00,Annuel,Formation brute de capital fixe,Pourcentage du produit intérieur brut (PIB),Slovaquie,2020,19.8,,
ESTAT:TEC00011(1.0),08/01/26 23:00:00,Annuel,Formation brute de capital fixe,Pourcentage du produit intérieur brut (PIB),Slovaquie,2021,19.6,,
ESTAT:TEC00011(1.0),08/01/26 23:00:00,Annuel,Formation brute de capital fixe,Pourcentage du produit intérieur brut (PIB),Slovaquie,2022,20.9,,
ESTAT:TEC00011(1.0),08/01/26 23:00:00,Annuel,Formation brute de capital fixe,Pourcentage du produit intérieur brut (PIB),Slovaquie,2023,21.1,,
ESTAT:TEC00011(1.0),08/01/26 23:00:00,Annuel,Formation brute de capital fixe,Pourcentage du produit intérieur brut (PIB),Slovaquie,2024,20.4,,
ESTAT:TEC00011(1.0),08/01/26 23:00:00,Annuel,Formation brute de capital fixe,Pourcentage du produit intérieur brut (PIB),Turquie,2013,28.8,,
ESTAT:TEC00011(1.0),08/01/26 23:00:00,Annuel,Formation brute de capital fixe,Pourcentage du produit intérieur brut (PIB),Turquie,2014,29.1,,
ESTAT:TEC00011(1.0),08/01/26 23:00:00,Annuel,Formation brute de capital fixe,Pourcentage du produit intérieur brut (PIB),Turquie,2015,30.0,,
ESTAT:TEC00011(1.0),08/01/26 23:00:00,Annuel,Formation brute de capital fixe,Pourcentage du produit intérieur brut (PIB),Turquie,2016,30.0,,
ESTAT:TEC00011(1.0),08/01/26 23:00:00,Annuel,Formation brute de capital fixe,Pourcentage du produit intérieur brut (PIB),Turquie,2017,30.3,,
ESTAT:TEC00011(1.0),08/01/26 23:00:00,Annuel,Formation brute de capital fixe,Pourcentage du produit intérieur brut (PIB),Turquie,2018,30.3,,
ESTAT:TEC00011(1.0),08/01/26 23:00:00,Annuel,Formation brute de capital fixe,Pourcentage du produit intérieur brut (PIB),Turquie,2019,26.5,,
ESTAT:TEC00011(1.0),08/01/26 23:00:00,Annuel,Formation brute de capital fixe,Pourcentage du produit intérieur brut (PIB),Turquie,2020,28.0,,
ESTAT:TEC00011(1.0),08/01/26 23:00:00,Annuel,Formation brute de capital fixe,Pourcentage du produit intérieur brut (PIB),Turquie,2021,28.4,,
ESTAT:TEC00011(1.0),08/01/26 23:00:00,Annuel,Formation brute de capital fixe,Pourcentage du produit intérieur brut (PIB),Turquie,2022,30.5,,
ESTAT:TEC00011(1.0),08/01/26 23:00:00,Annuel,Formation brute de capital fixe,Pourcentage du produit intérieur brut (PIB),Turquie,2023,32.9,,
ESTAT:TEC00011(1.0),08/01/26 23:00:00,Annuel,Formation brute de capital fixe,Pourcentage du produit intérieur brut (PIB),Turquie,2024,31.3,,
ESTAT:TEC00011(1.0),08/01/26 23:00:00,Annuel,Formation brute de capital fixe,Pourcentage du produit intérieur brut (PIB),Ukraine,2013,16.9,,
ESTAT:TEC00011(1.0),08/01/26 23:00:00,Annuel,Formation brute de capital fixe,Pourcentage du produit intérieur brut (PIB),Ukraine,2014,14.1,,
ESTAT:TEC00011(1.0),08/01/26 23:00:00,Annuel,Formation brute de capital fixe,Pourcentage du produit intérieur brut (PIB),Ukraine,2015,13.5,,
ESTAT:TEC00011(1.0),08/01/26 23:00:00,Annuel,Formation brute de capital fixe,Pourcentage du produit intérieur brut (PIB),Ukraine,2016,15.5,,
ESTAT:TEC00011(1.0),08/01/26 23:00:00,Annuel,Formation brute de capital fixe,Pourcentage du produit intérieur brut (PIB),Ukraine,2017,15.8,,
ESTAT:TEC00011(1.0),08/01/26 23:00:00,Annuel,Formation brute de capital fixe,Pourcentage du produit intérieur brut (PIB),Ukraine,2018,17.6,,
ESTAT:TEC00011(1.0),08/01/26 23:00:00,Annuel,Formation brute de capital fixe,Pourcentage du produit intérieur brut (PIB),Ukraine,2019,17.6,,
ESTAT:TEC00011(1.0),08/01/26 23:00:00,Annuel,Formation brute de capital fixe,Pourcentage du produit intérieur brut (PIB),Ukraine,2020,13.4,,
ESTAT:TEC00011(1.0),08/01/26 23:00:00,Annuel,Formation brute de capital fixe,Pourcentage du produit intérieur brut (PIB),Ukraine,2021,13.2,,
ESTAT:TEC00011(1.0),08/01/26 23:00:00,Annuel,Formation brute de capital fixe,Pourcentage du produit intérieur brut (PIB),Ukraine,2022,11.9,,
ESTAT:TEC00011(1.0),08/01/26 23:00:00,Annuel,Formation brute de capital fixe,Pourcentage du produit intérieur brut (PIB),Ukraine,2023,19.9,,
ESTAT:TEC00011(1.0),08/01/26 23:00:00,Annuel,Formation brute de capital fixe,Pourcentage du produit intérieur brut (PIB),United Kingdom,2013,16.0,,
ESTAT:TEC00011(1.0),08/01/26 23:00:00,Annuel,Formation brute de capital fixe,Pourcentage du produit intérieur brut (PIB),United Kingdom,2014,16.6,,
ESTAT:TEC00011(1.0),08/01/26 23:00:00,Annuel,Formation brute de capital fixe,Pourcentage du produit intérieur brut (PIB),United Kingdom,2015,17.2,,
ESTAT:TEC00011(1.0),08/01/26 23:00:00,Annuel,Formation brute de capital fixe,Pourcentage du produit intérieur brut (PIB),United Kingdom,2016,17.7,,
ESTAT:TEC00011(1.0),08/01/26 23:00:00,Annuel,Formation brute de capital fixe,Pourcentage du produit intérieur brut (PIB),United Kingdom,2017,18.0,,
ESTAT:TEC00011(1.0),08/01/26 23:00:00,Annuel,Formation brute de capital fixe,Pourcentage du produit intérieur brut (PIB),United Kingdom,2018,17.8,,
ESTAT:TEC00011(1.0),08/01/26 23:00:00,Annuel,Formation brute de capital fixe,Pourcentage du produit intérieur brut (PIB),United Kingdom,2019,18.0,,
ESTAT:TEC00011(1.0),08/01/26 23:00:00,Annuel,Formation brute de capital fixe,Pourcentage du produit intérieur brut (PIB),Kosovo*,2013,29.2,,
ESTAT:TEC00011(1.0),08/01/26 23:00:00,Annuel,Formation brute de capital fixe,Pourcentage du produit intérieur brut (PIB),Kosovo*,2014,27.5,,
ESTAT:TEC00011(1.0),08/01/26 23:00:00,Annuel,Formation brute de capital fixe,Pourcentage du produit intérieur brut (PIB),Kosovo*,2015,28.3,,
ESTAT:TEC00011(1.0),08/01/26 23:00:00,Annuel,Formation brute de capital fixe,Pourcentage du produit intérieur brut (PIB),Kosovo*,2016,28.0,,
ESTAT:TEC00011(1.0),08/01/26 23:00:00,Annuel,Formation brute de capital fixe,Pourcentage du produit intérieur brut (PIB),Kosovo*,2017,30.0,,
ESTAT:TEC00011(1.0),08/01/26 23:00:00,Annuel,Formation brute de capital fixe,Pourcentage du produit intérieur brut (PIB),Kosovo*,2018,31.7,,
ESTAT:TEC00011(1.0),08/01/26 23:00:00,Annuel,Formation brute de capital fixe,Pourcentage du produit intérieur brut (PIB),Kosovo*,2019,31.0,,
ESTAT:TEC00011(1.0),08/01/26 23:00:00,Annuel,Formation brute de capital fixe,Pourcentage du produit intérieur brut (PIB),Kosovo*,2020,29.7,,
ESTAT:TEC00011(1.0),08/01/26 23:00:00,Annuel,Formation brute de capital fixe,Pourcentage du produit intérieur brut (PIB),Kosovo*,2021,32.9,,
ESTAT:TEC00011(1.0),08/01/26 23:00:00,Annuel,Formation brute de capital fixe,Pourcentage du produit intérieur brut (PIB),Kosovo*,2022,32.5,,
ESTAT:TEC00011(1.0),08/01/26 23:00:00,Annuel,Formation brute de capital fixe,Pourcentage du produit intérieur brut (PIB),Kosovo*,2023,31.5,,
ESTAT:TEC00011(1.0),08/01/26 23:00:00,Annuel,Formation brute de capital fixe,Pourcentage du produit intérieur brut (PIB),Kosovo*,2024,31.6,,
