DATAFLOW,LAST UPDATE,freq,unit,direct,na_item,sector,geo,TIME_PERIOD,OBS_VALUE,OBS_FLAG,CONF_STATUS
ESTAT:TEC00113(1.0),07/01/26 23:00:00,Annuel,"Standard de pouvoir d'achat (SPA, UE27 à partir de 2020) par habitant",Payé,"Revenu disponible ajusté, brut",Ménages; institutions sans but lucratif au service des ménages,Autriche,2013,24683,,
ESTAT:TEC00113(1.0),07/01/26 23:00:00,Annuel,"Standard de pouvoir d'achat (SPA, UE27 à partir de 2020) par habitant",Payé,"Revenu disponible ajusté, brut",Ménages; institutions sans but lucratif au service des ménages,Autriche,2014,24835,,
ESTAT:TEC00113(1.0),07/01/26 23:00:00,Annuel,"Standard de pouvoir d'achat (SPA, UE27 à partir de 2020) par habitant",Payé,"Revenu disponible ajusté, brut",Ménages; institutions sans but lucratif au service des ménages,Autriche,2015,25112,,
ESTAT:TEC00113(1.0),07/01/26 23:00:00,Annuel,"Standard de pouvoir d'achat (SPA, UE27 à partir de 2020) par habitant",Payé,"Revenu disponible ajusté, brut",Ménages; institutions sans but lucratif au service des ménages,Autriche,2016,25537,,
ESTAT:TEC00113(1.0),07/01/26 23:00:00,Annuel,"Standard de pouvoir d'achat (SPA, UE27 à partir de 2020) par habitant",Payé,"Revenu disponible ajusté, brut",Ménages; institutions sans but lucratif au service des ménages,Autriche,2017,25793,,
ESTAT:TEC00113(1.0),07/01/26 23:00:00,Annuel,"Standard de pouvoir d'achat (SPA, UE27 à partir de 2020) par habitant",Payé,"Revenu disponible ajusté, brut",Ménages; institutions sans but lucratif au service des ménages,Autriche,2018,26444,,
ESTAT:TEC00113(1.0),07/01/26 23:00:00,Annuel,"Standard de pouvoir d'achat (SPA, UE27 à partir de 2020) par habitant",Payé,"Revenu disponible ajusté, brut",Ménages; institutions sans but lucratif au service des ménages,Autriche,2019,26744,,
ESTAT:TEC00113(1.0),07/01/26 23:00:00,Annuel,"Standard de pouvoir d'achat (SPA, UE27 à partir de 2020) par habitant",Payé,"Revenu disponible ajusté, brut",Ménages; institutions sans but lucratif au service des ménages,Autriche,2020,26778,,
ESTAT:TEC00113(1.0),07/01/26 23:00:00,Annuel,"Standard de pouvoir d'achat (SPA, UE27 à partir de 2020) par habitant",Payé,"Revenu disponible ajusté, brut",Ménages; institutions sans but lucratif au service des ménages,Autriche,2021,29103,,
ESTAT:TEC00113(1.0),07/01/26 23:00:00,Annuel,"Standard de pouvoir d'achat (SPA, UE27 à partir de 2020) par habitant",Payé,"Revenu disponible ajusté, brut",Ménages; institutions sans but lucratif au service des ménages,Autriche,2022,31547,,
ESTAT:TEC00113(1.0),07/01/26 23:00:00,Annuel,"Standard de pouvoir d'achat (SPA, UE27 à partir de 2020) par habitant",Payé,"Revenu disponible ajusté, brut",Ménages; institutions sans but lucratif au service des ménages,Autriche,2023,32639,,
ESTAT:TEC00113(1.0),07/01/26 23:00:00,Annuel,"Standard de pouvoir d'achat (SPA, UE27 à partir de 2020) par habitant",Payé,"Revenu disponible ajusté, brut",Ménages; institutions sans but lucratif au service des ménages,Autriche,2024,34443,,
ESTAT:TEC00113(1.0),07/01/26 23:00:00,Annuel,"Standard de pouvoir d'achat (SPA, UE27 à partir de 2020) par habitant",Payé,"Revenu disponible ajusté, brut",Ménages; institutions sans but lucratif au service des ménages,Belgique,2013,23324,,
ESTAT:TEC00113(1.0),07/01/26 23:00:00,Annuel,"Standard de pouvoir d'achat (SPA, UE27 à partir de 2020) par habitant",Payé,"Revenu disponible ajusté, brut",Ménages; institutions sans but lucratif au service des ménages,Belgique,2014,23730,,
ESTAT:TEC00113(1.0),07/01/26 23:00:00,Annuel,"Standard de pouvoir d'achat (SPA, UE27 à partir de 2020) par habitant",Payé,"Revenu disponible ajusté, brut",Ménages; institutions sans but lucratif au service des ménages,Belgique,2015,23973,,
ESTAT:TEC00113(1.0),07/01/26 23:00:00,Annuel,"Standard de pouvoir d'achat (SPA, UE27 à partir de 2020) par habitant",Payé,"Revenu disponible ajusté, brut",Ménages; institutions sans but lucratif au service des ménages,Belgique,2016,24062,,
ESTAT:TEC00113(1.0),07/01/26 23:00:00,Annuel,"Standard de pouvoir d'achat (SPA, UE27 à partir de 2020) par habitant",Payé,"Revenu disponible ajusté, brut",Ménages; institutions sans but lucratif au service des ménages,Belgique,2017,24575,,
ESTAT:TEC00113(1.0),07/01/26 23:00:00,Annuel,"Standard de pouvoir d'achat (SPA, UE27 à partir de 2020) par habitant",Payé,"Revenu disponible ajusté, brut",Ménages; institutions sans but lucratif au service des ménages,Belgique,2018,25193,,
ESTAT:TEC00113(1.0),07/01/26 23:00:00,Annuel,"Standard de pouvoir d'achat (SPA, UE27 à partir de 2020) par habitant",Payé,"Revenu disponible ajusté, brut",Ménages; institutions sans but lucratif au service des ménages,Belgique,2019,26103,,
ESTAT:TEC00113(1.0),07/01/26 23:00:00,Annuel,"Standard de pouvoir d'achat (SPA, UE27 à partir de 2020) par habitant",Payé,"Revenu disponible ajusté, brut",Ménages; institutions sans but lucratif au service des ménages,Belgique,2020,26675,,
ESTAT:TEC00113(1.0),07/01/26 23:00:00,Annuel,"Standard de pouvoir d'achat (SPA, UE27 à partir de 2020) par habitant",Payé,"Revenu disponible ajusté, brut",Ménages; institutions sans but lucratif au service des ménages,Belgique,2021,27901,,
ESTAT:TEC00113(1.0),07/01/26 23:00:00,Annuel,"Standard de pouvoir d'achat (SPA, UE27 à partir de 2020) par habitant",Payé,"Revenu disponible ajusté, brut",Ménages; institutions sans but lucratif au service des ménages,Belgique,2022,29742,,
ESTAT:TEC00113(1.0),07/01/26 23:00:00,Annuel,"Standard de pouvoir d'achat (SPA, UE27 à partir de 2020) par habitant",Payé,"Revenu disponible ajusté, brut",Ménages; institutions sans but lucratif au service des ménages,Belgique,2023,31962,,
ESTAT:TEC00113(1.0),07/01/26 23:00:00,Annuel,"Standard de pouvoir d'achat (SPA, UE27 à partir de 2020) par habitant",Payé,"Revenu disponible ajusté, brut",Ménages; institutions sans but lucratif au service des ménages,Belgique,2024,33078,p,
ESTAT:TEC00113(1.0),07/01/26 23:00:00,Annuel,"Standard de pouvoir d'achat (SPA, UE27 à partir de 2020) par habitant",Payé,"Revenu disponible ajusté, brut",Ménages; institutions sans but lucratif au service des ménages,Suisse,2013,28535,,
ESTAT:TEC00113(1.0),07/01/26 23:00:00,Annuel,"Standard de pouvoir d'achat (SPA, UE27 à partir de 2020) par habitant",Payé,"Revenu disponible ajusté, brut",Ménages; institutions sans but lucratif au service des ménages,Suisse,2014,29034,,
ESTAT:TEC00113(1.0),07/01/26 23:00:00,Annuel,"Standard de pouvoir d'achat (SPA, UE27 à partir de 2020) par habitant",Payé,"Revenu disponible ajusté, brut",Ménages; institutions sans but lucratif au service des ménages,Suisse,2015,29352,,
ESTAT:TEC00113(1.0),07/01/26 23:00:00,Annuel,"Standard de pouvoir d'achat (SPA, UE27 à partir de 2020) par habitant",Payé,"Revenu disponible ajusté, brut",Ménages; institutions sans but lucratif au service des ménages,Suisse,2016,29080,,
ESTAT:TEC00113(1.0),07/01/26 23:00:00,Annuel,"Standard de pouvoir d'achat (SPA, UE27 à partir de 2020) par habitant",Payé,"Revenu disponible ajusté, brut",Ménages; institutions sans but lucratif au service des ménages,Suisse,2017,28453,,
ESTAT:TEC00113(1.0),07/01/26 23:00:00,Annuel,"Standard de pouvoir d'achat (SPA, UE27 à partir de 2020) par habitant",Payé,"Revenu disponible ajusté, brut",Ménages; institutions sans but lucratif au service des ménages,Suisse,2018,28719,,
ESTAT:TEC00113(1.0),07/01/26 23:00:00,Annuel,"Standard de pouvoir d'achat (SPA, UE27 à partir de 2020) par habitant",Payé,"Revenu disponible ajusté, brut",Ménages; institutions sans but lucratif au service des ménages,Suisse,2019,29078,,
ESTAT:TEC00113(1.0),07/01/26 23:00:00,Annuel,"Standard de pouvoir d'achat (SPA, UE27 à partir de 2020) par habitant",Payé,"Revenu disponible ajusté, brut",Ménages; institutions sans but lucratif au service des ménages,Suisse,2020,29624,,
ESTAT:TEC00113(1.0),07/01/26 23:00:00,Annuel,"Standard de pouvoir d'achat (SPA, UE27 à partir de 2020) par habitant",Payé,"Revenu disponible ajusté, brut",Ménages; institutions sans but lucratif au service des ménages,Suisse,2021,30454,,
ESTAT:TEC00113(1.0),07/01/26 23:00:00,Annuel,"Standard de pouvoir d'achat (SPA, UE27 à partir de 2020) par habitant",Payé,"Revenu disponible ajusté, brut",Ménages; institutions sans but lucratif au service des ménages,Suisse,2022,32613,p,
ESTAT:TEC00113(1.0),07/01/26 23:00:00,Annuel,"Standard de pouvoir d'achat (SPA, UE27 à partir de 2020) par habitant",Payé,"Revenu disponible ajusté, brut",Ménages; institutions sans but lucratif au service des ménages,Suisse,2023,33971,p,
ESTAT:TEC00113(1.0),07/01/26 23:00:00,Annuel,"Standard de pouvoir d'achat (SPA, UE27 à partir de 2020) par habitant",Payé,"Revenu disponible ajusté, brut",Ménages; institutions sans but lucratif au service des ménages,Chypre,2013,17495,,
ESTAT:TEC00113(1.0),07/01/26 23:00:00,Annuel,"Standard de pouvoir d'achat (SPA, UE27 à partir de 2020) par habitant",Payé,"Revenu disponible ajusté, brut",Ménages; institutions sans but lucratif au service des ménages,Chypre,2014,16535,,
ESTAT:TEC00113(1.0),07/01/26 23:00:00,Annuel,"Standard de pouvoir d'achat (SPA, UE27 à partir de 2020) par habitant",Payé,"Revenu disponible ajusté, brut",Ménages; institutions sans but lucratif au service des ménages,Chypre,2015,16807,,
ESTAT:TEC00113(1.0),07/01/26 23:00:00,Annuel,"Standard de pouvoir d'achat (SPA, UE27 à partir de 2020) par habitant",Payé,"Revenu disponible ajusté, brut",Ménages; institutions sans but lucratif au service des ménages,Chypre,2016,17982,,
ESTAT:TEC00113(1.0),07/01/26 23:00:00,Annuel,"Standard de pouvoir d'achat (SPA, UE27 à partir de 2020) par habitant",Payé,"Revenu disponible ajusté, brut",Ménages; institutions sans but lucratif au service des ménages,Chypre,2017,18832,,
ESTAT:TEC00113(1.0),07/01/26 23:00:00,Annuel,"Standard de pouvoir d'achat (SPA, UE27 à partir de 2020) par habitant",Payé,"Revenu disponible ajusté, brut",Ménages; institutions sans but lucratif au service des ménages,Chypre,2018,19579,,
ESTAT:TEC00113(1.0),07/01/26 23:00:00,Annuel,"Standard de pouvoir d'achat (SPA, UE27 à partir de 2020) par habitant",Payé,"Revenu disponible ajusté, brut",Ménages; institutions sans but lucratif au service des ménages,Chypre,2019,21275,,
ESTAT:TEC00113(1.0),07/01/26 23:00:00,Annuel,"Standard de pouvoir d'achat (SPA, UE27 à partir de 2020) par habitant",Payé,"Revenu disponible ajusté, brut",Ménages; institutions sans but lucratif au service des ménages,Chypre,2020,21645,,
ESTAT:TEC00113(1.0),07/01/26 23:00:00,Annuel,"Standard de pouvoir d'achat (SPA, UE27 à partir de 2020) par habitant",Payé,"Revenu disponible ajusté, brut",Ménages; institutions sans but lucratif au service des ménages,Chypre,2021,22388,,
ESTAT:TEC00113(1.0),07/01/26 23:00:00,Annuel,"Standard de pouvoir d'achat (SPA, UE27 à partir de 2020) par habitant",Payé,"Revenu disponible ajusté, brut",Ménages; institutions sans but lucratif au service des ménages,Chypre,2022,23506,,
ESTAT:TEC00113(1.0),07/01/26 23:00:00,Annuel,"Standard de pouvoir d'achat (SPA, UE27 à partir de 2020) par habitant",Payé,"Revenu disponible ajusté, brut",Ménages; institutions sans but lucratif au service des ménages,Chypre,2023,24985,,
ESTAT:TEC00113(1.0),07/01/26 23:00:00,Annuel,"Standard de pouvoir d'achat (SPA, UE27 à partir de 2020) par habitant",Payé,"Revenu disponible ajusté, brut",Ménages; institutions sans but lucratif au service des ménages,Chypre,2024,26693,p,
ESTAT:TEC00113(1.0),07/01/26 23:00:00,Annuel,"Standard de pouvoir d'achat (SPA, UE27 à partir de 2020) par habitant",Payé,"Revenu disponible ajusté, brut",Ménages; institutions sans but lucratif au service des ménages,Tchéquie,2013,15518,,
ESTAT:TEC00113(1.0),07/01/26 23:00:00,Annuel,"Standard de pouvoir d'achat (SPA, UE27 à partir de 2020) par habitant",Payé,"Revenu disponible ajusté, brut",Ménages; institutions sans but lucratif au service des ménages,Tchéquie,2014,16331,,
ESTAT:TEC00113(1.0),07/01/26 23:00:00,Annuel,"Standard de pouvoir d'achat (SPA, UE27 à partir de 2020) par habitant",Payé,"Revenu disponible ajusté, brut",Ménages; institutions sans but lucratif au service des ménages,Tchéquie,2015,16604,,
ESTAT:TEC00113(1.0),07/01/26 23:00:00,Annuel,"Standard de pouvoir d'achat (SPA, UE27 à partir de 2020) par habitant",Payé,"Revenu disponible ajusté, brut",Ménages; institutions sans but lucratif au service des ménages,Tchéquie,2016,17129,,
ESTAT:TEC00113(1.0),07/01/26 23:00:00,Annuel,"Standard de pouvoir d'achat (SPA, UE27 à partir de 2020) par habitant",Payé,"Revenu disponible ajusté, brut",Ménages; institutions sans but lucratif au service des ménages,Tchéquie,2017,18485,,
ESTAT:TEC00113(1.0),07/01/26 23:00:00,Annuel,"Standard de pouvoir d'achat (SPA, UE27 à partir de 2020) par habitant",Payé,"Revenu disponible ajusté, brut",Ménages; institutions sans but lucratif au service des ménages,Tchéquie,2018,19428,,
ESTAT:TEC00113(1.0),07/01/26 23:00:00,Annuel,"Standard de pouvoir d'achat (SPA, UE27 à partir de 2020) par habitant",Payé,"Revenu disponible ajusté, brut",Ménages; institutions sans but lucratif au service des ménages,Tchéquie,2019,20357,,
ESTAT:TEC00113(1.0),07/01/26 23:00:00,Annuel,"Standard de pouvoir d'achat (SPA, UE27 à partir de 2020) par habitant",Payé,"Revenu disponible ajusté, brut",Ménages; institutions sans but lucratif au service des ménages,Tchéquie,2020,21002,,
ESTAT:TEC00113(1.0),07/01/26 23:00:00,Annuel,"Standard de pouvoir d'achat (SPA, UE27 à partir de 2020) par habitant",Payé,"Revenu disponible ajusté, brut",Ménages; institutions sans but lucratif au service des ménages,Tchéquie,2021,22002,,
ESTAT:TEC00113(1.0),07/01/26 23:00:00,Annuel,"Standard de pouvoir d'achat (SPA, UE27 à partir de 2020) par habitant",Payé,"Revenu disponible ajusté, brut",Ménages; institutions sans but lucratif au service des ménages,Tchéquie,2022,22724,,
ESTAT:TEC00113(1.0),07/01/26 23:00:00,Annuel,"Standard de pouvoir d'achat (SPA, UE27 à partir de 2020) par habitant",Payé,"Revenu disponible ajusté, brut",Ménages; institutions sans but lucratif au service des ménages,Tchéquie,2023,24689,,
ESTAT:TEC00113(1.0),07/01/26 23:00:00,Annuel,"Standard de pouvoir d'achat (SPA, UE27 à partir de 2020) par habitant",Payé,"Revenu disponible ajusté, brut",Ménages; institutions sans but lucratif au service des ménages,Tchéquie,2024,25992,,
ESTAT:TEC00113(1.0),07/01/26 23:00:00,Annuel,"Standard de pouvoir d'achat (SPA, UE27 à partir de 2020) par habitant",Payé,"Revenu disponible ajusté, brut",Ménages; institutions sans but lucratif au service des ménages,Allemagne,2013,25620,,
ESTAT:TEC00113(1.0),07/01/26 23:00:00,Annuel,"Standard de pouvoir d'achat (SPA, UE27 à partir de 2020) par habitant",Payé,"Revenu disponible ajusté, brut",Ménages; institutions sans but lucratif au service des ménages,Allemagne,2014,26304,,
ESTAT:TEC00113(1.0),07/01/26 23:00:00,Annuel,"Standard de pouvoir d'achat (SPA, UE27 à partir de 2020) par habitant",Payé,"Revenu disponible ajusté, brut",Ménages; institutions sans but lucratif au service des ménages,Allemagne,2015,26696,,
ESTAT:TEC00113(1.0),07/01/26 23:00:00,Annuel,"Standard de pouvoir d'achat (SPA, UE27 à partir de 2020) par habitant",Payé,"Revenu disponible ajusté, brut",Ménages; institutions sans but lucratif au service des ménages,Allemagne,2016,27515,,
ESTAT:TEC00113(1.0),07/01/26 23:00:00,Annuel,"Standard de pouvoir d'achat (SPA, UE27 à partir de 2020) par habitant",Payé,"Revenu disponible ajusté, brut",Ménages; institutions sans but lucratif au service des ménages,Allemagne,2017,28452,,
ESTAT:TEC00113(1.0),07/01/26 23:00:00,Annuel,"Standard de pouvoir d'achat (SPA, UE27 à partir de 2020) par habitant",Payé,"Revenu disponible ajusté, brut",Ménages; institutions sans but lucratif au service des ménages,Allemagne,2018,29600,,
ESTAT:TEC00113(1.0),07/01/26 23:00:00,Annuel,"Standard de pouvoir d'achat (SPA, UE27 à partir de 2020) par habitant",Payé,"Revenu disponible ajusté, brut",Ménages; institutions sans but lucratif au service des ménages,Allemagne,2019,30094,,
ESTAT:TEC00113(1.0),07/01/26 23:00:00,Annuel,"Standard de pouvoir d'achat (SPA, UE27 à partir de 2020) par habitant",Payé,"Revenu disponible ajusté, brut",Ménages; institutions sans but lucratif au service des ménages,Allemagne,2020,30501,,
ESTAT:TEC00113(1.0),07/01/26 23:00:00,Annuel,"Standard de pouvoir d'achat (SPA, UE27 à partir de 2020) par habitant",Payé,"Revenu disponible ajusté, brut",Ménages; institutions sans but lucratif au service des ménages,Allemagne,2021,31754,,
ESTAT:TEC00113(1.0),07/01/26 23:00:00,Annuel,"Standard de pouvoir d'achat (SPA, UE27 à partir de 2020) par habitant",Payé,"Revenu disponible ajusté, brut",Ménages; institutions sans but lucratif au service des ménages,Allemagne,2022,34098,p,
ESTAT:TEC00113(1.0),07/01/26 23:00:00,Annuel,"Standard de pouvoir d'achat (SPA, UE27 à partir de 2020) par habitant",Payé,"Revenu disponible ajusté, brut",Ménages; institutions sans but lucratif au service des ménages,Allemagne,2023,35662,p,
ESTAT:TEC00113(1.0),07/01/26 23:00:00,Annuel,"Standard de pouvoir d'achat (SPA, UE27 à partir de 2020) par habitant",Payé,"Revenu disponible ajusté, brut",Ménages; institutions sans but lucratif au service des ménages,Allemagne,2024,37098,p,
ESTAT:TEC00113(1.0),07/01/26 23:00:00,Annuel,"Standard de pouvoir d'achat (SPA, UE27 à partir de 2020) par habitant",Payé,"Revenu disponible ajusté, brut",Ménages; institutions sans but lucratif au service des ménages,Danemark,2013,21135,,
ESTAT:TEC00113(1.0),07/01/26 23:00:00,Annuel,"Standard de pouvoir d'achat (SPA, UE27 à partir de 2020) par habitant",Payé,"Revenu disponible ajusté, brut",Ménages; institutions sans but lucratif au service des ménages,Danemark,2014,21183,,
ESTAT:TEC00113(1.0),07/01/26 23:00:00,Annuel,"Standard de pouvoir d'achat (SPA, UE27 à partir de 2020) par habitant",Payé,"Revenu disponible ajusté, brut",Ménages; institutions sans but lucratif au service des ménages,Danemark,2015,21982,,
ESTAT:TEC00113(1.0),07/01/26 23:00:00,Annuel,"Standard de pouvoir d'achat (SPA, UE27 à partir de 2020) par habitant",Payé,"Revenu disponible ajusté, brut",Ménages; institutions sans but lucratif au service des ménages,Danemark,2016,22355,,
ESTAT:TEC00113(1.0),07/01/26 23:00:00,Annuel,"Standard de pouvoir d'achat (SPA, UE27 à partir de 2020) par habitant",Payé,"Revenu disponible ajusté, brut",Ménages; institutions sans but lucratif au service des ménages,Danemark,2017,23282,,
ESTAT:TEC00113(1.0),07/01/26 23:00:00,Annuel,"Standard de pouvoir d'achat (SPA, UE27 à partir de 2020) par habitant",Payé,"Revenu disponible ajusté, brut",Ménages; institutions sans but lucratif au service des ménages,Danemark,2018,24056,,
ESTAT:TEC00113(1.0),07/01/26 23:00:00,Annuel,"Standard de pouvoir d'achat (SPA, UE27 à partir de 2020) par habitant",Payé,"Revenu disponible ajusté, brut",Ménages; institutions sans but lucratif au service des ménages,Danemark,2019,24277,,
ESTAT:TEC00113(1.0),07/01/26 23:00:00,Annuel,"Standard de pouvoir d'achat (SPA, UE27 à partir de 2020) par habitant",Payé,"Revenu disponible ajusté, brut",Ménages; institutions sans but lucratif au service des ménages,Danemark,2020,24601,,
ESTAT:TEC00113(1.0),07/01/26 23:00:00,Annuel,"Standard de pouvoir d'achat (SPA, UE27 à partir de 2020) par habitant",Payé,"Revenu disponible ajusté, brut",Ménages; institutions sans but lucratif au service des ménages,Danemark,2021,25843,,
ESTAT:TEC00113(1.0),07/01/26 23:00:00,Annuel,"Standard de pouvoir d'achat (SPA, UE27 à partir de 2020) par habitant",Payé,"Revenu disponible ajusté, brut",Ménages; institutions sans but lucratif au service des ménages,Danemark,2022,26612,,
ESTAT:TEC00113(1.0),07/01/26 23:00:00,Annuel,"Standard de pouvoir d'achat (SPA, UE27 à partir de 2020) par habitant",Payé,"Revenu disponible ajusté, brut",Ménages; institutions sans but lucratif au service des ménages,Danemark,2023,28083,,
ESTAT:TEC00113(1.0),07/01/26 23:00:00,Annuel,"Standard de pouvoir d'achat (SPA, UE27 à partir de 2020) par habitant",Payé,"Revenu disponible ajusté, brut",Ménages; institutions sans but lucratif au service des ménages,Danemark,2024,29268,,
ESTAT:TEC00113(1.0),07/01/26 23:00:00,Annuel,"Standard de pouvoir d'achat (SPA, UE27 à partir de 2020) par habitant",Payé,"Revenu disponible ajusté, brut",Ménages; institutions sans but lucratif au service des ménages,Zone euro - 20 pays (2023-2025),2013,21339,,
ESTAT:TEC00113(1.0),07/01/26 23:00:00,Annuel,"Standard de pouvoir d'achat (SPA, UE27 à partir de 2020) par habitant",Payé,"Revenu disponible ajusté, brut",Ménages; institutions sans but lucratif au service des ménages,Zone euro - 20 pays (2023-2025),2014,21601,,
ESTAT:TEC00113(1.0),07/01/26 23:00:00,Annuel,"Standard de pouvoir d'achat (SPA, UE27 à partir de 2020) par habitant",Payé,"Revenu disponible ajusté, brut",Ménages; institutions sans but lucratif au service des ménages,Zone euro - 20 pays (2023-2025),2015,22028,,
ESTAT:TEC00113(1.0),07/01/26 23:00:00,Annuel,"Standard de pouvoir d'achat (SPA, UE27 à partir de 2020) par habitant",Payé,"Revenu disponible ajusté, brut",Ménages; institutions sans but lucratif au service des ménages,Zone euro - 20 pays (2023-2025),2016,22512,,
ESTAT:TEC00113(1.0),07/01/26 23:00:00,Annuel,"Standard de pouvoir d'achat (SPA, UE27 à partir de 2020) par habitant",Payé,"Revenu disponible ajusté, brut",Ménages; institutions sans but lucratif au service des ménages,Zone euro - 20 pays (2023-2025),2017,23155,,
ESTAT:TEC00113(1.0),07/01/26 23:00:00,Annuel,"Standard de pouvoir d'achat (SPA, UE27 à partir de 2020) par habitant",Payé,"Revenu disponible ajusté, brut",Ménages; institutions sans but lucratif au service des ménages,Zone euro - 20 pays (2023-2025),2018,23796,,
ESTAT:TEC00113(1.0),07/01/26 23:00:00,Annuel,"Standard de pouvoir d'achat (SPA, UE27 à partir de 2020) par habitant",Payé,"Revenu disponible ajusté, brut",Ménages; institutions sans but lucratif au service des ménages,Zone euro - 20 pays (2023-2025),2019,24481,,
ESTAT:TEC00113(1.0),07/01/26 23:00:00,Annuel,"Standard de pouvoir d'achat (SPA, UE27 à partir de 2020) par habitant",Payé,"Revenu disponible ajusté, brut",Ménages; institutions sans but lucratif au service des ménages,Zone euro - 20 pays (2023-2025),2020,24627,,
ESTAT:TEC00113(1.0),07/01/26 23:00:00,Annuel,"Standard de pouvoir d'achat (SPA, UE27 à partir de 2020) par habitant",Payé,"Revenu disponible ajusté, brut",Ménages; institutions sans but lucratif au service des ménages,Zone euro - 20 pays (2023-2025),2021,25987,,
ESTAT:TEC00113(1.0),07/01/26 23:00:00,Annuel,"Standard de pouvoir d'achat (SPA, UE27 à partir de 2020) par habitant",Payé,"Revenu disponible ajusté, brut",Ménages; institutions sans but lucratif au service des ménages,Zone euro - 20 pays (2023-2025),2022,27792,,
ESTAT:TEC00113(1.0),07/01/26 23:00:00,Annuel,"Standard de pouvoir d'achat (SPA, UE27 à partir de 2020) par habitant",Payé,"Revenu disponible ajusté, brut",Ménages; institutions sans but lucratif au service des ménages,Zone euro - 20 pays (2023-2025),2023,29717,,
ESTAT:TEC00113(1.0),07/01/26 23:00:00,Annuel,"Standard de pouvoir d'achat (SPA, UE27 à partir de 2020) par habitant",Payé,"Revenu disponible ajusté, brut",Ménages; institutions sans but lucratif au service des ménages,Zone euro - 20 pays (2023-2025),2024,31139,,
ESTAT:TEC00113(1.0),07/01/26 23:00:00,Annuel,"Standard de pouvoir d'achat (SPA, UE27 à partir de 2020) par habitant",Payé,"Revenu disponible ajusté, brut",Ménages; institutions sans but lucratif au service des ménages,Estonie,2013,13053,,
ESTAT:TEC00113(1.0),07/01/26 23:00:00,Annuel,"Standard de pouvoir d'achat (SPA, UE27 à partir de 2020) par habitant",Payé,"Revenu disponible ajusté, brut",Ménages; institutions sans but lucratif au service des ménages,Estonie,2014,13449,,
ESTAT:TEC00113(1.0),07/01/26 23:00:00,Annuel,"Standard de pouvoir d'achat (SPA, UE27 à partir de 2020) par habitant",Payé,"Revenu disponible ajusté, brut",Ménages; institutions sans but lucratif au service des ménages,Estonie,2015,14321,,
ESTAT:TEC00113(1.0),07/01/26 23:00:00,Annuel,"Standard de pouvoir d'achat (SPA, UE27 à partir de 2020) par habitant",Payé,"Revenu disponible ajusté, brut",Ménages; institutions sans but lucratif au service des ménages,Estonie,2016,14739,,
ESTAT:TEC00113(1.0),07/01/26 23:00:00,Annuel,"Standard de pouvoir d'achat (SPA, UE27 à partir de 2020) par habitant",Payé,"Revenu disponible ajusté, brut",Ménages; institutions sans but lucratif au service des ménages,Estonie,2017,15358,,
ESTAT:TEC00113(1.0),07/01/26 23:00:00,Annuel,"Standard de pouvoir d'achat (SPA, UE27 à partir de 2020) par habitant",Payé,"Revenu disponible ajusté, brut",Ménages; institutions sans but lucratif au service des ménages,Estonie,2018,16688,,
ESTAT:TEC00113(1.0),07/01/26 23:00:00,Annuel,"Standard de pouvoir d'achat (SPA, UE27 à partir de 2020) par habitant",Payé,"Revenu disponible ajusté, brut",Ménages; institutions sans but lucratif au service des ménages,Estonie,2019,17233,,
ESTAT:TEC00113(1.0),07/01/26 23:00:00,Annuel,"Standard de pouvoir d'achat (SPA, UE27 à partir de 2020) par habitant",Payé,"Revenu disponible ajusté, brut",Ménages; institutions sans but lucratif au service des ménages,Estonie,2020,17522,,
ESTAT:TEC00113(1.0),07/01/26 23:00:00,Annuel,"Standard de pouvoir d'achat (SPA, UE27 à partir de 2020) par habitant",Payé,"Revenu disponible ajusté, brut",Ménages; institutions sans but lucratif au service des ménages,Estonie,2021,18121,,
ESTAT:TEC00113(1.0),07/01/26 23:00:00,Annuel,"Standard de pouvoir d'achat (SPA, UE27 à partir de 2020) par habitant",Payé,"Revenu disponible ajusté, brut",Ménages; institutions sans but lucratif au service des ménages,Estonie,2022,18765,,
ESTAT:TEC00113(1.0),07/01/26 23:00:00,Annuel,"Standard de pouvoir d'achat (SPA, UE27 à partir de 2020) par habitant",Payé,"Revenu disponible ajusté, brut",Ménages; institutions sans but lucratif au service des ménages,Estonie,2023,19468,,
ESTAT:TEC00113(1.0),07/01/26 23:00:00,Annuel,"Standard de pouvoir d'achat (SPA, UE27 à partir de 2020) par habitant",Payé,"Revenu disponible ajusté, brut",Ménages; institutions sans but lucratif au service des ménages,Estonie,2024,20980,,
ESTAT:TEC00113(1.0),07/01/26 23:00:00,Annuel,"Standard de pouvoir d'achat (SPA, UE27 à partir de 2020) par habitant",Payé,"Revenu disponible ajusté, brut",Ménages; institutions sans but lucratif au service des ménages,Grèce,2013,13584,p,
ESTAT:TEC00113(1.0),07/01/26 23:00:00,Annuel,"Standard de pouvoir d'achat (SPA, UE27 à partir de 2020) par habitant",Payé,"Revenu disponible ajusté, brut",Ménages; institutions sans but lucratif au service des ménages,Grèce,2014,13934,p,
ESTAT:TEC00113(1.0),07/01/26 23:00:00,Annuel,"Standard de pouvoir d'achat (SPA, UE27 à partir de 2020) par habitant",Payé,"Revenu disponible ajusté, brut",Ménages; institutions sans but lucratif au service des ménages,Grèce,2015,14319,p,
ESTAT:TEC00113(1.0),07/01/26 23:00:00,Annuel,"Standard de pouvoir d'achat (SPA, UE27 à partir de 2020) par habitant",Payé,"Revenu disponible ajusté, brut",Ménages; institutions sans but lucratif au service des ménages,Grèce,2016,14358,p,
ESTAT:TEC00113(1.0),07/01/26 23:00:00,Annuel,"Standard de pouvoir d'achat (SPA, UE27 à partir de 2020) par habitant",Payé,"Revenu disponible ajusté, brut",Ménages; institutions sans but lucratif au service des ménages,Grèce,2017,14692,p,
ESTAT:TEC00113(1.0),07/01/26 23:00:00,Annuel,"Standard de pouvoir d'achat (SPA, UE27 à partir de 2020) par habitant",Payé,"Revenu disponible ajusté, brut",Ménages; institutions sans but lucratif au service des ménages,Grèce,2018,14765,p,
ESTAT:TEC00113(1.0),07/01/26 23:00:00,Annuel,"Standard de pouvoir d'achat (SPA, UE27 à partir de 2020) par habitant",Payé,"Revenu disponible ajusté, brut",Ménages; institutions sans but lucratif au service des ménages,Grèce,2019,15714,p,
ESTAT:TEC00113(1.0),07/01/26 23:00:00,Annuel,"Standard de pouvoir d'achat (SPA, UE27 à partir de 2020) par habitant",Payé,"Revenu disponible ajusté, brut",Ménages; institutions sans but lucratif au service des ménages,Grèce,2020,15176,p,
ESTAT:TEC00113(1.0),07/01/26 23:00:00,Annuel,"Standard de pouvoir d'achat (SPA, UE27 à partir de 2020) par habitant",Payé,"Revenu disponible ajusté, brut",Ménages; institutions sans but lucratif au service des ménages,Grèce,2021,16971,p,
ESTAT:TEC00113(1.0),07/01/26 23:00:00,Annuel,"Standard de pouvoir d'achat (SPA, UE27 à partir de 2020) par habitant",Payé,"Revenu disponible ajusté, brut",Ménages; institutions sans but lucratif au service des ménages,Grèce,2022,17940,p,
ESTAT:TEC00113(1.0),07/01/26 23:00:00,Annuel,"Standard de pouvoir d'achat (SPA, UE27 à partir de 2020) par habitant",Payé,"Revenu disponible ajusté, brut",Ménages; institutions sans but lucratif au service des ménages,Grèce,2023,19831,p,
ESTAT:TEC00113(1.0),07/01/26 23:00:00,Annuel,"Standard de pouvoir d'achat (SPA, UE27 à partir de 2020) par habitant",Payé,"Revenu disponible ajusté, brut",Ménages; institutions sans but lucratif au service des ménages,Grèce,2024,20639,p,
ESTAT:TEC00113(1.0),07/01/26 23:00:00,Annuel,"Standard de pouvoir d'achat (SPA, UE27 à partir de 2020) par habitant",Payé,"Revenu disponible ajusté, brut",Ménages; institutions sans but lucratif au service des ménages,Espagne,2013,17058,,
ESTAT:TEC00113(1.0),07/01/26 23:00:00,Annuel,"Standard de pouvoir d'achat (SPA, UE27 à partir de 2020) par habitant",Payé,"Revenu disponible ajusté, brut",Ménages; institutions sans but lucratif au service des ménages,Espagne,2014,17375,,
ESTAT:TEC00113(1.0),07/01/26 23:00:00,Annuel,"Standard de pouvoir d'achat (SPA, UE27 à partir de 2020) par habitant",Payé,"Revenu disponible ajusté, brut",Ménages; institutions sans but lucratif au service des ménages,Espagne,2015,18278,,
ESTAT:TEC00113(1.0),07/01/26 23:00:00,Annuel,"Standard de pouvoir d'achat (SPA, UE27 à partir de 2020) par habitant",Payé,"Revenu disponible ajusté, brut",Ménages; institutions sans but lucratif au service des ménages,Espagne,2016,18641,,
ESTAT:TEC00113(1.0),07/01/26 23:00:00,Annuel,"Standard de pouvoir d'achat (SPA, UE27 à partir de 2020) par habitant",Payé,"Revenu disponible ajusté, brut",Ménages; institutions sans but lucratif au service des ménages,Espagne,2017,19317,,
ESTAT:TEC00113(1.0),07/01/26 23:00:00,Annuel,"Standard de pouvoir d'achat (SPA, UE27 à partir de 2020) par habitant",Payé,"Revenu disponible ajusté, brut",Ménages; institutions sans but lucratif au service des ménages,Espagne,2018,19560,,
ESTAT:TEC00113(1.0),07/01/26 23:00:00,Annuel,"Standard de pouvoir d'achat (SPA, UE27 à partir de 2020) par habitant",Payé,"Revenu disponible ajusté, brut",Ménages; institutions sans but lucratif au service des ménages,Espagne,2019,20469,,
ESTAT:TEC00113(1.0),07/01/26 23:00:00,Annuel,"Standard de pouvoir d'achat (SPA, UE27 à partir de 2020) par habitant",Payé,"Revenu disponible ajusté, brut",Ménages; institutions sans but lucratif au service des ménages,Espagne,2020,19637,,
ESTAT:TEC00113(1.0),07/01/26 23:00:00,Annuel,"Standard de pouvoir d'achat (SPA, UE27 à partir de 2020) par habitant",Payé,"Revenu disponible ajusté, brut",Ménages; institutions sans but lucratif au service des ménages,Espagne,2021,21460,,
ESTAT:TEC00113(1.0),07/01/26 23:00:00,Annuel,"Standard de pouvoir d'achat (SPA, UE27 à partir de 2020) par habitant",Payé,"Revenu disponible ajusté, brut",Ménages; institutions sans but lucratif au service des ménages,Espagne,2022,22839,,
ESTAT:TEC00113(1.0),07/01/26 23:00:00,Annuel,"Standard de pouvoir d'achat (SPA, UE27 à partir de 2020) par habitant",Payé,"Revenu disponible ajusté, brut",Ménages; institutions sans but lucratif au service des ménages,Espagne,2023,25350,p,
ESTAT:TEC00113(1.0),07/01/26 23:00:00,Annuel,"Standard de pouvoir d'achat (SPA, UE27 à partir de 2020) par habitant",Payé,"Revenu disponible ajusté, brut",Ménages; institutions sans but lucratif au service des ménages,Espagne,2024,26999,p,
ESTAT:TEC00113(1.0),07/01/26 23:00:00,Annuel,"Standard de pouvoir d'achat (SPA, UE27 à partir de 2020) par habitant",Payé,"Revenu disponible ajusté, brut",Ménages; institutions sans but lucratif au service des ménages,Union européenne - 27 pays (à partir de 2020),2013,19721,,
ESTAT:TEC00113(1.0),07/01/26 23:00:00,Annuel,"Standard de pouvoir d'achat (SPA, UE27 à partir de 2020) par habitant",Payé,"Revenu disponible ajusté, brut",Ménages; institutions sans but lucratif au service des ménages,Union européenne - 27 pays (à partir de 2020),2014,20012,,
ESTAT:TEC00113(1.0),07/01/26 23:00:00,Annuel,"Standard de pouvoir d'achat (SPA, UE27 à partir de 2020) par habitant",Payé,"Revenu disponible ajusté, brut",Ménages; institutions sans but lucratif au service des ménages,Union européenne - 27 pays (à partir de 2020),2015,20445,,
ESTAT:TEC00113(1.0),07/01/26 23:00:00,Annuel,"Standard de pouvoir d'achat (SPA, UE27 à partir de 2020) par habitant",Payé,"Revenu disponible ajusté, brut",Ménages; institutions sans but lucratif au service des ménages,Union européenne - 27 pays (à partir de 2020),2016,20967,,
ESTAT:TEC00113(1.0),07/01/26 23:00:00,Annuel,"Standard de pouvoir d'achat (SPA, UE27 à partir de 2020) par habitant",Payé,"Revenu disponible ajusté, brut",Ménages; institutions sans but lucratif au service des ménages,Union européenne - 27 pays (à partir de 2020),2017,21651,,
ESTAT:TEC00113(1.0),07/01/26 23:00:00,Annuel,"Standard de pouvoir d'achat (SPA, UE27 à partir de 2020) par habitant",Payé,"Revenu disponible ajusté, brut",Ménages; institutions sans but lucratif au service des ménages,Union européenne - 27 pays (à partir de 2020),2018,22329,,
ESTAT:TEC00113(1.0),07/01/26 23:00:00,Annuel,"Standard de pouvoir d'achat (SPA, UE27 à partir de 2020) par habitant",Payé,"Revenu disponible ajusté, brut",Ménages; institutions sans but lucratif au service des ménages,Union européenne - 27 pays (à partir de 2020),2019,23090,,
ESTAT:TEC00113(1.0),07/01/26 23:00:00,Annuel,"Standard de pouvoir d'achat (SPA, UE27 à partir de 2020) par habitant",Payé,"Revenu disponible ajusté, brut",Ménages; institutions sans but lucratif au service des ménages,Union européenne - 27 pays (à partir de 2020),2020,23403,b,
ESTAT:TEC00113(1.0),07/01/26 23:00:00,Annuel,"Standard de pouvoir d'achat (SPA, UE27 à partir de 2020) par habitant",Payé,"Revenu disponible ajusté, brut",Ménages; institutions sans but lucratif au service des ménages,Union européenne - 27 pays (à partir de 2020),2021,24731,,
ESTAT:TEC00113(1.0),07/01/26 23:00:00,Annuel,"Standard de pouvoir d'achat (SPA, UE27 à partir de 2020) par habitant",Payé,"Revenu disponible ajusté, brut",Ménages; institutions sans but lucratif au service des ménages,Union européenne - 27 pays (à partir de 2020),2022,26445,,
ESTAT:TEC00113(1.0),07/01/26 23:00:00,Annuel,"Standard de pouvoir d'achat (SPA, UE27 à partir de 2020) par habitant",Payé,"Revenu disponible ajusté, brut",Ménages; institutions sans but lucratif au service des ménages,Union européenne - 27 pays (à partir de 2020),2023,28228,,
ESTAT:TEC00113(1.0),07/01/26 23:00:00,Annuel,"Standard de pouvoir d'achat (SPA, UE27 à partir de 2020) par habitant",Payé,"Revenu disponible ajusté, brut",Ménages; institutions sans but lucratif au service des ménages,Union européenne - 27 pays (à partir de 2020),2024,29684,,
ESTAT:TEC00113(1.0),07/01/26 23:00:00,Annuel,"Standard de pouvoir d'achat (SPA, UE27 à partir de 2020) par habitant",Payé,"Revenu disponible ajusté, brut",Ménages; institutions sans but lucratif au service des ménages,Finlande,2013,22106,,
ESTAT:TEC00113(1.0),07/01/26 23:00:00,Annuel,"Standard de pouvoir d'achat (SPA, UE27 à partir de 2020) par habitant",Payé,"Revenu disponible ajusté, brut",Ménages; institutions sans but lucratif au service des ménages,Finlande,2014,22201,,
ESTAT:TEC00113(1.0),07/01/26 23:00:00,Annuel,"Standard de pouvoir d'achat (SPA, UE27 à partir de 2020) par habitant",Payé,"Revenu disponible ajusté, brut",Ménages; institutions sans but lucratif au service des ménages,Finlande,2015,22752,,
ESTAT:TEC00113(1.0),07/01/26 23:00:00,Annuel,"Standard de pouvoir d'achat (SPA, UE27 à partir de 2020) par habitant",Payé,"Revenu disponible ajusté, brut",Ménages; institutions sans but lucratif au service des ménages,Finlande,2016,22932,,
ESTAT:TEC00113(1.0),07/01/26 23:00:00,Annuel,"Standard de pouvoir d'achat (SPA, UE27 à partir de 2020) par habitant",Payé,"Revenu disponible ajusté, brut",Ménages; institutions sans but lucratif au service des ménages,Finlande,2017,23592,,
ESTAT:TEC00113(1.0),07/01/26 23:00:00,Annuel,"Standard de pouvoir d'achat (SPA, UE27 à partir de 2020) par habitant",Payé,"Revenu disponible ajusté, brut",Ménages; institutions sans but lucratif au service des ménages,Finlande,2018,24293,,
ESTAT:TEC00113(1.0),07/01/26 23:00:00,Annuel,"Standard de pouvoir d'achat (SPA, UE27 à partir de 2020) par habitant",Payé,"Revenu disponible ajusté, brut",Ménages; institutions sans but lucratif au service des ménages,Finlande,2019,24820,,
ESTAT:TEC00113(1.0),07/01/26 23:00:00,Annuel,"Standard de pouvoir d'achat (SPA, UE27 à partir de 2020) par habitant",Payé,"Revenu disponible ajusté, brut",Ménages; institutions sans but lucratif au service des ménages,Finlande,2020,25163,,
ESTAT:TEC00113(1.0),07/01/26 23:00:00,Annuel,"Standard de pouvoir d'achat (SPA, UE27 à partir de 2020) par habitant",Payé,"Revenu disponible ajusté, brut",Ménages; institutions sans but lucratif au service des ménages,Finlande,2021,26040,,
ESTAT:TEC00113(1.0),07/01/26 23:00:00,Annuel,"Standard de pouvoir d'achat (SPA, UE27 à partir de 2020) par habitant",Payé,"Revenu disponible ajusté, brut",Ménages; institutions sans but lucratif au service des ménages,Finlande,2022,27010,,
ESTAT:TEC00113(1.0),07/01/26 23:00:00,Annuel,"Standard de pouvoir d'achat (SPA, UE27 à partir de 2020) par habitant",Payé,"Revenu disponible ajusté, brut",Ménages; institutions sans but lucratif au service des ménages,Finlande,2023,29145,,
ESTAT:TEC00113(1.0),07/01/26 23:00:00,Annuel,"Standard de pouvoir d'achat (SPA, UE27 à partir de 2020) par habitant",Payé,"Revenu disponible ajusté, brut",Ménages; institutions sans but lucratif au service des ménages,Finlande,2024,29876,,
ESTAT:TEC00113(1.0),07/01/26 23:00:00,Annuel,"Standard de pouvoir d'achat (SPA, UE27 à partir de 2020) par habitant",Payé,"Revenu disponible ajusté, brut",Ménages; institutions sans but lucratif au service des ménages,France,2013,23143,,
ESTAT:TEC00113(1.0),07/01/26 23:00:00,Annuel,"Standard de pouvoir d'achat (SPA, UE27 à partir de 2020) par habitant",Payé,"Revenu disponible ajusté, brut",Ménages; institutions sans but lucratif au service des ménages,France,2014,23330,,
ESTAT:TEC00113(1.0),07/01/26 23:00:00,Annuel,"Standard de pouvoir d'achat (SPA, UE27 à partir de 2020) par habitant",Payé,"Revenu disponible ajusté, brut",Ménages; institutions sans but lucratif au service des ménages,France,2015,23498,,
ESTAT:TEC00113(1.0),07/01/26 23:00:00,Annuel,"Standard de pouvoir d'achat (SPA, UE27 à partir de 2020) par habitant",Payé,"Revenu disponible ajusté, brut",Ménages; institutions sans but lucratif au service des ménages,France,2016,23879,,
ESTAT:TEC00113(1.0),07/01/26 23:00:00,Annuel,"Standard de pouvoir d'achat (SPA, UE27 à partir de 2020) par habitant",Payé,"Revenu disponible ajusté, brut",Ménages; institutions sans but lucratif au service des ménages,France,2017,24326,,
ESTAT:TEC00113(1.0),07/01/26 23:00:00,Annuel,"Standard de pouvoir d'achat (SPA, UE27 à partir de 2020) par habitant",Payé,"Revenu disponible ajusté, brut",Ménages; institutions sans but lucratif au service des ménages,France,2018,24739,,
ESTAT:TEC00113(1.0),07/01/26 23:00:00,Annuel,"Standard de pouvoir d'achat (SPA, UE27 à partir de 2020) par habitant",Payé,"Revenu disponible ajusté, brut",Ménages; institutions sans but lucratif au service des ménages,France,2019,25691,,
ESTAT:TEC00113(1.0),07/01/26 23:00:00,Annuel,"Standard de pouvoir d'achat (SPA, UE27 à partir de 2020) par habitant",Payé,"Revenu disponible ajusté, brut",Ménages; institutions sans but lucratif au service des ménages,France,2020,26156,,
ESTAT:TEC00113(1.0),07/01/26 23:00:00,Annuel,"Standard de pouvoir d'achat (SPA, UE27 à partir de 2020) par habitant",Payé,"Revenu disponible ajusté, brut",Ménages; institutions sans but lucratif au service des ménages,France,2021,27112,,
ESTAT:TEC00113(1.0),07/01/26 23:00:00,Annuel,"Standard de pouvoir d'achat (SPA, UE27 à partir de 2020) par habitant",Payé,"Revenu disponible ajusté, brut",Ménages; institutions sans but lucratif au service des ménages,France,2022,28584,,
ESTAT:TEC00113(1.0),07/01/26 23:00:00,Annuel,"Standard de pouvoir d'achat (SPA, UE27 à partir de 2020) par habitant",Payé,"Revenu disponible ajusté, brut",Ménages; institutions sans but lucratif au service des ménages,France,2023,30697,p,
ESTAT:TEC00113(1.0),07/01/26 23:00:00,Annuel,"Standard de pouvoir d'achat (SPA, UE27 à partir de 2020) par habitant",Payé,"Revenu disponible ajusté, brut",Ménages; institutions sans but lucratif au service des ménages,France,2024,32371,p,
ESTAT:TEC00113(1.0),07/01/26 23:00:00,Annuel,"Standard de pouvoir d'achat (SPA, UE27 à partir de 2020) par habitant",Payé,"Revenu disponible ajusté, brut",Ménages; institutions sans but lucratif au service des ménages,Croatie,2013,11917,,
ESTAT:TEC00113(1.0),07/01/26 23:00:00,Annuel,"Standard de pouvoir d'achat (SPA, UE27 à partir de 2020) par habitant",Payé,"Revenu disponible ajusté, brut",Ménages; institutions sans but lucratif au service des ménages,Croatie,2014,12235,,
ESTAT:TEC00113(1.0),07/01/26 23:00:00,Annuel,"Standard de pouvoir d'achat (SPA, UE27 à partir de 2020) par habitant",Payé,"Revenu disponible ajusté, brut",Ménages; institutions sans but lucratif au service des ménages,Croatie,2015,12281,,
ESTAT:TEC00113(1.0),07/01/26 23:00:00,Annuel,"Standard de pouvoir d'achat (SPA, UE27 à partir de 2020) par habitant",Payé,"Revenu disponible ajusté, brut",Ménages; institutions sans but lucratif au service des ménages,Croatie,2016,13147,,
ESTAT:TEC00113(1.0),07/01/26 23:00:00,Annuel,"Standard de pouvoir d'achat (SPA, UE27 à partir de 2020) par habitant",Payé,"Revenu disponible ajusté, brut",Ménages; institutions sans but lucratif au service des ménages,Croatie,2017,13648,,
ESTAT:TEC00113(1.0),07/01/26 23:00:00,Annuel,"Standard de pouvoir d'achat (SPA, UE27 à partir de 2020) par habitant",Payé,"Revenu disponible ajusté, brut",Ménages; institutions sans but lucratif au service des ménages,Croatie,2018,14351,,
ESTAT:TEC00113(1.0),07/01/26 23:00:00,Annuel,"Standard de pouvoir d'achat (SPA, UE27 à partir de 2020) par habitant",Payé,"Revenu disponible ajusté, brut",Ménages; institutions sans but lucratif au service des ménages,Croatie,2019,15044,,
ESTAT:TEC00113(1.0),07/01/26 23:00:00,Annuel,"Standard de pouvoir d'achat (SPA, UE27 à partir de 2020) par habitant",Payé,"Revenu disponible ajusté, brut",Ménages; institutions sans but lucratif au service des ménages,Croatie,2020,15371,,
ESTAT:TEC00113(1.0),07/01/26 23:00:00,Annuel,"Standard de pouvoir d'achat (SPA, UE27 à partir de 2020) par habitant",Payé,"Revenu disponible ajusté, brut",Ménages; institutions sans but lucratif au service des ménages,Croatie,2021,17619,,
ESTAT:TEC00113(1.0),07/01/26 23:00:00,Annuel,"Standard de pouvoir d'achat (SPA, UE27 à partir de 2020) par habitant",Payé,"Revenu disponible ajusté, brut",Ménages; institutions sans but lucratif au service des ménages,Croatie,2022,18716,,
ESTAT:TEC00113(1.0),07/01/26 23:00:00,Annuel,"Standard de pouvoir d'achat (SPA, UE27 à partir de 2020) par habitant",Payé,"Revenu disponible ajusté, brut",Ménages; institutions sans but lucratif au service des ménages,Croatie,2023,20279,,
ESTAT:TEC00113(1.0),07/01/26 23:00:00,Annuel,"Standard de pouvoir d'achat (SPA, UE27 à partir de 2020) par habitant",Payé,"Revenu disponible ajusté, brut",Ménages; institutions sans but lucratif au service des ménages,Croatie,2024,22040,p,
ESTAT:TEC00113(1.0),07/01/26 23:00:00,Annuel,"Standard de pouvoir d'achat (SPA, UE27 à partir de 2020) par habitant",Payé,"Revenu disponible ajusté, brut",Ménages; institutions sans but lucratif au service des ménages,Hongrie,2013,12715,,
ESTAT:TEC00113(1.0),07/01/26 23:00:00,Annuel,"Standard de pouvoir d'achat (SPA, UE27 à partir de 2020) par habitant",Payé,"Revenu disponible ajusté, brut",Ménages; institutions sans but lucratif au service des ménages,Hongrie,2014,12917,,
ESTAT:TEC00113(1.0),07/01/26 23:00:00,Annuel,"Standard de pouvoir d'achat (SPA, UE27 à partir de 2020) par habitant",Payé,"Revenu disponible ajusté, brut",Ménages; institutions sans but lucratif au service des ménages,Hongrie,2015,13270,,
ESTAT:TEC00113(1.0),07/01/26 23:00:00,Annuel,"Standard de pouvoir d'achat (SPA, UE27 à partir de 2020) par habitant",Payé,"Revenu disponible ajusté, brut",Ménages; institutions sans but lucratif au service des ménages,Hongrie,2016,13555,,
ESTAT:TEC00113(1.0),07/01/26 23:00:00,Annuel,"Standard de pouvoir d'achat (SPA, UE27 à partir de 2020) par habitant",Payé,"Revenu disponible ajusté, brut",Ménages; institutions sans but lucratif au service des ménages,Hongrie,2017,14093,,
ESTAT:TEC00113(1.0),07/01/26 23:00:00,Annuel,"Standard de pouvoir d'achat (SPA, UE27 à partir de 2020) par habitant",Payé,"Revenu disponible ajusté, brut",Ménages; institutions sans but lucratif au service des ménages,Hongrie,2018,15151,,
ESTAT:TEC00113(1.0),07/01/26 23:00:00,Annuel,"Standard de pouvoir d'achat (SPA, UE27 à partir de 2020) par habitant",Payé,"Revenu disponible ajusté, brut",Ménages; institutions sans but lucratif au service des ménages,Hongrie,2019,16135,,
ESTAT:TEC00113(1.0),07/01/26 23:00:00,Annuel,"Standard de pouvoir d'achat (SPA, UE27 à partir de 2020) par habitant",Payé,"Revenu disponible ajusté, brut",Ménages; institutions sans but lucratif au service des ménages,Hongrie,2020,16192,,
ESTAT:TEC00113(1.0),07/01/26 23:00:00,Annuel,"Standard de pouvoir d'achat (SPA, UE27 à partir de 2020) par habitant",Payé,"Revenu disponible ajusté, brut",Ménages; institutions sans but lucratif au service des ménages,Hongrie,2021,17787,,
ESTAT:TEC00113(1.0),07/01/26 23:00:00,Annuel,"Standard de pouvoir d'achat (SPA, UE27 à partir de 2020) par habitant",Payé,"Revenu disponible ajusté, brut",Ménages; institutions sans but lucratif au service des ménages,Hongrie,2022,19535,,
ESTAT:TEC00113(1.0),07/01/26 23:00:00,Annuel,"Standard de pouvoir d'achat (SPA, UE27 à partir de 2020) par habitant",Payé,"Revenu disponible ajusté, brut",Ménages; institutions sans but lucratif au service des ménages,Hongrie,2023,21316,,
ESTAT:TEC00113(1.0),07/01/26 23:00:00,Annuel,"Standard de pouvoir d'achat (SPA, UE27 à partir de 2020) par habitant",Payé,"Revenu disponible ajusté, brut",Ménages; institutions sans but lucratif au service des ménages,Hongrie,2024,22933,p,
ESTAT:TEC00113(1.0),07/01/26 23:00:00,Annuel,"Standard de pouvoir d'achat (SPA, UE27 à partir de 2020) par habitant",Payé,"Revenu disponible ajusté, brut",Ménages; institutions sans but lucratif au service des ménages,Irlande,2013,19009,,
ESTAT:TEC00113(1.0),07/01/26 23:00:00,Annuel,"Standard de pouvoir d'achat (SPA, UE27 à partir de 2020) par habitant",Payé,"Revenu disponible ajusté, brut",Ménages; institutions sans but lucratif au service des ménages,Irlande,2014,18699,,
ESTAT:TEC00113(1.0),07/01/26 23:00:00,Annuel,"Standard de pouvoir d'achat (SPA, UE27 à partir de 2020) par habitant",Payé,"Revenu disponible ajusté, brut",Ménages; institutions sans but lucratif au service des ménages,Irlande,2015,19501,,
ESTAT:TEC00113(1.0),07/01/26 23:00:00,Annuel,"Standard de pouvoir d'achat (SPA, UE27 à partir de 2020) par habitant",Payé,"Revenu disponible ajusté, brut",Ménages; institutions sans but lucratif au service des ménages,Irlande,2016,19959,,
ESTAT:TEC00113(1.0),07/01/26 23:00:00,Annuel,"Standard de pouvoir d'achat (SPA, UE27 à partir de 2020) par habitant",Payé,"Revenu disponible ajusté, brut",Ménages; institutions sans but lucratif au service des ménages,Irlande,2017,20625,,
ESTAT:TEC00113(1.0),07/01/26 23:00:00,Annuel,"Standard de pouvoir d'achat (SPA, UE27 à partir de 2020) par habitant",Payé,"Revenu disponible ajusté, brut",Ménages; institutions sans but lucratif au service des ménages,Irlande,2018,21015,,
ESTAT:TEC00113(1.0),07/01/26 23:00:00,Annuel,"Standard de pouvoir d'achat (SPA, UE27 à partir de 2020) par habitant",Payé,"Revenu disponible ajusté, brut",Ménages; institutions sans but lucratif au service des ménages,Irlande,2019,21702,,
ESTAT:TEC00113(1.0),07/01/26 23:00:00,Annuel,"Standard de pouvoir d'achat (SPA, UE27 à partir de 2020) par habitant",Payé,"Revenu disponible ajusté, brut",Ménages; institutions sans but lucratif au service des ménages,Irlande,2020,21741,,
ESTAT:TEC00113(1.0),07/01/26 23:00:00,Annuel,"Standard de pouvoir d'achat (SPA, UE27 à partir de 2020) par habitant",Payé,"Revenu disponible ajusté, brut",Ménages; institutions sans but lucratif au service des ménages,Irlande,2021,23230,,
ESTAT:TEC00113(1.0),07/01/26 23:00:00,Annuel,"Standard de pouvoir d'achat (SPA, UE27 à partir de 2020) par habitant",Payé,"Revenu disponible ajusté, brut",Ménages; institutions sans but lucratif au service des ménages,Irlande,2022,24563,,
ESTAT:TEC00113(1.0),07/01/26 23:00:00,Annuel,"Standard de pouvoir d'achat (SPA, UE27 à partir de 2020) par habitant",Payé,"Revenu disponible ajusté, brut",Ménages; institutions sans but lucratif au service des ménages,Irlande,2023,27105,,
ESTAT:TEC00113(1.0),07/01/26 23:00:00,Annuel,"Standard de pouvoir d'achat (SPA, UE27 à partir de 2020) par habitant",Payé,"Revenu disponible ajusté, brut",Ménages; institutions sans but lucratif au service des ménages,Irlande,2024,28933,,
ESTAT:TEC00113(1.0),07/01/26 23:00:00,Annuel,"Standard de pouvoir d'achat (SPA, UE27 à partir de 2020) par habitant",Payé,"Revenu disponible ajusté, brut",Ménages; institutions sans but lucratif au service des ménages,Islande,2013,19235,p,
ESTAT:TEC00113(1.0),07/01/26 23:00:00,Annuel,"Standard de pouvoir d'achat (SPA, UE27 à partir de 2020) par habitant",Payé,"Revenu disponible ajusté, brut",Ménages; institutions sans but lucratif au service des ménages,Islande,2014,19932,p,
ESTAT:TEC00113(1.0),07/01/26 23:00:00,Annuel,"Standard de pouvoir d'achat (SPA, UE27 à partir de 2020) par habitant",Payé,"Revenu disponible ajusté, brut",Ménages; institutions sans but lucratif au service des ménages,Islande,2015,21134,p,
ESTAT:TEC00113(1.0),07/01/26 23:00:00,Annuel,"Standard de pouvoir d'achat (SPA, UE27 à partir de 2020) par habitant",Payé,"Revenu disponible ajusté, brut",Ménages; institutions sans but lucratif au service des ménages,Islande,2016,21608,p,
ESTAT:TEC00113(1.0),07/01/26 23:00:00,Annuel,"Standard de pouvoir d'achat (SPA, UE27 à partir de 2020) par habitant",Payé,"Revenu disponible ajusté, brut",Ménages; institutions sans but lucratif au service des ménages,Islande,2017,22666,p,
ESTAT:TEC00113(1.0),07/01/26 23:00:00,Annuel,"Standard de pouvoir d'achat (SPA, UE27 à partir de 2020) par habitant",Payé,"Revenu disponible ajusté, brut",Ménages; institutions sans but lucratif au service des ménages,Islande,2018,23086,p,
ESTAT:TEC00113(1.0),07/01/26 23:00:00,Annuel,"Standard de pouvoir d'achat (SPA, UE27 à partir de 2020) par habitant",Payé,"Revenu disponible ajusté, brut",Ménages; institutions sans but lucratif au service des ménages,Islande,2019,23595,p,
ESTAT:TEC00113(1.0),07/01/26 23:00:00,Annuel,"Standard de pouvoir d'achat (SPA, UE27 à partir de 2020) par habitant",Payé,"Revenu disponible ajusté, brut",Ménages; institutions sans but lucratif au service des ménages,Islande,2020,24930,p,
ESTAT:TEC00113(1.0),07/01/26 23:00:00,Annuel,"Standard de pouvoir d'achat (SPA, UE27 à partir de 2020) par habitant",Payé,"Revenu disponible ajusté, brut",Ménages; institutions sans but lucratif au service des ménages,Islande,2021,26721,p,
ESTAT:TEC00113(1.0),07/01/26 23:00:00,Annuel,"Standard de pouvoir d'achat (SPA, UE27 à partir de 2020) par habitant",Payé,"Revenu disponible ajusté, brut",Ménages; institutions sans but lucratif au service des ménages,Islande,2022,28039,p,
ESTAT:TEC00113(1.0),07/01/26 23:00:00,Annuel,"Standard de pouvoir d'achat (SPA, UE27 à partir de 2020) par habitant",Payé,"Revenu disponible ajusté, brut",Ménages; institutions sans but lucratif au service des ménages,Islande,2023,30352,p,
ESTAT:TEC00113(1.0),07/01/26 23:00:00,Annuel,"Standard de pouvoir d'achat (SPA, UE27 à partir de 2020) par habitant",Payé,"Revenu disponible ajusté, brut",Ménages; institutions sans but lucratif au service des ménages,Islande,2024,31825,p,
ESTAT:TEC00113(1.0),07/01/26 23:00:00,Annuel,"Standard de pouvoir d'achat (SPA, UE27 à partir de 2020) par habitant",Payé,"Revenu disponible ajusté, brut",Ménages; institutions sans but lucratif au service des ménages,Italie,2013,20405,,
ESTAT:TEC00113(1.0),07/01/26 23:00:00,Annuel,"Standard de pouvoir d'achat (SPA, UE27 à partir de 2020) par habitant",Payé,"Revenu disponible ajusté, brut",Ménages; institutions sans but lucratif au service des ménages,Italie,2014,20247,,
ESTAT:TEC00113(1.0),07/01/26 23:00:00,Annuel,"Standard de pouvoir d'achat (SPA, UE27 à partir de 2020) par habitant",Payé,"Revenu disponible ajusté, brut",Ménages; institutions sans but lucratif au service des ménages,Italie,2015,20523,,
ESTAT:TEC00113(1.0),07/01/26 23:00:00,Annuel,"Standard de pouvoir d'achat (SPA, UE27 à partir de 2020) par habitant",Payé,"Revenu disponible ajusté, brut",Ménages; institutions sans but lucratif au service des ménages,Italie,2016,21104,,
ESTAT:TEC00113(1.0),07/01/26 23:00:00,Annuel,"Standard de pouvoir d'achat (SPA, UE27 à partir de 2020) par habitant",Payé,"Revenu disponible ajusté, brut",Ménages; institutions sans but lucratif au service des ménages,Italie,2017,21707,,
ESTAT:TEC00113(1.0),07/01/26 23:00:00,Annuel,"Standard de pouvoir d'achat (SPA, UE27 à partir de 2020) par habitant",Payé,"Revenu disponible ajusté, brut",Ménages; institutions sans but lucratif au service des ménages,Italie,2018,22137,,
ESTAT:TEC00113(1.0),07/01/26 23:00:00,Annuel,"Standard de pouvoir d'achat (SPA, UE27 à partir de 2020) par habitant",Payé,"Revenu disponible ajusté, brut",Ménages; institutions sans but lucratif au service des ménages,Italie,2019,22658,,
ESTAT:TEC00113(1.0),07/01/26 23:00:00,Annuel,"Standard de pouvoir d'achat (SPA, UE27 à partir de 2020) par habitant",Payé,"Revenu disponible ajusté, brut",Ménages; institutions sans but lucratif au service des ménages,Italie,2020,22500,,
ESTAT:TEC00113(1.0),07/01/26 23:00:00,Annuel,"Standard de pouvoir d'achat (SPA, UE27 à partir de 2020) par habitant",Payé,"Revenu disponible ajusté, brut",Ménages; institutions sans but lucratif au service des ménages,Italie,2021,23851,,
ESTAT:TEC00113(1.0),07/01/26 23:00:00,Annuel,"Standard de pouvoir d'achat (SPA, UE27 à partir de 2020) par habitant",Payé,"Revenu disponible ajusté, brut",Ménages; institutions sans but lucratif au service des ménages,Italie,2022,25795,,
ESTAT:TEC00113(1.0),07/01/26 23:00:00,Annuel,"Standard de pouvoir d'achat (SPA, UE27 à partir de 2020) par habitant",Payé,"Revenu disponible ajusté, brut",Ménages; institutions sans but lucratif au service des ménages,Italie,2023,27732,,
ESTAT:TEC00113(1.0),07/01/26 23:00:00,Annuel,"Standard de pouvoir d'achat (SPA, UE27 à partir de 2020) par habitant",Payé,"Revenu disponible ajusté, brut",Ménages; institutions sans but lucratif au service des ménages,Italie,2024,28646,p,
ESTAT:TEC00113(1.0),07/01/26 23:00:00,Annuel,"Standard de pouvoir d'achat (SPA, UE27 à partir de 2020) par habitant",Payé,"Revenu disponible ajusté, brut",Ménages; institutions sans but lucratif au service des ménages,Lituanie,2013,13864,,
ESTAT:TEC00113(1.0),07/01/26 23:00:00,Annuel,"Standard de pouvoir d'achat (SPA, UE27 à partir de 2020) par habitant",Payé,"Revenu disponible ajusté, brut",Ménages; institutions sans but lucratif au service des ménages,Lituanie,2014,14384,,
ESTAT:TEC00113(1.0),07/01/26 23:00:00,Annuel,"Standard de pouvoir d'achat (SPA, UE27 à partir de 2020) par habitant",Payé,"Revenu disponible ajusté, brut",Ménages; institutions sans but lucratif au service des ménages,Lituanie,2015,15086,,
ESTAT:TEC00113(1.0),07/01/26 23:00:00,Annuel,"Standard de pouvoir d'achat (SPA, UE27 à partir de 2020) par habitant",Payé,"Revenu disponible ajusté, brut",Ménages; institutions sans but lucratif au service des ménages,Lituanie,2016,16058,,
ESTAT:TEC00113(1.0),07/01/26 23:00:00,Annuel,"Standard de pouvoir d'achat (SPA, UE27 à partir de 2020) par habitant",Payé,"Revenu disponible ajusté, brut",Ménages; institutions sans but lucratif au service des ménages,Lituanie,2017,16280,,
ESTAT:TEC00113(1.0),07/01/26 23:00:00,Annuel,"Standard de pouvoir d'achat (SPA, UE27 à partir de 2020) par habitant",Payé,"Revenu disponible ajusté, brut",Ménages; institutions sans but lucratif au service des ménages,Lituanie,2018,17144,,
ESTAT:TEC00113(1.0),07/01/26 23:00:00,Annuel,"Standard de pouvoir d'achat (SPA, UE27 à partir de 2020) par habitant",Payé,"Revenu disponible ajusté, brut",Ménages; institutions sans but lucratif au service des ménages,Lituanie,2019,18732,,
ESTAT:TEC00113(1.0),07/01/26 23:00:00,Annuel,"Standard de pouvoir d'achat (SPA, UE27 à partir de 2020) par habitant",Payé,"Revenu disponible ajusté, brut",Ménages; institutions sans but lucratif au service des ménages,Lituanie,2020,19963,,
ESTAT:TEC00113(1.0),07/01/26 23:00:00,Annuel,"Standard de pouvoir d'achat (SPA, UE27 à partir de 2020) par habitant",Payé,"Revenu disponible ajusté, brut",Ménages; institutions sans but lucratif au service des ménages,Lituanie,2021,21658,,
ESTAT:TEC00113(1.0),07/01/26 23:00:00,Annuel,"Standard de pouvoir d'achat (SPA, UE27 à partir de 2020) par habitant",Payé,"Revenu disponible ajusté, brut",Ménages; institutions sans but lucratif au service des ménages,Lituanie,2022,22098,,
ESTAT:TEC00113(1.0),07/01/26 23:00:00,Annuel,"Standard de pouvoir d'achat (SPA, UE27 à partir de 2020) par habitant",Payé,"Revenu disponible ajusté, brut",Ménages; institutions sans but lucratif au service des ménages,Lituanie,2023,22946,,
ESTAT:TEC00113(1.0),07/01/26 23:00:00,Annuel,"Standard de pouvoir d'achat (SPA, UE27 à partir de 2020) par habitant",Payé,"Revenu disponible ajusté, brut",Ménages; institutions sans but lucratif au service des ménages,Lituanie,2024,24503,,
ESTAT:TEC00113(1.0),07/01/26 23:00:00,Annuel,"Standard de pouvoir d'achat (SPA, UE27 à partir de 2020) par habitant",Payé,"Revenu disponible ajusté, brut",Ménages; institutions sans but lucratif au service des ménages,Luxembourg,2013,31850,,
ESTAT:TEC00113(1.0),07/01/26 23:00:00,Annuel,"Standard de pouvoir d'achat (SPA, UE27 à partir de 2020) par habitant",Payé,"Revenu disponible ajusté, brut",Ménages; institutions sans but lucratif au service des ménages,Luxembourg,2014,31675,,
ESTAT:TEC00113(1.0),07/01/26 23:00:00,Annuel,"Standard de pouvoir d'achat (SPA, UE27 à partir de 2020) par habitant",Payé,"Revenu disponible ajusté, brut",Ménages; institutions sans but lucratif au service des ménages,Luxembourg,2015,31850,,
ESTAT:TEC00113(1.0),07/01/26 23:00:00,Annuel,"Standard de pouvoir d'achat (SPA, UE27 à partir de 2020) par habitant",Payé,"Revenu disponible ajusté, brut",Ménages; institutions sans but lucratif au service des ménages,Luxembourg,2016,31513,,
ESTAT:TEC00113(1.0),07/01/26 23:00:00,Annuel,"Standard de pouvoir d'achat (SPA, UE27 à partir de 2020) par habitant",Payé,"Revenu disponible ajusté, brut",Ménages; institutions sans but lucratif au service des ménages,Luxembourg,2017,32777,,
ESTAT:TEC00113(1.0),07/01/26 23:00:00,Annuel,"Standard de pouvoir d'achat (SPA, UE27 à partir de 2020) par habitant",Payé,"Revenu disponible ajusté, brut",Ménages; institutions sans but lucratif au service des ménages,Luxembourg,2018,34049,,
ESTAT:TEC00113(1.0),07/01/26 23:00:00,Annuel,"Standard de pouvoir d'achat (SPA, UE27 à partir de 2020) par habitant",Payé,"Revenu disponible ajusté, brut",Ménages; institutions sans but lucratif au service des ménages,Luxembourg,2019,34027,,
ESTAT:TEC00113(1.0),07/01/26 23:00:00,Annuel,"Standard de pouvoir d'achat (SPA, UE27 à partir de 2020) par habitant",Payé,"Revenu disponible ajusté, brut",Ménages; institutions sans but lucratif au service des ménages,Luxembourg,2020,34447,,
ESTAT:TEC00113(1.0),07/01/26 23:00:00,Annuel,"Standard de pouvoir d'achat (SPA, UE27 à partir de 2020) par habitant",Payé,"Revenu disponible ajusté, brut",Ménages; institutions sans but lucratif au service des ménages,Luxembourg,2021,34881,,
ESTAT:TEC00113(1.0),07/01/26 23:00:00,Annuel,"Standard de pouvoir d'achat (SPA, UE27 à partir de 2020) par habitant",Payé,"Revenu disponible ajusté, brut",Ménages; institutions sans but lucratif au service des ménages,Luxembourg,2022,37027,,
ESTAT:TEC00113(1.0),07/01/26 23:00:00,Annuel,"Standard de pouvoir d'achat (SPA, UE27 à partir de 2020) par habitant",Payé,"Revenu disponible ajusté, brut",Ménages; institutions sans but lucratif au service des ménages,Luxembourg,2023,39746,,
ESTAT:TEC00113(1.0),07/01/26 23:00:00,Annuel,"Standard de pouvoir d'achat (SPA, UE27 à partir de 2020) par habitant",Payé,"Revenu disponible ajusté, brut",Ménages; institutions sans but lucratif au service des ménages,Luxembourg,2024,41552,p,
ESTAT:TEC00113(1.0),07/01/26 23:00:00,Annuel,"Standard de pouvoir d'achat (SPA, UE27 à partir de 2020) par habitant",Payé,"Revenu disponible ajusté, brut",Ménages; institutions sans but lucratif au service des ménages,Lettonie,2013,10699,,
ESTAT:TEC00113(1.0),07/01/26 23:00:00,Annuel,"Standard de pouvoir d'achat (SPA, UE27 à partir de 2020) par habitant",Payé,"Revenu disponible ajusté, brut",Ménages; institutions sans but lucratif au service des ménages,Lettonie,2014,11129,,
ESTAT:TEC00113(1.0),07/01/26 23:00:00,Annuel,"Standard de pouvoir d'achat (SPA, UE27 à partir de 2020) par habitant",Payé,"Revenu disponible ajusté, brut",Ménages; institutions sans but lucratif au service des ménages,Lettonie,2015,11940,,
ESTAT:TEC00113(1.0),07/01/26 23:00:00,Annuel,"Standard de pouvoir d'achat (SPA, UE27 à partir de 2020) par habitant",Payé,"Revenu disponible ajusté, brut",Ménages; institutions sans but lucratif au service des ménages,Lettonie,2016,12451,,
ESTAT:TEC00113(1.0),07/01/26 23:00:00,Annuel,"Standard de pouvoir d'achat (SPA, UE27 à partir de 2020) par habitant",Payé,"Revenu disponible ajusté, brut",Ménages; institutions sans but lucratif au service des ménages,Lettonie,2017,13273,,
ESTAT:TEC00113(1.0),07/01/26 23:00:00,Annuel,"Standard de pouvoir d'achat (SPA, UE27 à partir de 2020) par habitant",Payé,"Revenu disponible ajusté, brut",Ménages; institutions sans but lucratif au service des ménages,Lettonie,2018,14021,,
ESTAT:TEC00113(1.0),07/01/26 23:00:00,Annuel,"Standard de pouvoir d'achat (SPA, UE27 à partir de 2020) par habitant",Payé,"Revenu disponible ajusté, brut",Ménages; institutions sans but lucratif au service des ménages,Lettonie,2019,14621,,
ESTAT:TEC00113(1.0),07/01/26 23:00:00,Annuel,"Standard de pouvoir d'achat (SPA, UE27 à partir de 2020) par habitant",Payé,"Revenu disponible ajusté, brut",Ménages; institutions sans but lucratif au service des ménages,Lettonie,2020,14994,,
ESTAT:TEC00113(1.0),07/01/26 23:00:00,Annuel,"Standard de pouvoir d'achat (SPA, UE27 à partir de 2020) par habitant",Payé,"Revenu disponible ajusté, brut",Ménages; institutions sans but lucratif au service des ménages,Lettonie,2021,16952,,
ESTAT:TEC00113(1.0),07/01/26 23:00:00,Annuel,"Standard de pouvoir d'achat (SPA, UE27 à partir de 2020) par habitant",Payé,"Revenu disponible ajusté, brut",Ménages; institutions sans but lucratif au service des ménages,Lettonie,2022,17484,,
ESTAT:TEC00113(1.0),07/01/26 23:00:00,Annuel,"Standard de pouvoir d'achat (SPA, UE27 à partir de 2020) par habitant",Payé,"Revenu disponible ajusté, brut",Ménages; institutions sans but lucratif au service des ménages,Lettonie,2023,18382,,
ESTAT:TEC00113(1.0),07/01/26 23:00:00,Annuel,"Standard de pouvoir d'achat (SPA, UE27 à partir de 2020) par habitant",Payé,"Revenu disponible ajusté, brut",Ménages; institutions sans but lucratif au service des ménages,Lettonie,2024,19921,,
ESTAT:TEC00113(1.0),07/01/26 23:00:00,Annuel,"Standard de pouvoir d'achat (SPA, UE27 à partir de 2020) par habitant",Payé,"Revenu disponible ajusté, brut",Ménages; institutions sans but lucratif au service des ménages,Malte,2013,15933,,
ESTAT:TEC00113(1.0),07/01/26 23:00:00,Annuel,"Standard de pouvoir d'achat (SPA, UE27 à partir de 2020) par habitant",Payé,"Revenu disponible ajusté, brut",Ménages; institutions sans but lucratif au service des ménages,Malte,2014,16234,,
ESTAT:TEC00113(1.0),07/01/26 23:00:00,Annuel,"Standard de pouvoir d'achat (SPA, UE27 à partir de 2020) par habitant",Payé,"Revenu disponible ajusté, brut",Ménages; institutions sans but lucratif au service des ménages,Malte,2015,17124,,
ESTAT:TEC00113(1.0),07/01/26 23:00:00,Annuel,"Standard de pouvoir d'achat (SPA, UE27 à partir de 2020) par habitant",Payé,"Revenu disponible ajusté, brut",Ménages; institutions sans but lucratif au service des ménages,Malte,2016,17998,,
ESTAT:TEC00113(1.0),07/01/26 23:00:00,Annuel,"Standard de pouvoir d'achat (SPA, UE27 à partir de 2020) par habitant",Payé,"Revenu disponible ajusté, brut",Ménages; institutions sans but lucratif au service des ménages,Malte,2017,18710,,
ESTAT:TEC00113(1.0),07/01/26 23:00:00,Annuel,"Standard de pouvoir d'achat (SPA, UE27 à partir de 2020) par habitant",Payé,"Revenu disponible ajusté, brut",Ménages; institutions sans but lucratif au service des ménages,Malte,2018,19745,,
ESTAT:TEC00113(1.0),07/01/26 23:00:00,Annuel,"Standard de pouvoir d'achat (SPA, UE27 à partir de 2020) par habitant",Payé,"Revenu disponible ajusté, brut",Ménages; institutions sans but lucratif au service des ménages,Malte,2019,20905,,
ESTAT:TEC00113(1.0),07/01/26 23:00:00,Annuel,"Standard de pouvoir d'achat (SPA, UE27 à partir de 2020) par habitant",Payé,"Revenu disponible ajusté, brut",Ménages; institutions sans but lucratif au service des ménages,Malte,2020,20893,,
ESTAT:TEC00113(1.0),07/01/26 23:00:00,Annuel,"Standard de pouvoir d'achat (SPA, UE27 à partir de 2020) par habitant",Payé,"Revenu disponible ajusté, brut",Ménages; institutions sans but lucratif au service des ménages,Malte,2021,22533,p,
ESTAT:TEC00113(1.0),07/01/26 23:00:00,Annuel,"Standard de pouvoir d'achat (SPA, UE27 à partir de 2020) par habitant",Payé,"Revenu disponible ajusté, brut",Ménages; institutions sans but lucratif au service des ménages,Malte,2022,23647,p,
ESTAT:TEC00113(1.0),07/01/26 23:00:00,Annuel,"Standard de pouvoir d'achat (SPA, UE27 à partir de 2020) par habitant",Payé,"Revenu disponible ajusté, brut",Ménages; institutions sans but lucratif au service des ménages,Malte,2023,25882,p,
ESTAT:TEC00113(1.0),07/01/26 23:00:00,Annuel,"Standard de pouvoir d'achat (SPA, UE27 à partir de 2020) par habitant",Payé,"Revenu disponible ajusté, brut",Ménages; institutions sans but lucratif au service des ménages,Malte,2024,28625,p,
ESTAT:TEC00113(1.0),07/01/26 23:00:00,Annuel,"Standard de pouvoir d'achat (SPA, UE27 à partir de 2020) par habitant",Payé,"Revenu disponible ajusté, brut",Ménages; institutions sans but lucratif au service des ménages,Pays-Bas,2013,22746,,
ESTAT:TEC00113(1.0),07/01/26 23:00:00,Annuel,"Standard de pouvoir d'achat (SPA, UE27 à partir de 2020) par habitant",Payé,"Revenu disponible ajusté, brut",Ménages; institutions sans but lucratif au service des ménages,Pays-Bas,2014,22923,,
ESTAT:TEC00113(1.0),07/01/26 23:00:00,Annuel,"Standard de pouvoir d'achat (SPA, UE27 à partir de 2020) par habitant",Payé,"Revenu disponible ajusté, brut",Ménages; institutions sans but lucratif au service des ménages,Pays-Bas,2015,23321,,
ESTAT:TEC00113(1.0),07/01/26 23:00:00,Annuel,"Standard de pouvoir d'achat (SPA, UE27 à partir de 2020) par habitant",Payé,"Revenu disponible ajusté, brut",Ménages; institutions sans but lucratif au service des ménages,Pays-Bas,2016,23432,,
ESTAT:TEC00113(1.0),07/01/26 23:00:00,Annuel,"Standard de pouvoir d'achat (SPA, UE27 à partir de 2020) par habitant",Payé,"Revenu disponible ajusté, brut",Ménages; institutions sans but lucratif au service des ménages,Pays-Bas,2017,24169,,
ESTAT:TEC00113(1.0),07/01/26 23:00:00,Annuel,"Standard de pouvoir d'achat (SPA, UE27 à partir de 2020) par habitant",Payé,"Revenu disponible ajusté, brut",Ménages; institutions sans but lucratif au service des ménages,Pays-Bas,2018,25316,,
ESTAT:TEC00113(1.0),07/01/26 23:00:00,Annuel,"Standard de pouvoir d'achat (SPA, UE27 à partir de 2020) par habitant",Payé,"Revenu disponible ajusté, brut",Ménages; institutions sans but lucratif au service des ménages,Pays-Bas,2019,25831,,
ESTAT:TEC00113(1.0),07/01/26 23:00:00,Annuel,"Standard de pouvoir d'achat (SPA, UE27 à partir de 2020) par habitant",Payé,"Revenu disponible ajusté, brut",Ménages; institutions sans but lucratif au service des ménages,Pays-Bas,2020,26692,,
ESTAT:TEC00113(1.0),07/01/26 23:00:00,Annuel,"Standard de pouvoir d'achat (SPA, UE27 à partir de 2020) par habitant",Payé,"Revenu disponible ajusté, brut",Ménages; institutions sans but lucratif au service des ménages,Pays-Bas,2021,28434,,
ESTAT:TEC00113(1.0),07/01/26 23:00:00,Annuel,"Standard de pouvoir d'achat (SPA, UE27 à partir de 2020) par habitant",Payé,"Revenu disponible ajusté, brut",Ménages; institutions sans but lucratif au service des ménages,Pays-Bas,2022,30716,,
ESTAT:TEC00113(1.0),07/01/26 23:00:00,Annuel,"Standard de pouvoir d'achat (SPA, UE27 à partir de 2020) par habitant",Payé,"Revenu disponible ajusté, brut",Ménages; institutions sans but lucratif au service des ménages,Pays-Bas,2023,32529,p,
ESTAT:TEC00113(1.0),07/01/26 23:00:00,Annuel,"Standard de pouvoir d'achat (SPA, UE27 à partir de 2020) par habitant",Payé,"Revenu disponible ajusté, brut",Ménages; institutions sans but lucratif au service des ménages,Pays-Bas,2024,34406,p,
ESTAT:TEC00113(1.0),07/01/26 23:00:00,Annuel,"Standard de pouvoir d'achat (SPA, UE27 à partir de 2020) par habitant",Payé,"Revenu disponible ajusté, brut",Ménages; institutions sans but lucratif au service des ménages,Norvège,2013,26208,,
ESTAT:TEC00113(1.0),07/01/26 23:00:00,Annuel,"Standard de pouvoir d'achat (SPA, UE27 à partir de 2020) par habitant",Payé,"Revenu disponible ajusté, brut",Ménages; institutions sans but lucratif au service des ménages,Norvège,2014,26684,,
ESTAT:TEC00113(1.0),07/01/26 23:00:00,Annuel,"Standard de pouvoir d'achat (SPA, UE27 à partir de 2020) par habitant",Payé,"Revenu disponible ajusté, brut",Ménages; institutions sans but lucratif au service des ménages,Norvège,2015,26669,,
ESTAT:TEC00113(1.0),07/01/26 23:00:00,Annuel,"Standard de pouvoir d'achat (SPA, UE27 à partir de 2020) par habitant",Payé,"Revenu disponible ajusté, brut",Ménages; institutions sans but lucratif au service des ménages,Norvège,2016,26143,,
ESTAT:TEC00113(1.0),07/01/26 23:00:00,Annuel,"Standard de pouvoir d'achat (SPA, UE27 à partir de 2020) par habitant",Payé,"Revenu disponible ajusté, brut",Ménages; institutions sans but lucratif au service des ménages,Norvège,2017,27619,,
ESTAT:TEC00113(1.0),07/01/26 23:00:00,Annuel,"Standard de pouvoir d'achat (SPA, UE27 à partir de 2020) par habitant",Payé,"Revenu disponible ajusté, brut",Ménages; institutions sans but lucratif au service des ménages,Norvège,2018,28228,,
ESTAT:TEC00113(1.0),07/01/26 23:00:00,Annuel,"Standard de pouvoir d'achat (SPA, UE27 à partir de 2020) par habitant",Payé,"Revenu disponible ajusté, brut",Ménages; institutions sans but lucratif au service des ménages,Norvège,2019,28436,,
ESTAT:TEC00113(1.0),07/01/26 23:00:00,Annuel,"Standard de pouvoir d'achat (SPA, UE27 à partir de 2020) par habitant",Payé,"Revenu disponible ajusté, brut",Ménages; institutions sans but lucratif au service des ménages,Norvège,2020,28280,,
ESTAT:TEC00113(1.0),07/01/26 23:00:00,Annuel,"Standard de pouvoir d'achat (SPA, UE27 à partir de 2020) par habitant",Payé,"Revenu disponible ajusté, brut",Ménages; institutions sans but lucratif au service des ménages,Norvège,2021,29883,,
ESTAT:TEC00113(1.0),07/01/26 23:00:00,Annuel,"Standard de pouvoir d'achat (SPA, UE27 à partir de 2020) par habitant",Payé,"Revenu disponible ajusté, brut",Ménages; institutions sans but lucratif au service des ménages,Norvège,2022,31035,,
ESTAT:TEC00113(1.0),07/01/26 23:00:00,Annuel,"Standard de pouvoir d'achat (SPA, UE27 à partir de 2020) par habitant",Payé,"Revenu disponible ajusté, brut",Ménages; institutions sans but lucratif au service des ménages,Pologne,2013,14040,,
ESTAT:TEC00113(1.0),07/01/26 23:00:00,Annuel,"Standard de pouvoir d'achat (SPA, UE27 à partir de 2020) par habitant",Payé,"Revenu disponible ajusté, brut",Ménages; institutions sans but lucratif au service des ménages,Pologne,2014,14669,,
ESTAT:TEC00113(1.0),07/01/26 23:00:00,Annuel,"Standard de pouvoir d'achat (SPA, UE27 à partir de 2020) par habitant",Payé,"Revenu disponible ajusté, brut",Ménages; institutions sans but lucratif au service des ménages,Pologne,2015,15217,,
ESTAT:TEC00113(1.0),07/01/26 23:00:00,Annuel,"Standard de pouvoir d'achat (SPA, UE27 à partir de 2020) par habitant",Payé,"Revenu disponible ajusté, brut",Ménages; institutions sans but lucratif au service des ménages,Pologne,2016,15657,,
ESTAT:TEC00113(1.0),07/01/26 23:00:00,Annuel,"Standard de pouvoir d'achat (SPA, UE27 à partir de 2020) par habitant",Payé,"Revenu disponible ajusté, brut",Ménages; institutions sans but lucratif au service des ménages,Pologne,2017,16100,,
ESTAT:TEC00113(1.0),07/01/26 23:00:00,Annuel,"Standard de pouvoir d'achat (SPA, UE27 à partir de 2020) par habitant",Payé,"Revenu disponible ajusté, brut",Ménages; institutions sans but lucratif au service des ménages,Pologne,2018,16788,,
ESTAT:TEC00113(1.0),07/01/26 23:00:00,Annuel,"Standard de pouvoir d'achat (SPA, UE27 à partir de 2020) par habitant",Payé,"Revenu disponible ajusté, brut",Ménages; institutions sans but lucratif au service des ménages,Pologne,2019,17709,,
ESTAT:TEC00113(1.0),07/01/26 23:00:00,Annuel,"Standard de pouvoir d'achat (SPA, UE27 à partir de 2020) par habitant",Payé,"Revenu disponible ajusté, brut",Ménages; institutions sans but lucratif au service des ménages,Pologne,2020,19225,b,
ESTAT:TEC00113(1.0),07/01/26 23:00:00,Annuel,"Standard de pouvoir d'achat (SPA, UE27 à partir de 2020) par habitant",Payé,"Revenu disponible ajusté, brut",Ménages; institutions sans but lucratif au service des ménages,Pologne,2021,19280,,
ESTAT:TEC00113(1.0),07/01/26 23:00:00,Annuel,"Standard de pouvoir d'achat (SPA, UE27 à partir de 2020) par habitant",Payé,"Revenu disponible ajusté, brut",Ménages; institutions sans but lucratif au service des ménages,Pologne,2022,20256,b,
ESTAT:TEC00113(1.0),07/01/26 23:00:00,Annuel,"Standard de pouvoir d'achat (SPA, UE27 à partir de 2020) par habitant",Payé,"Revenu disponible ajusté, brut",Ménages; institutions sans but lucratif au service des ménages,Pologne,2023,21517,,
ESTAT:TEC00113(1.0),07/01/26 23:00:00,Annuel,"Standard de pouvoir d'achat (SPA, UE27 à partir de 2020) par habitant",Payé,"Revenu disponible ajusté, brut",Ménages; institutions sans but lucratif au service des ménages,Pologne,2024,23567,,
ESTAT:TEC00113(1.0),07/01/26 23:00:00,Annuel,"Standard de pouvoir d'achat (SPA, UE27 à partir de 2020) par habitant",Payé,"Revenu disponible ajusté, brut",Ménages; institutions sans but lucratif au service des ménages,Portugal,2013,15964,,
ESTAT:TEC00113(1.0),07/01/26 23:00:00,Annuel,"Standard de pouvoir d'achat (SPA, UE27 à partir de 2020) par habitant",Payé,"Revenu disponible ajusté, brut",Ménages; institutions sans but lucratif au service des ménages,Portugal,2014,15946,,
ESTAT:TEC00113(1.0),07/01/26 23:00:00,Annuel,"Standard de pouvoir d'achat (SPA, UE27 à partir de 2020) par habitant",Payé,"Revenu disponible ajusté, brut",Ménages; institutions sans but lucratif au service des ménages,Portugal,2015,16567,,
ESTAT:TEC00113(1.0),07/01/26 23:00:00,Annuel,"Standard de pouvoir d'achat (SPA, UE27 à partir de 2020) par habitant",Payé,"Revenu disponible ajusté, brut",Ménages; institutions sans but lucratif au service des ménages,Portugal,2016,16863,,
ESTAT:TEC00113(1.0),07/01/26 23:00:00,Annuel,"Standard de pouvoir d'achat (SPA, UE27 à partir de 2020) par habitant",Payé,"Revenu disponible ajusté, brut",Ménages; institutions sans but lucratif au service des ménages,Portugal,2017,17083,,
ESTAT:TEC00113(1.0),07/01/26 23:00:00,Annuel,"Standard de pouvoir d'achat (SPA, UE27 à partir de 2020) par habitant",Payé,"Revenu disponible ajusté, brut",Ménages; institutions sans but lucratif au service des ménages,Portugal,2018,18011,,
ESTAT:TEC00113(1.0),07/01/26 23:00:00,Annuel,"Standard de pouvoir d'achat (SPA, UE27 à partir de 2020) par habitant",Payé,"Revenu disponible ajusté, brut",Ménages; institutions sans but lucratif au service des ménages,Portugal,2019,18632,,
ESTAT:TEC00113(1.0),07/01/26 23:00:00,Annuel,"Standard de pouvoir d'achat (SPA, UE27 à partir de 2020) par habitant",Payé,"Revenu disponible ajusté, brut",Ménages; institutions sans but lucratif au service des ménages,Portugal,2020,18270,,
ESTAT:TEC00113(1.0),07/01/26 23:00:00,Annuel,"Standard de pouvoir d'achat (SPA, UE27 à partir de 2020) par habitant",Payé,"Revenu disponible ajusté, brut",Ménages; institutions sans but lucratif au service des ménages,Portugal,2021,19728,,
ESTAT:TEC00113(1.0),07/01/26 23:00:00,Annuel,"Standard de pouvoir d'achat (SPA, UE27 à partir de 2020) par habitant",Payé,"Revenu disponible ajusté, brut",Ménages; institutions sans but lucratif au service des ménages,Portugal,2022,21611,,
ESTAT:TEC00113(1.0),07/01/26 23:00:00,Annuel,"Standard de pouvoir d'achat (SPA, UE27 à partir de 2020) par habitant",Payé,"Revenu disponible ajusté, brut",Ménages; institutions sans but lucratif au service des ménages,Portugal,2023,23381,,
ESTAT:TEC00113(1.0),07/01/26 23:00:00,Annuel,"Standard de pouvoir d'achat (SPA, UE27 à partir de 2020) par habitant",Payé,"Revenu disponible ajusté, brut",Ménages; institutions sans but lucratif au service des ménages,Portugal,2024,25378,p,
ESTAT:TEC00113(1.0),07/01/26 23:00:00,Annuel,"Standard de pouvoir d'achat (SPA, UE27 à partir de 2020) par habitant",Payé,"Revenu disponible ajusté, brut",Ménages; institutions sans but lucratif au service des ménages,Roumanie,2013,9271,,
ESTAT:TEC00113(1.0),07/01/26 23:00:00,Annuel,"Standard de pouvoir d'achat (SPA, UE27 à partir de 2020) par habitant",Payé,"Revenu disponible ajusté, brut",Ménages; institutions sans but lucratif au service des ménages,Roumanie,2014,9424,,
ESTAT:TEC00113(1.0),07/01/26 23:00:00,Annuel,"Standard de pouvoir d'achat (SPA, UE27 à partir de 2020) par habitant",Payé,"Revenu disponible ajusté, brut",Ménages; institutions sans but lucratif au service des ménages,Roumanie,2015,9996,,
ESTAT:TEC00113(1.0),07/01/26 23:00:00,Annuel,"Standard de pouvoir d'achat (SPA, UE27 à partir de 2020) par habitant",Payé,"Revenu disponible ajusté, brut",Ménages; institutions sans but lucratif au service des ménages,Roumanie,2016,11267,,
ESTAT:TEC00113(1.0),07/01/26 23:00:00,Annuel,"Standard de pouvoir d'achat (SPA, UE27 à partir de 2020) par habitant",Payé,"Revenu disponible ajusté, brut",Ménages; institutions sans but lucratif au service des ménages,Roumanie,2017,12558,,
ESTAT:TEC00113(1.0),07/01/26 23:00:00,Annuel,"Standard de pouvoir d'achat (SPA, UE27 à partir de 2020) par habitant",Payé,"Revenu disponible ajusté, brut",Ménages; institutions sans but lucratif au service des ménages,Roumanie,2018,13140,,
ESTAT:TEC00113(1.0),07/01/26 23:00:00,Annuel,"Standard de pouvoir d'achat (SPA, UE27 à partir de 2020) par habitant",Payé,"Revenu disponible ajusté, brut",Ménages; institutions sans but lucratif au service des ménages,Roumanie,2019,15309,,
ESTAT:TEC00113(1.0),07/01/26 23:00:00,Annuel,"Standard de pouvoir d'achat (SPA, UE27 à partir de 2020) par habitant",Payé,"Revenu disponible ajusté, brut",Ménages; institutions sans but lucratif au service des ménages,Roumanie,2020,15976,,
ESTAT:TEC00113(1.0),07/01/26 23:00:00,Annuel,"Standard de pouvoir d'achat (SPA, UE27 à partir de 2020) par habitant",Payé,"Revenu disponible ajusté, brut",Ménages; institutions sans but lucratif au service des ménages,Roumanie,2021,17022,,
ESTAT:TEC00113(1.0),07/01/26 23:00:00,Annuel,"Standard de pouvoir d'achat (SPA, UE27 à partir de 2020) par habitant",Payé,"Revenu disponible ajusté, brut",Ménages; institutions sans but lucratif au service des ménages,Roumanie,2022,18121,,
ESTAT:TEC00113(1.0),07/01/26 23:00:00,Annuel,"Standard de pouvoir d'achat (SPA, UE27 à partir de 2020) par habitant",Payé,"Revenu disponible ajusté, brut",Ménages; institutions sans but lucratif au service des ménages,Roumanie,2023,20076,,
ESTAT:TEC00113(1.0),07/01/26 23:00:00,Annuel,"Standard de pouvoir d'achat (SPA, UE27 à partir de 2020) par habitant",Payé,"Revenu disponible ajusté, brut",Ménages; institutions sans but lucratif au service des ménages,Roumanie,2024,21793,p,
ESTAT:TEC00113(1.0),07/01/26 23:00:00,Annuel,"Standard de pouvoir d'achat (SPA, UE27 à partir de 2020) par habitant",Payé,"Revenu disponible ajusté, brut",Ménages; institutions sans but lucratif au service des ménages,Serbie,2013,8932,,
ESTAT:TEC00113(1.0),07/01/26 23:00:00,Annuel,"Standard de pouvoir d'achat (SPA, UE27 à partir de 2020) par habitant",Payé,"Revenu disponible ajusté, brut",Ménages; institutions sans but lucratif au service des ménages,Serbie,2014,9021,,
ESTAT:TEC00113(1.0),07/01/26 23:00:00,Annuel,"Standard de pouvoir d'achat (SPA, UE27 à partir de 2020) par habitant",Payé,"Revenu disponible ajusté, brut",Ménages; institutions sans but lucratif au service des ménages,Serbie,2015,9195,,
ESTAT:TEC00113(1.0),07/01/26 23:00:00,Annuel,"Standard de pouvoir d'achat (SPA, UE27 à partir de 2020) par habitant",Payé,"Revenu disponible ajusté, brut",Ménages; institutions sans but lucratif au service des ménages,Serbie,2016,9154,,
ESTAT:TEC00113(1.0),07/01/26 23:00:00,Annuel,"Standard de pouvoir d'achat (SPA, UE27 à partir de 2020) par habitant",Payé,"Revenu disponible ajusté, brut",Ménages; institutions sans but lucratif au service des ménages,Serbie,2017,9162,,
ESTAT:TEC00113(1.0),07/01/26 23:00:00,Annuel,"Standard de pouvoir d'achat (SPA, UE27 à partir de 2020) par habitant",Payé,"Revenu disponible ajusté, brut",Ménages; institutions sans but lucratif au service des ménages,Serbie,2018,10091,,
ESTAT:TEC00113(1.0),07/01/26 23:00:00,Annuel,"Standard de pouvoir d'achat (SPA, UE27 à partir de 2020) par habitant",Payé,"Revenu disponible ajusté, brut",Ménages; institutions sans but lucratif au service des ménages,Serbie,2019,10579,,
ESTAT:TEC00113(1.0),07/01/26 23:00:00,Annuel,"Standard de pouvoir d'achat (SPA, UE27 à partir de 2020) par habitant",Payé,"Revenu disponible ajusté, brut",Ménages; institutions sans but lucratif au service des ménages,Serbie,2020,11118,,
ESTAT:TEC00113(1.0),07/01/26 23:00:00,Annuel,"Standard de pouvoir d'achat (SPA, UE27 à partir de 2020) par habitant",Payé,"Revenu disponible ajusté, brut",Ménages; institutions sans but lucratif au service des ménages,Serbie,2021,12179,,
ESTAT:TEC00113(1.0),07/01/26 23:00:00,Annuel,"Standard de pouvoir d'achat (SPA, UE27 à partir de 2020) par habitant",Payé,"Revenu disponible ajusté, brut",Ménages; institutions sans but lucratif au service des ménages,Serbie,2022,13311,p,
ESTAT:TEC00113(1.0),07/01/26 23:00:00,Annuel,"Standard de pouvoir d'achat (SPA, UE27 à partir de 2020) par habitant",Payé,"Revenu disponible ajusté, brut",Ménages; institutions sans but lucratif au service des ménages,Suède,2013,22711,,
ESTAT:TEC00113(1.0),07/01/26 23:00:00,Annuel,"Standard de pouvoir d'achat (SPA, UE27 à partir de 2020) par habitant",Payé,"Revenu disponible ajusté, brut",Ménages; institutions sans but lucratif au service des ménages,Suède,2014,22993,,
ESTAT:TEC00113(1.0),07/01/26 23:00:00,Annuel,"Standard de pouvoir d'achat (SPA, UE27 à partir de 2020) par habitant",Payé,"Revenu disponible ajusté, brut",Ménages; institutions sans but lucratif au service des ménages,Suède,2015,23406,,
ESTAT:TEC00113(1.0),07/01/26 23:00:00,Annuel,"Standard de pouvoir d'achat (SPA, UE27 à partir de 2020) par habitant",Payé,"Revenu disponible ajusté, brut",Ménages; institutions sans but lucratif au service des ménages,Suède,2016,23449,,
ESTAT:TEC00113(1.0),07/01/26 23:00:00,Annuel,"Standard de pouvoir d'achat (SPA, UE27 à partir de 2020) par habitant",Payé,"Revenu disponible ajusté, brut",Ménages; institutions sans but lucratif au service des ménages,Suède,2017,23685,,
ESTAT:TEC00113(1.0),07/01/26 23:00:00,Annuel,"Standard de pouvoir d'achat (SPA, UE27 à partir de 2020) par habitant",Payé,"Revenu disponible ajusté, brut",Ménages; institutions sans but lucratif au service des ménages,Suède,2018,23965,,
ESTAT:TEC00113(1.0),07/01/26 23:00:00,Annuel,"Standard de pouvoir d'achat (SPA, UE27 à partir de 2020) par habitant",Payé,"Revenu disponible ajusté, brut",Ménages; institutions sans but lucratif au service des ménages,Suède,2019,24376,,
ESTAT:TEC00113(1.0),07/01/26 23:00:00,Annuel,"Standard de pouvoir d'achat (SPA, UE27 à partir de 2020) par habitant",Payé,"Revenu disponible ajusté, brut",Ménages; institutions sans but lucratif au service des ménages,Suède,2020,24237,,
ESTAT:TEC00113(1.0),07/01/26 23:00:00,Annuel,"Standard de pouvoir d'achat (SPA, UE27 à partir de 2020) par habitant",Payé,"Revenu disponible ajusté, brut",Ménages; institutions sans but lucratif au service des ménages,Suède,2021,25914,,
ESTAT:TEC00113(1.0),07/01/26 23:00:00,Annuel,"Standard de pouvoir d'achat (SPA, UE27 à partir de 2020) par habitant",Payé,"Revenu disponible ajusté, brut",Ménages; institutions sans but lucratif au service des ménages,Suède,2022,27480,,
ESTAT:TEC00113(1.0),07/01/26 23:00:00,Annuel,"Standard de pouvoir d'achat (SPA, UE27 à partir de 2020) par habitant",Payé,"Revenu disponible ajusté, brut",Ménages; institutions sans but lucratif au service des ménages,Suède,2023,28667,,
ESTAT:TEC00113(1.0),07/01/26 23:00:00,Annuel,"Standard de pouvoir d'achat (SPA, UE27 à partir de 2020) par habitant",Payé,"Revenu disponible ajusté, brut",Ménages; institutions sans but lucratif au service des ménages,Suède,2024,29539,,
ESTAT:TEC00113(1.0),07/01/26 23:00:00,Annuel,"Standard de pouvoir d'achat (SPA, UE27 à partir de 2020) par habitant",Payé,"Revenu disponible ajusté, brut",Ménages; institutions sans but lucratif au service des ménages,Slovénie,2013,15428,,
ESTAT:TEC00113(1.0),07/01/26 23:00:00,Annuel,"Standard de pouvoir d'achat (SPA, UE27 à partir de 2020) par habitant",Payé,"Revenu disponible ajusté, brut",Ménages; institutions sans but lucratif au service des ménages,Slovénie,2014,15453,,
ESTAT:TEC00113(1.0),07/01/26 23:00:00,Annuel,"Standard de pouvoir d'achat (SPA, UE27 à partir de 2020) par habitant",Payé,"Revenu disponible ajusté, brut",Ménages; institutions sans but lucratif au service des ménages,Slovénie,2015,15745,,
ESTAT:TEC00113(1.0),07/01/26 23:00:00,Annuel,"Standard de pouvoir d'achat (SPA, UE27 à partir de 2020) par habitant",Payé,"Revenu disponible ajusté, brut",Ménages; institutions sans but lucratif au service des ménages,Slovénie,2016,16273,,
ESTAT:TEC00113(1.0),07/01/26 23:00:00,Annuel,"Standard de pouvoir d'achat (SPA, UE27 à partir de 2020) par habitant",Payé,"Revenu disponible ajusté, brut",Ménages; institutions sans but lucratif au service des ménages,Slovénie,2017,17091,,
ESTAT:TEC00113(1.0),07/01/26 23:00:00,Annuel,"Standard de pouvoir d'achat (SPA, UE27 à partir de 2020) par habitant",Payé,"Revenu disponible ajusté, brut",Ménages; institutions sans but lucratif au service des ménages,Slovénie,2018,17920,,
ESTAT:TEC00113(1.0),07/01/26 23:00:00,Annuel,"Standard de pouvoir d'achat (SPA, UE27 à partir de 2020) par habitant",Payé,"Revenu disponible ajusté, brut",Ménages; institutions sans but lucratif au service des ménages,Slovénie,2019,18898,,
ESTAT:TEC00113(1.0),07/01/26 23:00:00,Annuel,"Standard de pouvoir d'achat (SPA, UE27 à partir de 2020) par habitant",Payé,"Revenu disponible ajusté, brut",Ménages; institutions sans but lucratif au service des ménages,Slovénie,2020,19805,,
ESTAT:TEC00113(1.0),07/01/26 23:00:00,Annuel,"Standard de pouvoir d'achat (SPA, UE27 à partir de 2020) par habitant",Payé,"Revenu disponible ajusté, brut",Ménages; institutions sans but lucratif au service des ménages,Slovénie,2021,21183,,
ESTAT:TEC00113(1.0),07/01/26 23:00:00,Annuel,"Standard de pouvoir d'achat (SPA, UE27 à partir de 2020) par habitant",Payé,"Revenu disponible ajusté, brut",Ménages; institutions sans but lucratif au service des ménages,Slovénie,2022,22862,,
ESTAT:TEC00113(1.0),07/01/26 23:00:00,Annuel,"Standard de pouvoir d'achat (SPA, UE27 à partir de 2020) par habitant",Payé,"Revenu disponible ajusté, brut",Ménages; institutions sans but lucratif au service des ménages,Slovénie,2023,24075,,
ESTAT:TEC00113(1.0),07/01/26 23:00:00,Annuel,"Standard de pouvoir d'achat (SPA, UE27 à partir de 2020) par habitant",Payé,"Revenu disponible ajusté, brut",Ménages; institutions sans but lucratif au service des ménages,Slovénie,2024,25163,,
ESTAT:TEC00113(1.0),07/01/26 23:00:00,Annuel,"Standard de pouvoir d'achat (SPA, UE27 à partir de 2020) par habitant",Payé,"Revenu disponible ajusté, brut",Ménages; institutions sans but lucratif au service des ménages,Slovaquie,2013,14113,,
ESTAT:TEC00113(1.0),07/01/26 23:00:00,Annuel,"Standard de pouvoir d'achat (SPA, UE27 à partir de 2020) par habitant",Payé,"Revenu disponible ajusté, brut",Ménages; institutions sans but lucratif au service des ménages,Slovaquie,2014,14288,,
ESTAT:TEC00113(1.0),07/01/26 23:00:00,Annuel,"Standard de pouvoir d'achat (SPA, UE27 à partir de 2020) par habitant",Payé,"Revenu disponible ajusté, brut",Ménages; institutions sans but lucratif au service des ménages,Slovaquie,2015,14957,,
ESTAT:TEC00113(1.0),07/01/26 23:00:00,Annuel,"Standard de pouvoir d'achat (SPA, UE27 à partir de 2020) par habitant",Payé,"Revenu disponible ajusté, brut",Ménages; institutions sans but lucratif au service des ménages,Slovaquie,2016,14076,,
ESTAT:TEC00113(1.0),07/01/26 23:00:00,Annuel,"Standard de pouvoir d'achat (SPA, UE27 à partir de 2020) par habitant",Payé,"Revenu disponible ajusté, brut",Ménages; institutions sans but lucratif au service des ménages,Slovaquie,2017,14054,,
ESTAT:TEC00113(1.0),07/01/26 23:00:00,Annuel,"Standard de pouvoir d'achat (SPA, UE27 à partir de 2020) par habitant",Payé,"Revenu disponible ajusté, brut",Ménages; institutions sans but lucratif au service des ménages,Slovaquie,2018,14747,,
ESTAT:TEC00113(1.0),07/01/26 23:00:00,Annuel,"Standard de pouvoir d'achat (SPA, UE27 à partir de 2020) par habitant",Payé,"Revenu disponible ajusté, brut",Ménages; institutions sans but lucratif au service des ménages,Slovaquie,2019,15465,,
ESTAT:TEC00113(1.0),07/01/26 23:00:00,Annuel,"Standard de pouvoir d'achat (SPA, UE27 à partir de 2020) par habitant",Payé,"Revenu disponible ajusté, brut",Ménages; institutions sans but lucratif au service des ménages,Slovaquie,2020,16584,,
ESTAT:TEC00113(1.0),07/01/26 23:00:00,Annuel,"Standard de pouvoir d'achat (SPA, UE27 à partir de 2020) par habitant",Payé,"Revenu disponible ajusté, brut",Ménages; institutions sans but lucratif au service des ménages,Slovaquie,2021,17833,b,
ESTAT:TEC00113(1.0),07/01/26 23:00:00,Annuel,"Standard de pouvoir d'achat (SPA, UE27 à partir de 2020) par habitant",Payé,"Revenu disponible ajusté, brut",Ménages; institutions sans but lucratif au service des ménages,Slovaquie,2022,18783,,
ESTAT:TEC00113(1.0),07/01/26 23:00:00,Annuel,"Standard de pouvoir d'achat (SPA, UE27 à partir de 2020) par habitant",Payé,"Revenu disponible ajusté, brut",Ménages; institutions sans but lucratif au service des ménages,Slovaquie,2023,20223,,
ESTAT:TEC00113(1.0),07/01/26 23:00:00,Annuel,"Standard de pouvoir d'achat (SPA, UE27 à partir de 2020) par habitant",Payé,"Revenu disponible ajusté, brut",Ménages; institutions sans but lucratif au service des ménages,Slovaquie,2024,21532,,
ESTAT:TEC00113(1.0),07/01/26 23:00:00,Annuel,"Standard de pouvoir d'achat (SPA, UE27 à partir de 2020) par habitant",Payé,"Revenu disponible ajusté, brut",Ménages; institutions sans but lucratif au service des ménages,Turquie,2013,12496,p,
ESTAT:TEC00113(1.0),07/01/26 23:00:00,Annuel,"Standard de pouvoir d'achat (SPA, UE27 à partir de 2020) par habitant",Payé,"Revenu disponible ajusté, brut",Ménages; institutions sans but lucratif au service des ménages,Turquie,2014,13342,p,
ESTAT:TEC00113(1.0),07/01/26 23:00:00,Annuel,"Standard de pouvoir d'achat (SPA, UE27 à partir de 2020) par habitant",Payé,"Revenu disponible ajusté, brut",Ménages; institutions sans but lucratif au service des ménages,Turquie,2015,14440,p,
ESTAT:TEC00113(1.0),07/01/26 23:00:00,Annuel,"Standard de pouvoir d'achat (SPA, UE27 à partir de 2020) par habitant",Payé,"Revenu disponible ajusté, brut",Ménages; institutions sans but lucratif au service des ménages,Turquie,2016,14609,p,
ESTAT:TEC00113(1.0),07/01/26 23:00:00,Annuel,"Standard de pouvoir d'achat (SPA, UE27 à partir de 2020) par habitant",Payé,"Revenu disponible ajusté, brut",Ménages; institutions sans but lucratif au service des ménages,Turquie,2017,15454,p,
ESTAT:TEC00113(1.0),07/01/26 23:00:00,Annuel,"Standard de pouvoir d'achat (SPA, UE27 à partir de 2020) par habitant",Payé,"Revenu disponible ajusté, brut",Ménages; institutions sans but lucratif au service des ménages,Turquie,2018,15190,p,
ESTAT:TEC00113(1.0),07/01/26 23:00:00,Annuel,"Standard de pouvoir d'achat (SPA, UE27 à partir de 2020) par habitant",Payé,"Revenu disponible ajusté, brut",Ménages; institutions sans but lucratif au service des ménages,Turquie,2019,14712,p,
ESTAT:TEC00113(1.0),07/01/26 23:00:00,Annuel,"Standard de pouvoir d'achat (SPA, UE27 à partir de 2020) par habitant",Payé,"Revenu disponible ajusté, brut",Ménages; institutions sans but lucratif au service des ménages,Turquie,2020,14128,p,
ESTAT:TEC00113(1.0),07/01/26 23:00:00,Annuel,"Standard de pouvoir d'achat (SPA, UE27 à partir de 2020) par habitant",Payé,"Revenu disponible ajusté, brut",Ménages; institutions sans but lucratif au service des ménages,Turquie,2021,15457,p,
ESTAT:TEC00113(1.0),07/01/26 23:00:00,Annuel,"Standard de pouvoir d'achat (SPA, UE27 à partir de 2020) par habitant",Payé,"Revenu disponible ajusté, brut",Ménages; institutions sans but lucratif au service des ménages,Turquie,2022,19118,p,
ESTAT:TEC00113(1.0),07/01/26 23:00:00,Annuel,"Standard de pouvoir d'achat (SPA, UE27 à partir de 2020) par habitant",Payé,"Revenu disponible ajusté, brut",Ménages; institutions sans but lucratif au service des ménages,Turquie,2023,23155,p,
ESTAT:TEC00113(1.0),07/01/26 23:00:00,Annuel,"Standard de pouvoir d'achat (SPA, UE27 à partir de 2020) par habitant",Payé,"Revenu disponible ajusté, brut",Ménages; institutions sans but lucratif au service des ménages,United Kingdom,2013,21879,,
ESTAT:TEC00113(1.0),07/01/26 23:00:00,Annuel,"Standard de pouvoir d'achat (SPA, UE27 à partir de 2020) par habitant",Payé,"Revenu disponible ajusté, brut",Ménages; institutions sans but lucratif au service des ménages,United Kingdom,2014,22165,,
ESTAT:TEC00113(1.0),07/01/26 23:00:00,Annuel,"Standard de pouvoir d'achat (SPA, UE27 à partir de 2020) par habitant",Payé,"Revenu disponible ajusté, brut",Ménages; institutions sans but lucratif au service des ménages,United Kingdom,2015,23091,,
ESTAT:TEC00113(1.0),07/01/26 23:00:00,Annuel,"Standard de pouvoir d'achat (SPA, UE27 à partir de 2020) par habitant",Payé,"Revenu disponible ajusté, brut",Ménages; institutions sans but lucratif au service des ménages,United Kingdom,2016,22874,,
ESTAT:TEC00113(1.0),07/01/26 23:00:00,Annuel,"Standard de pouvoir d'achat (SPA, UE27 à partir de 2020) par habitant",Payé,"Revenu disponible ajusté, brut",Ménages; institutions sans but lucratif au service des ménages,United Kingdom,2017,23157,,
ESTAT:TEC00113(1.0),07/01/26 23:00:00,Annuel,"Standard de pouvoir d'achat (SPA, UE27 à partir de 2020) par habitant",Payé,"Revenu disponible ajusté, brut",Ménages; institutions sans but lucratif au service des ménages,United Kingdom,2018,23669,,
ESTAT:TEC00113(1.0),07/01/26 23:00:00,Annuel,"Standard de pouvoir d'achat (SPA, UE27 à partir de 2020) par habitant",Payé,"Revenu disponible ajusté, brut",Ménages; institutions sans but lucratif au service des ménages,United Kingdom,2019,24508,,
